strategy,family,decision_month,decision_date,selected_tickers,score_col,avg_score,portfolio_future_return_1m,portfolio_future_max_return_1_3m,accel_lookback_months,accel_method,accel_feature,filter_top_n,combined_accel_weight,top1_ticker,top1_score,top1_future_return_1m,top1_future_max_return_1_3m,top2_ticker,top2_score,top2_future_return_1m,top2_future_max_return_1_3m,top3_ticker,top3_score,top3_future_return_1m,top3_future_max_return_1_3m
A_momentum_6m_top3,A_original_6m_momentum,2016-01,2016-01-04,"AMZN,NVDA,TYL",momentum_6m,0.07434270120355968,-0.0816539276677063,0.0026376985813998757,,none,none,,,AMZN,0.08373379213202486,-0.09761538157961003,-0.060424853747184426,NVDA,0.07118792259790076,-0.09484083753346129,0.12084351338143162,TYL,0.06810638888075343,-0.05250556389004757,-0.05250556389004757
A_momentum_6m_top3,A_original_6m_momentum,2016-02,2016-02-01,"NVDA,FSLR,AMZN",momentum_6m,0.07614966407204492,0.04252916600486437,0.14212988403214258,,none,none,,,NVDA,0.08399928488415835,0.12181975252068455,0.23828334270754992,FSLR,0.07354385151206254,-0.0015912138683923382,-0.0015912138683923382,AMZN,0.07090585581991386,0.00735895936230091,0.18969752325727018
A_momentum_6m_top3,A_original_6m_momentum,2016-03,2016-03-01,"FSLR,NVDA,HRL",momentum_6m,0.07141019326803741,0.034064317837387094,0.14380040916296247,,none,none,,,FSLR,0.08807112874046558,-0.022312277036129258,-0.022312277036129258,NVDA,0.06909125660042152,0.10381666923333821,0.43302494321006435,HRL,0.05706819446322512,0.020688561314952336,0.020688561314952336
A_momentum_6m_top3,A_original_6m_momentum,2016-04,2016-04-01,"TSN,NEM,NVDA",momentum_6m,0.08020922415452786,0.08833478468464717,0.26462116393381846,,none,none,,,TSN,0.08268144842470564,-0.020854374912084195,-0.020854374912084195,NEM,0.07972889781864347,0.29000800387293624,0.5164724395943971,NVDA,0.07821732622023447,-0.004149274906910527,0.29824542711914237
A_momentum_6m_top3,A_original_6m_momentum,2016-05,2016-05-02,"LEU,AMD,NEM",momentum_6m,0.1557494498159901,0.03013594845344632,0.38204787744727176,,none,none,,,LEU,0.2706168488727846,-0.04516124864274451,0.08387096724574694,AMD,0.10004906187348839,0.18449192969048878,0.7754010292925273,NEM,0.09658243870169729,-0.0489228356874053,0.286871635803541
A_momentum_6m_top3,A_original_6m_momentum,2016-06,2016-06-01,"LEU,AMD,NEM",momentum_6m,0.14497847308736939,0.17187571826198678,0.39821406957207955,,none,none,,,LEU,0.21935822748377273,0.13513508506549265,0.18243241719384562,AMD,0.11053807748574569,0.14446960905702166,0.659142254953321,NEM,0.10503911429258972,0.236022460663446,0.3530675365690721
A_momentum_6m_top3,A_original_6m_momentum,2016-07,2016-07-01,"LEU,AMD,NEM",momentum_6m,0.1717255251185532,0.11593733308996756,0.2320615776185674,,none,none,,,LEU,0.27789196079353357,-0.05654756688510587,0.1517857161863727,AMD,0.12987121850496364,0.3096646236029119,0.4497040741172329,NEM,0.1074133960571624,0.09469494255209665,0.09469494255209665
A_momentum_6m_top3,A_original_6m_momentum,2016-08,2016-08-01,"LEU,NEM,FCX",momentum_6m,0.20589130210067533,-0.05789426013036014,0.011843408378509132,,none,none,,,LEU,0.3285269224630731,0.10410091979930125,0.24921133843524013,NEM,0.14608145218979982,-0.10711048430055903,-0.10711048430055903,FCX,0.14306553164915317,-0.17067321588982265,-0.1065706289991537
A_momentum_6m_top3,A_original_6m_momentum,2016-09,2016-09-01,"LEU,AMD,FCX",momentum_6m,0.24830103272811033,0.028047564545156112,0.4464617213994066,,none,none,,,LEU,0.3263486979081715,0.10571425301688064,0.7457143238612585,AMD,0.21283960076224898,-0.05442178238877515,0.14149666016113716,FCX,0.20571479951391047,0.032850223007362844,0.4521741801758241
A_momentum_6m_top3,A_original_6m_momentum,2016-10,2016-10-03,"LEU,AMD,DVN",momentum_6m,0.24025595887642023,-0.03462845219429952,0.5628079906576954,,none,none,,,LEU,0.33359785114149654,0.023255854069589743,0.9612404075023369,AMD,0.22754562554481106,0.020143934843871225,0.6446044055912483,DVN,0.15962439994295313,-0.14728514549635952,0.08257915887950085
A_momentum_6m_top3,A_original_6m_momentum,2016-11,2016-11-01,"AMD,WMB,NVDA",momentum_6m,0.13974844314870905,0.16841178083320787,0.48730897317615574,,none,none,,,AMD,0.1687811513359642,0.18335686357642111,0.7009873286412738,WMB,0.1319203103304971,0.05075258563827578,0.1082158450850983,NVDA,0.11854386777966587,0.27112589328492676,0.6527237458020951
A_momentum_6m_top3,A_original_6m_momentum,2016-12,2016-12-01,"NVDA,AMD,DHR",momentum_6m,0.11486800040685687,0.18359279719981,0.40601057167018256,,none,none,,,NVDA,0.12069635754468923,0.16396626264570147,0.30020460957727657,AMD,0.11854600559066279,0.36233609504824793,0.7830750209745823,DHR,0.1053616380852186,0.024476033905480588,0.13475208445868891
A_momentum_6m_top3,A_original_6m_momentum,2017-01,2017-01-03,"LEU,AMD,NVDA",momentum_6m,0.12535434523283376,-0.025615711100874423,0.06949723238526988,,none,none,,,LEU,0.1424313094746763,-0.24901189793498735,-0.21739131254231225,AMD,0.11835682790498485,0.055118118776920744,0.30883636384267854,NVDA,0.11527489831884007,0.11704664585544333,0.11704664585544333
A_momentum_6m_top3,A_original_6m_momentum,2017-02,2017-02-01,"LEU,AMD,NVDA",momentum_6m,0.15269480402720245,0.06192358095251967,0.07829634946061237,,none,none,,,LEU,0.1602797714763862,0.04210530806776713,0.04210530806776713,AMD,0.15466790890352256,0.24046430494423188,0.24046430494423188,NVDA,0.1431367317016986,-0.09679887015444,-0.047680564630161903
A_momentum_6m_top3,A_original_6m_momentum,2017-03,2017-03-01,"TPL,LEU,NVDA",momentum_6m,0.1286519046625867,-0.00465111158697773,0.1439725936266362,,none,none,,,TPL,0.13107822101422575,-0.0498172608175137,0.04454069992128051,LEU,0.12820238296807263,-0.018518540817300533,-0.018518540817300533,NVDA,0.12667511000546175,0.05438246687388104,0.40589562177592864
A_momentum_6m_top3,A_original_6m_momentum,2017-04,2017-04-03,"AMD,LEU,CSX",momentum_6m,0.11916083395662279,-0.03777356270199287,-0.01435646385382261,,none,none,,,AMD,0.13449958913348628,-0.06967216078166893,-0.06967216078166893,LEU,0.11786978101281693,-0.14922811268341052,-0.14922811268341052,CSX,0.10511313172356514,0.10557958535910084,0.17583088190361162
A_momentum_6m_top3,A_original_6m_momentum,2017-05,2017-05-01,"AMD,LEU,NRG",momentum_6m,0.1107795460415439,-0.07075534152783518,0.15324947307921508,,none,none,,,AMD,0.14000482721868943,-0.19750364192259917,0.006607940774163712,LEU,0.09716431537378674,-0.020161270940217135,-0.020161270940217135,NRG,0.09516949553215553,0.005398888279310787,0.4733017494036986
A_momentum_6m_top3,A_original_6m_momentum,2017-06,2017-06-01,"AMD,SHOP,PLUG",momentum_6m,0.11600053174153789,0.04471553347362626,0.22757036949446707,,none,none,,,AMD,0.12503547794776607,0.11161933021875359,0.2543458056130845,SHOP,0.11491926365690068,-0.07962323331932353,0.18642985931466516,PLUG,0.10804685361994693,0.10215050352144872,0.24193544355565155
A_momentum_6m_top3,A_original_6m_momentum,2017-07,2017-07-03,"SHOP,TSLA,MELI",momentum_6m,0.12559933495417083,0.08963039162351653,0.1813300918708413,,none,none,,,SHOP,0.15435959308490677,0.2102325035701793,0.3837208244979846,TSLA,0.11242414494993591,-0.0937269421195781,0.00788383769459089,MELI,0.11001426682766983,0.15238561341994838,0.15238561341994838
A_momentum_6m_top3,A_original_6m_momentum,2017-08,2017-08-01,"PLUG,SHOP,VRTX",momentum_6m,0.11776569521606484,0.02406737592072165,0.14104611480373683,,none,none,,,PLUG,0.12981833454305317,-0.051948003693320643,0.22077922211963008,SHOP,0.1278548698182736,0.06514224160561843,0.14335123244171322,VRTX,0.09562388128686772,0.05900788984986716,0.05900788984986716
A_momentum_6m_top3,A_original_6m_momentum,2017-09,2017-09-01,"PLUG,SHOP,XYZ",momentum_6m,0.14060728247196902,0.15418991085301847,0.27835514675027895,,none,none,,,PLUG,0.17712735159610982,0.25570772974786626,0.2876711687496176,SHOP,0.13031539059420352,0.07342586537381224,0.07342586537381224,XYZ,0.11437910522559376,0.13343613743737692,0.473968406127407
A_momentum_6m_top3,A_original_6m_momentum,2017-10,2017-10-02,"PLUG,SEDG,SHOP",momentum_6m,0.12963090978022943,-0.007844486200205688,0.07846778473748899,,none,none,,,PLUG,0.16029940450007438,0.02545452117919922,0.02545452117919922,SEDG,0.11496534281270802,0.142608642578125,0.32347823433254086,SHOP,0.11362798202790586,-0.19159662235794128,-0.11352940129927314
A_momentum_6m_top3,A_original_6m_momentum,2017-11,2017-11-01,"PLUG,CVNA,FSLR",momentum_6m,0.12979103019553498,0.0741516852995346,0.14697366710478144,,none,none,,,PLUG,0.16397655139810816,-0.10992906032556649,-0.10992906032556649,CVNA,0.11646694152759472,0.27837257624799605,0.31977155382201494,FSLR,0.10892959766090204,0.05401153997617425,0.23107850781789585
A_momentum_6m_top3,A_original_6m_momentum,2017-12,2017-12-01,"SEDG,XYZ,NVDA",momentum_6m,0.12599074357582013,0.01606721184785313,0.28382224587090193,,none,none,,,SEDG,0.12920566716493143,0.09339080664515897,0.43103449220842593,XYZ,0.12447956517169141,-0.05363691748516641,0.2038199071697142,NVDA,0.12428699839083755,0.008447746383566823,0.21661233823456572
A_momentum_6m_top3,A_original_6m_momentum,2018-01,2018-01-02,"ENPH,CVNA,SEDG",momentum_6m,0.19429977775453036,-0.0750663343118219,0.4633936768177597,,none,none,,,ENPH,0.29789372498669664,-0.16538455542727826,0.7346155362721787,CVNA,0.172636054068276,0.00983069741472109,0.23375210235774646,SEDG,0.1123695542086185,-0.06964514492290852,0.421813391823354
A_momentum_6m_top3,A_original_6m_momentum,2018-02,2018-02-01,"ENPH,SEDG,FSLR",momentum_6m,0.16016403057714043,0.28376535537936903,0.5446095171798906,,none,none,,,ENPH,0.26355830839059907,0.5253455421220792,1.0783410462290313,SEDG,0.11302954366031903,0.40677957882726723,0.5282484785931911,FSLR,0.10390423968050315,-0.08082905481123936,0.027239026717449377
A_momentum_6m_top3,A_original_6m_momentum,2018-03,2018-03-01,"ENPH,ANET,XYZ",momentum_6m,0.14077643689201078,0.11994251969243848,0.34767904836520175,,none,none,,,ENPH,0.2166143781112797,0.3625378570534372,0.7462236585281175,ANET,0.1115853109676586,-0.03900679970542087,0.0055724082210981685,XYZ,0.094129621597094,0.0362965017292991,0.2912410783463897
A_momentum_6m_top3,A_original_6m_momentum,2018-04,2018-04-02,"ENPH,SEDG,AXON",momentum_6m,0.17446766991828885,-0.025670184382125094,0.4160803957539186,,none,none,,,ENPH,0.30069973912846754,-0.09977832888355831,0.5831484488096834,SEDG,0.11621824241971845,-0.028650633655784463,0.011090615632926015,AXON,0.1064850282066805,0.05141840939296749,0.6540021228191464
A_momentum_6m_top3,A_original_6m_momentum,2018-05,2018-05-01,"ENPH,SEDG,AXON",momentum_6m,0.16424733029833363,0.3458912955202958,0.4924357924265019,,none,none,,,ENPH,0.26758531026802385,0.42364539193842177,0.7586206815553396,SEDG,0.11980666787205796,0.04091344542518338,0.07040914969852285,AXON,0.10535001275491905,0.5731150491972823,0.6482775460256431
A_momentum_6m_top3,A_original_6m_momentum,2018-06,2018-06-01,"ENPH,CVNA,AXON",momentum_6m,0.1660986677513476,0.24533096440527516,0.565306087871005,,none,none,,,ENPH,0.2651168085763809,0.2352940497077145,0.2352940497077145,CVNA,0.12013243436592454,0.5140220089893202,1.390486480557417,AXON,0.11304676031173734,-0.013323165481209154,0.07013773334788342
A_momentum_6m_top3,A_original_6m_momentum,2018-07,2018-07-02,"AXON,ENPH,TKO",momentum_6m,0.16503140675708786,-0.03914949987677052,0.04307406283545919,,none,none,,,AXON,0.1980723846470586,0.06192763999488937,0.08458787711358084,ENPH,0.15715292809538697,-0.21708679872295789,-0.21708679872295789,TKO,0.139868907528818,0.03771065909775695,0.2617211101157546
A_momentum_6m_top3,A_original_6m_momentum,2018-08,2018-08-01,"ENPH,AXON,TKO",momentum_6m,0.18812010569427598,0.013266948341614645,0.04150245461242023,,none,none,,,ENPH,0.2136099927518027,-0.12522366135861906,-0.11270126963221272,AXON,0.1817587216261424,0.021338777017613664,0.021338777017613664,TKO,0.16899160270488292,0.14368572936584934,0.21586985645185974
A_momentum_6m_top3,A_original_6m_momentum,2018-09,2018-09-04,"ENPH,AXON,CVNA",momentum_6m,0.18904088519224252,-0.05858594651042237,-0.00268954609799558,,none,none,,,ENPH,0.20499295220252275,0.014314963920783352,0.18200416515806372,AXON,0.1965369887117637,-0.04350316306543145,-0.04350316306543145,CVNA,0.16559271466244116,-0.14656964038661902,-0.14656964038661902
A_momentum_6m_top3,A_original_6m_momentum,2018-10,2018-10-01,"CVNA,DXCM,AMD",momentum_6m,0.20773467101440182,-0.18910426803390223,-0.15063374997366288,,none,none,,,CVNA,0.24974914942403625,-0.22759701378977826,-0.22759701378977826,DXCM,0.1980040032403664,0.016745086064381187,0.02108089986814954,AMD,0.1754508603788029,-0.35646087637630963,-0.24538513599935996
A_momentum_6m_top3,A_original_6m_momentum,2018-11,2018-11-01,"AMD,CVNA,TKO",momentum_6m,0.20437177126069125,0.05464047864510457,0.10859473969724098,,none,none,,,AMD,0.22860137565358832,0.1726013793093042,0.21216622459002643,CVNA,0.19517624476797865,-0.03446730126074493,-0.03446730126074493,TKO,0.1893376933605068,0.02578735788675446,0.14808529576244145
A_momentum_6m_top3,A_original_6m_momentum,2018-12,2018-12-03,"MDB,AMD,TKO",momentum_6m,0.13864360808863604,-0.08507293545981671,0.14142038707931573,,none,none,,,MDB,0.14818820748532766,-0.059190470816579466,0.22570015942004384,AMD,0.14120941031312542,-0.2058203015268123,0.03374108710670898,TKO,0.126533206467455,0.009791965963941607,0.1648199147111944
A_momentum_6m_top3,A_original_6m_momentum,2019-01,2019-01-02,"AMD,CVNA,MDB",momentum_6m,0.11454526350562706,0.18478672675958965,0.69248526468836,,none,none,,,AMD,0.12100955828027125,0.3016463265103333,0.3998938245966537,CVNA,0.1117494799931808,0.0936143952789279,0.8270303547640296,MDB,0.11087675224342915,0.1590994584895078,0.8505316147043964
A_momentum_6m_top3,A_original_6m_momentum,2019-02,2019-02-01,"MDB,AMD,LLY",momentum_6m,0.0732229500554675,0.05388770591799393,0.25454993383835123,,none,none,,,MDB,0.08843644345372727,0.1239884074694464,0.596525303459235,AMD,0.0779098755140552,-0.033863725661169575,0.09383921728202571,LLY,0.05332253119862005,0.07153843594570497,0.07328528077379293
A_momentum_6m_top3,A_original_6m_momentum,2019-03,2019-03-01,"MDB,AMD,DXCM",momentum_6m,0.09445127687997901,0.11207360019835692,0.14269743000977517,,none,none,,,MDB,0.10142779676133397,0.42041082705973865,0.42041082705973865,AMD,0.09168470600719604,0.11317568710461567,0.16469592771406516,DXCM,0.09024132787140703,-0.19736571356928356,-0.15701446474447833
A_momentum_6m_top3,A_original_6m_momentum,2019-04,2019-04-01,"ENPH,ERIE,MDB",momentum_6m,0.08566440671620922,0.1182620636423068,0.4694181715157448,,none,none,,,ENPH,0.1258998473510857,0.4017277776896653,0.9762417694097951,ERIE,0.06927076602231107,0.049915473910719044,0.43390526818625563,MDB,0.0618226067752309,-0.09685706067346389,-0.0018925230488164857
A_momentum_6m_top3,A_original_6m_momentum,2019-05,2019-05-01,"ENPH,MDB,ZS",momentum_6m,0.11732854271264999,0.06615170509351538,0.570866896577622,,none,none,,,ENPH,0.12644442004386638,0.21032362035355612,1.3189523453776477,MDB,0.12010108253087183,-0.022900745924366084,0.10514895648241618,ZS,0.10544012556321175,0.011032240851356123,0.28849938787280216
A_momentum_6m_top3,A_original_6m_momentum,2019-06,2019-06-03,"ENPH,LEU,CVNA",momentum_6m,0.1407593947060077,0.09272240617476701,0.4231691933995417,,none,none,,,ENPH,0.19507916358187227,0.16486309310149871,0.9159771042890517,LEU,0.1273998373301023,-0.011695895017748925,-0.011695895017748925,CVNA,0.09979918320604857,0.12500002044055125,0.36522637092732246
A_momentum_6m_top3,A_original_6m_momentum,2019-07,2019-07-01,"ENPH,ZS,SHOP",momentum_6m,0.13287604599925928,0.29273514822877894,0.3392538874948044,,none,none,,,ENPH,0.2006015188603091,0.6448088325879386,0.6448088325879386,ZS,0.0998759993007823,0.11290956085320958,0.11290956085320958,SHOP,0.09815061983668642,0.12048705124518855,0.260043269043265
A_momentum_6m_top3,A_original_6m_momentum,2019-08,2019-08-01,"ENPH,LEU,SHOP",momentum_6m,0.18015147573376775,0.01812317615581016,0.3100552258506432,,none,none,,,ENPH,0.25287685854957975,-0.07973420558518562,-0.07973420558518562,LEU,0.14444624987918012,0.009554130696656893,0.8853502797811561,SHOP,0.14313131877254337,0.12454960335595922,0.12454960335595922
A_momentum_6m_top3,A_original_6m_momentum,2019-09,2019-09-03,"ENPH,SHOP,CVNA",momentum_6m,0.1762848274486409,-0.18612589778179187,-0.061998691879150636,,none,none,,,ENPH,0.2898842963843003,-0.21624554200305202,-0.2032491304349623,SHOP,0.12325367940277498,-0.18413165977243573,-0.1382355074587861,CVNA,0.11571650655884742,-0.15800049156988782,0.15548856225629648
A_momentum_6m_top3,A_original_6m_momentum,2019-10,2019-10-01,"ENPH,SHOP,CVNA",momentum_6m,0.1570271312861035,0.03756119319491935,0.3665315491354349,,none,none,,,ENPH,0.2265952530374901,-0.1326577283380186,0.3514510082855018,SHOP,0.12356330358486982,0.011301963024766826,0.3019921325067141,CVNA,0.12092283723595061,0.23403934489800982,0.44615150661408887
A_momentum_6m_top3,A_original_6m_momentum,2019-11,2019-11-01,"ENPH,SEDG,PODD",momentum_6m,0.14498822689996313,0.13206772785052648,0.43408210951501863,,none,none,,,ENPH,0.1876239293574035,0.17206584090524424,0.7482739406440804,SEDG,0.1413877403678735,-0.0176704072311874,0.22382491370044444,PODD,0.1059530109746124,0.24180774987752263,0.33014747420053103
A_momentum_6m_top3,A_original_6m_momentum,2019-12,2019-12-02,"LEU,SEDG,PODD",momentum_6m,0.1122298438707956,0.12613881403034524,0.3930793995425553,,none,none,,,LEU,0.11518821416945357,0.19926197573866644,0.5332103879413339,SEDG,0.11377086368377294,0.24583940330144038,0.5748898069722135,PODD,0.1077304537591603,-0.06668493694907107,0.07113800371411849
A_momentum_6m_top3,A_original_6m_momentum,2020-01,2020-01-02,"DXCM,TSLA,BLDR",momentum_6m,0.11420374072346877,0.287891770501628,0.3617970392375212,,none,none,,,DXCM,0.12286048342560472,0.08072746403911513,0.30244327024679474,TSLA,0.11627252063743833,0.8128573411078648,0.8128573411078648,BLDR,0.10347821810736325,-0.02990949364209594,-0.02990949364209594
A_momentum_6m_top3,A_original_6m_momentum,2020-02,2020-02-03,"LEU,ENPH,TSLA",momentum_6m,0.12507554223313497,0.2690331986799947,0.2690331986799947,,none,none,,,LEU,0.13675719107667622,0.2923795709904131,0.2923795709904131,ENPH,0.11960727615611401,0.5613610080442375,0.5613610080442375,TSLA,0.1188621594666147,-0.04664098299466646,-0.04664098299466646
A_momentum_6m_top3,A_original_6m_momentum,2020-03,2020-03-02,"TSLA,LEU,PLUG",momentum_6m,0.17005722943489363,-0.3257039412602412,0.09762719014897987,,none,none,,,TSLA,0.24943749949771674,-0.35241120487373445,0.20774045142001563,LEU,0.14679663447642202,-0.38387489446176903,0.10348972481964225,PLUG,0.11393755433054205,-0.2408257244452202,-0.018348605792718242
A_momentum_6m_top3,A_original_6m_momentum,2020-04,2020-04-01,"TSLA,LEU,ENPH",momentum_6m,0.19374105424865198,0.4059162358486015,1.081908206652751,,none,none,,,TSLA,0.24796433939065818,0.45635015080435526,1.325006169890199,LEU,0.19393420785871474,0.3085937419964464,0.916015749782676,ENPH,0.139324615496583,0.4528048147450028,1.0047027002853781
A_momentum_6m_top3,A_original_6m_momentum,2020-05,2020-05-01,"TSLA,DXCM,ENPH",momentum_6m,0.128720613099256,0.256445308851233,0.6105999774570184,,none,none,,,TSLA,0.17465199497854375,0.28058520999750747,1.1174357512021218,DXCM,0.10628049330721441,0.10886631643652023,0.29910408673025923,ENPH,0.1052293510120098,0.3798844001196713,0.4152600944386742
A_momentum_6m_top3,A_original_6m_momentum,2020-06,2020-06-01,"TSLA,ENPH,DXCM",momentum_6m,0.1867706432217879,0.04183854631311686,0.7117260051325344,,none,none,,,TSLA,0.20397096137166337,0.246665160920994,1.6447501455040907,ENPH,0.20280644152584668,-0.17794904285487645,0.3188672701405213,DXCM,0.15353452676785365,0.056799520873233034,0.17156059975299076
A_momentum_6m_top3,A_original_6m_momentum,2020-07,2020-07-01,"TSLA,ENPH,SHOP",momentum_6m,0.21680599443778034,0.21310331362706325,0.6872381114091323,,none,none,,,TSLA,0.23926621782894184,0.3263310504364707,1.1214598983019939,ENPH,0.23744286806158454,0.24765587792658073,0.8245006039677982,SHOP,0.17370889742281456,0.06532301251813832,0.11575383195760458
A_momentum_6m_top3,A_original_6m_momentum,2020-08,2020-08-03,"PLUG,TSLA,SHOP",momentum_6m,0.2209273679443249,0.39646999765563656,0.4452327405562808,,none,none,,,PLUG,0.2380783436119515,0.5425764574038652,0.6888646861057979,TSLA,0.23290094582705345,0.5994950111466224,0.5994950111466224,SHOP,0.19180281439396984,0.04733852441642217,0.04733852441642217
A_momentum_6m_top3,A_original_6m_momentum,2020-09,2020-09-01,"EQT,LEU,PLUG",momentum_6m,0.2189085524370765,-0.1105727624842076,0.3526764662805375,,none,none,,,EQT,0.22692603248437657,-0.1871796046512999,-0.00833330606309124,LEU,0.2176507979022564,-0.135338391691059,0.33458640517587,PLUG,0.21214882692459647,-0.00920029111026388,0.7317762997288337
A_momentum_6m_top3,A_original_6m_momentum,2020-10,2020-10-01,"PLUG,TSLA,CVNA",momentum_6m,0.257067069921891,-0.0747657485163659,0.6603170836406892,,none,none,,,PLUG,0.28050030395879344,0.10500001907348633,1.2978570120675221,TSLA,0.2595025630720359,-0.106323718451248,0.6283692731663943,CVNA,0.23119834273484363,-0.22297354617133602,0.05472496568815122
A_momentum_6m_top3,A_original_6m_momentum,2020-11,2020-11-02,"PLUG,TSLA,CVNA",momentum_6m,0.3104872518495474,0.4663985952598257,1.550813973605461,,none,none,,,PLUG,0.31910454284795287,0.5817710983177786,3.1273430751132247,TSLA,0.30880366980539015,0.46003851290975684,1.0968516930661902,CVNA,0.3035535428952992,0.35738617455194155,0.4282471526369682
A_momentum_6m_top3,A_original_6m_momentum,2020-12,2020-12-01,"PLUG,TSLA,CVNA",momentum_6m,0.2344815885714443,0.1678268481517944,0.7625150816723986,,none,none,,,PLUG,0.3058895337378659,0.3146709878078564,1.6093175425336028,TSLA,0.21502469159612295,0.24798209714725927,0.4361619056796717,CVNA,0.18253054038034397,-0.05917254049973242,0.24206579680392082
A_momentum_6m_top3,A_original_6m_momentum,2021-01,2021-01-04,"PLUG,TSLA,MSTR",momentum_6m,0.2818453536739382,0.5426218883837878,0.6585462117696202,,none,none,,,PLUG,0.3875452556297824,0.9847684833180206,0.9847684833180206,TSLA,0.24493357541483118,0.15078726606941673,0.15078726606941673,MSTR,0.21305722997720103,0.4923099157639259,0.8400828859214236
A_momentum_6m_top3,A_original_6m_momentum,2021-02,2021-02-01,"MSTR,PLUG,TSLA",momentum_6m,0.25935186613216427,-0.029958718090893715,-0.029958718090893715,,none,none,,,MSTR,0.2716504097148065,0.23304339566722643,0.23304339566722643,PLUG,0.26125212389581104,-0.17838683886993179,-0.17838683886993179,TSLA,0.2451530647858754,-0.14453271106997578,-0.14453271106997578
A_momentum_6m_top3,A_original_6m_momentum,2021-03,2021-03-01,"PLUG,MSTR,TSLA",momentum_6m,0.3270793535250216,-0.169192001179622,-0.15845097600046457,,none,none,,,PLUG,0.41993112580179054,-0.32786887272421594,-0.32786887272421594,MSTR,0.3454111673819078,-0.10081284387317058,-0.10081284387317058,TSLA,0.2158957673913664,-0.07889428694147949,-0.04667121140400721
A_momentum_6m_top3,A_original_6m_momentum,2021-04,2021-04-01,"MSTR,PLUG,PLTR",momentum_6m,0.30779014744747496,-0.12489867234302258,-0.019562254336656815,,none,none,,,MSTR,0.35034155274657874,-0.09656606773890541,-0.07490482776389873,PLUG,0.2997705764228244,-0.24475324933570064,-0.05530337609379088,PLTR,0.2732583131730217,-0.033376699954461686,0.07152144084771916
A_momentum_6m_top3,A_original_6m_momentum,2021-05,2021-05-03,"MSTR,UUUU,PLTR",momentum_6m,0.2896723063899472,-0.013690862211296414,0.101899785696691,,none,none,,,MSTR,0.3333826238222173,-0.24835592382056437,0.023976562315733974,UUUU,0.2733630623190492,0.17320260826813838,0.17320260826813838,PLTR,0.262271233028575,0.03408072891853675,0.10852018650620066
A_momentum_6m_top3,A_original_6m_momentum,2021-06,2021-06-01,"UUUU,MSTR,TPL",momentum_6m,0.28162497483635457,0.09912786966109659,0.13515712674477376,,none,none,,,UUUU,0.3050427277633161,-0.14484679480746898,-0.14484679480746898,MSTR,0.2975850066159484,0.36231574859280347,0.470403519843835,TPL,0.24224719012979912,0.07991465519795526,0.07991465519795526
A_momentum_6m_top3,A_original_6m_momentum,2021-07,2021-07-01,"UUUU,TPL,DVN",momentum_6m,0.19919997987151125,-0.13173867008675733,0.09204677029568686,,none,none,,,UUUU,0.2729902942033447,-0.16123775124523232,0.11074923777889256,TPL,0.17768266135533706,-0.08477915176806738,-0.08477915176806738,DVN,0.146926984055852,-0.14919910724697227,0.2501702248762354
A_momentum_6m_top3,A_original_6m_momentum,2021-08,2021-08-02,"TPL,FANG,NUE",momentum_6m,0.134181909929464,0.008971139341052758,0.1725626894069968,,none,none,,,TPL,0.14925605896939478,-0.08384895949815152,-0.08384895949815152,FANG,0.13075223330167654,-0.028148096629166286,0.4626265535686658,NUE,0.12253743751732067,0.13891047415047608,0.13891047415047608
A_momentum_6m_top3,A_original_6m_momentum,2021-09,2021-09-01,"NUE,TPL,FTNT",momentum_6m,0.1255298585869132,-0.1076896337824323,-0.011582330389392418,,none,none,,,NUE,0.14297845610829255,-0.15675410124363143,-0.05684240572634447,TPL,0.11806652635576852,-0.13237305922557385,-0.02860640960094718,FTNT,0.11554459329667859,-0.03394174087809165,0.050701824159114395
A_momentum_6m_top3,A_original_6m_momentum,2021-10,2021-10-01,"NUE,BX,FTNT",momentum_6m,0.11097738903008302,0.13466015845357462,0.15969705566661788,,none,none,,,NUE,0.12363050680154554,0.11848465040225897,0.1626637829368971,BX,0.10772423069374244,0.19787837100269412,0.1985749972336983,FTNT,0.10157742959496104,0.08761745395577081,0.11785238682925825
A_momentum_6m_top3,A_original_6m_momentum,2021-11,2021-11-01,"LEU,DVN,DDOG",momentum_6m,0.09911221538854992,-0.04764031261581684,0.0533505099247098,,none,none,,,LEU,0.10977451873310345,-0.11147811866310575,-0.11147811866310575,DVN,0.0953913970256391,-0.027387140120650688,0.27558532750092923,DDOG,0.0921707304069072,-0.004055679063694084,-0.004055679063694084
A_momentum_6m_top3,A_original_6m_momentum,2021-12,2021-12-01,"LEU,DDOG,ENPH",momentum_6m,0.14372502660334888,-0.08192823809438003,-0.08192823809438003,,none,none,,,LEU,0.18173214101219384,-0.020260226171844198,-0.020260226171844198,DDOG,0.1292324878987914,-0.004254524727622333,-0.004254524727622333,ENPH,0.12021045089906142,-0.22126996338367355,-0.22126996338367355
A_momentum_6m_top3,A_original_6m_momentum,2022-01,2022-01-03,"LEU,NVDA,TSLA",momentum_6m,0.1386504955610441,-0.19504380189917395,-0.12943927121751106,,none,none,,,LEU,0.1772483089643846,-0.17928288611416876,-0.17928288611416876,NVDA,0.1238864082509335,-0.1820324619977225,-0.1130256570399355,TSLA,0.11481676946781426,-0.2238160575856306,-0.09600927049842889
A_momentum_6m_top3,A_original_6m_momentum,2022-02,2022-02-01,"LEU,BLDR,TSLA",momentum_6m,0.12810058166407576,-0.01160670723037116,0.06721925749625568,,none,none,,,LEU,0.1504077475311035,-0.005085469591808889,-0.005085469591808889,BLDR,0.11755971161569945,0.04208280516191132,0.04208280516191132,TSLA,0.11633428584542428,-0.07181745726121591,0.1646604369186646
A_momentum_6m_top3,A_original_6m_momentum,2022-03,2022-03-01,"DVN,LEU,FANG",momentum_6m,0.12672996979103338,-0.062086347381761,0.07453860605773947,,none,none,,,DVN,0.13966844403924947,0.03566388311783042,0.3124703300692069,LEU,0.13871726452209704,-0.2381505525549874,-0.2381505525549874,FANG,0.10180420081175366,0.01622762729187399,0.14929604065899893
A_momentum_6m_top3,A_original_6m_momentum,2022-04,2022-04-01,"DVN,OXY,CF",momentum_6m,0.12645308636785715,-0.02114697967686426,0.14851446444154123,,none,none,,,DVN,0.14290133813817707,-0.03313998125967499,0.2672744038520105,OXY,0.12012835651114916,0.0032695995057594462,0.2118395467492904,CF,0.11632956445424525,-0.03357055727667724,-0.03357055727667724
A_momentum_6m_top3,A_original_6m_momentum,2022-05,2022-05-02,"OXY,EQT,MOS",momentum_6m,0.11419980674548769,0.13912734305371052,0.13912734305371052,,none,none,,,OXY,0.12052367336190989,0.20789022945206215,0.20789022945206215,EQT,0.11335088228602587,0.2666893858823096,0.2666893858823096,MOS,0.10872486458852731,-0.05719758617324022,-0.05719758617324022
A_momentum_6m_top3,A_original_6m_momentum,2022-06,2022-06-01,"EQT,OXY,CF",momentum_6m,0.10882891592344557,-0.18635274171226926,-0.005688831235489207,,none,none,,,EQT,0.12917104109110053,-0.3118472504767288,-0.06676933087658621,OXY,0.1014859433764353,-0.1401015861667264,-0.026852132967281173,CF,0.0958297633028009,-0.10710938849335261,0.07655497013739976
A_momentum_6m_top3,A_original_6m_momentum,2022-07,2022-07-01,"EQT,OXY,VLO",momentum_6m,0.16112229521901955,0.11286203336468088,0.17901327357624694,,none,none,,,EQT,0.19188635014773703,0.23460724174779646,0.3561388365736011,OXY,0.16419138795733532,0.07925206623820924,0.13170096766965678,VLO,0.1272891475519863,0.024726792108036966,0.04920001648548289
A_momentum_6m_top3,A_original_6m_momentum,2022-08,2022-08-01,"OXY,EQT,VLO",momentum_6m,0.10306453786487113,0.051897610505422964,0.13908491313980886,,none,none,,,OXY,0.12863560574971786,0.04859745287702899,0.13366238296690702,EQT,0.10850298187886435,0.09843745501910073,0.09843745501910073,VLO,0.07205502596603121,0.008657923620139174,0.18515490143341884
A_momentum_6m_top3,A_original_6m_momentum,2022-09,2022-09-01,"EQT,ENPH,OXY",momentum_6m,0.1269484248270476,-0.047725580972415936,0.03222800540066295,,none,none,,,EQT,0.1478332817030115,-0.09846686202750843,-0.09846686202750843,ENPH,0.13532954225547233,0.016852338915988252,0.11402829886743038,OXY,0.09768245052265899,-0.061562219805727625,0.0811225793620669
A_momentum_6m_top3,A_original_6m_momentum,2022-10,2022-10-03,"EQT,FSLR,ENPH",momentum_6m,0.11856883859558852,0.03614043864465636,0.10902837720371057,,none,none,,,EQT,0.14303963247537035,-0.023951985349288663,-0.0021210771734255784,FSLR,0.10938955897889834,0.08746898429311889,0.23364075032769205,ENPH,0.10327732433249688,0.04490431699013886,0.09556545845686526
A_momentum_6m_top3,A_original_6m_momentum,2022-11,2022-11-01,"FSLR,SMCI,CEG",momentum_6m,0.09005394228011597,0.1281559620853274,0.15420428955834933,,none,none,,,FSLR,0.10234457893818955,0.13441465287360677,0.21255963529267263,SMCI,0.0922571139414458,0.25953239699129393,0.25953239699129393,CEG,0.07556013396071254,-0.00947916360891854,-0.00947916360891854
A_momentum_6m_top3,A_original_6m_momentum,2022-12,2022-12-01,"FSLR,SMCI,ENPH",momentum_6m,0.12091771792130519,-0.13361518456711674,0.03156569500086378,,none,none,,,FSLR,0.1374956955777871,-0.13409274798271897,0.16103002533987554,SMCI,0.11575912494268888,-0.07347254316638197,0.12694732221496507,ENPH,0.1094983332434396,-0.19328026255224928,-0.19328026255224928
A_momentum_6m_top3,A_original_6m_momentum,2023-01,2023-01-03,"FSLR,SMCI,AXON",momentum_6m,0.1352823160102872,0.12149670109734423,0.37477564257480994,,none,none,,,FSLR,0.166167367910843,0.23441133947365245,0.42860080858824956,SMCI,0.12245790669836616,-0.04912946794614759,0.3441450922389375,AXON,0.11722167342165245,0.17920823176452783,0.3515810268972428
A_momentum_6m_top3,A_original_6m_momentum,2023-02,2023-02-01,"SMCI,FSLR,AXON",momentum_6m,0.13763000827997707,0.1598776800284997,0.23902812237641916,,none,none,,,SMCI,0.1507347249692436,0.27915724085060467,0.4135942243741886,FSLR,0.15021526797611182,0.08620593563950107,0.15731341968828527,AXON,0.11194003189457581,0.11426986359539337,0.14617672306678364
A_momentum_6m_top3,A_original_6m_momentum,2023-03,2023-03-01,"RCL,FSLR,AXON",momentum_6m,0.11852132016319787,-0.0024332544199417625,0.0864774170125328,,none,none,,,RCL,0.13288401780237874,-0.10139862249942477,0.1640557956749542,FSLR,0.11263917883192372,0.06546409084656668,0.06674168696961136,AXON,0.11004076385529117,0.028634768393032806,0.028634768393032806
A_momentum_6m_top3,A_original_6m_momentum,2023-04,2023-04-03,"AXON,RCL,NVDA",momentum_6m,0.11575204957375575,0.008730749953348623,0.35764589108878964,,none,none,,,AXON,0.12307973511518405,-0.05009015093109215,-0.05009015093109215,RCL,0.11947486289675134,0.04249007067595589,0.6062253598483254,NVDA,0.10470155070933185,0.03379233011518212,0.5168024643491358
A_momentum_6m_top3,A_original_6m_momentum,2023-05,2023-05-01,"NVDA,SMCI,AXON",momentum_6m,0.1389702118925983,0.48769117982560944,0.9070582639013463,,none,none,,,NVDA,0.16040737694588628,0.3756485795575497,0.608848580721099,SMCI,0.13005686108847,1.1978879257079433,2.2114928691725018,AXON,0.12644639764343862,-0.11046296578866466,-0.09916665818956161
A_momentum_6m_top3,A_original_6m_momentum,2023-06,2023-06-01,"META,NVDA,LVS",momentum_6m,0.13921331485996835,0.05746204377598282,0.1572710153256162,,none,none,,,META,0.17181135825193306,0.049191191267607515,0.18377917322878212,NVDA,0.15230596564836274,0.06656718044705556,0.21986432107046805,LVS,0.09352262067960926,0.05662775961328537,0.06816955167759842
A_momentum_6m_top3,A_original_6m_momentum,2023-07,2023-07-03,"CVNA,SMCI,NVDA",momentum_6m,0.257767521775315,0.451530101568455,0.48974481196172653,,none,none,,,CVNA,0.37064256153297764,0.9034883411463168,0.9709303056267522,SMCI,0.23200479525548565,0.35457465551576983,0.35457465551576983,NVDA,0.17065520853748162,0.09652730804327847,0.14372947474265763
A_momentum_6m_top3,A_original_6m_momentum,2023-08,2023-08-01,"CVNA,SMCI,NVDA",momentum_6m,0.3381411587609003,-0.028547105132162447,-0.021930996726776158,,none,none,,,CVNA,0.5478784984932623,0.03543072107277556,0.03543072107277556,SMCI,0.25736597280233287,-0.16411899604166968,-0.14427067082551082,NVDA,0.20917900498710576,0.043046959572406784,0.043046959572406784
A_momentum_6m_top3,A_original_6m_momentum,2023-09,2023-09-01,"CVNA,SMCI,PLTR",momentum_6m,0.2994542649042357,-0.05275441773036219,0.043644358182396724,,none,none,,,CVNA,0.377005623748835,-0.2281219424048233,-0.2281219424048233,SMCI,0.3246499933793191,0.023745395722796214,0.023745395722796214,PLTR,0.19670717758455317,0.04611329349094051,0.33530962122921726
A_momentum_6m_top3,A_original_6m_momentum,2023-10,2023-10-02,"CVNA,SMCI,APP",momentum_6m,0.3053499781751127,-0.1884785526600331,0.06110501328310743,,none,none,,,CVNA,0.44006413528553145,-0.33783439269138016,0.2450955779093309,SMCI,0.25077062056394,-0.12667037448307417,-0.011805013053182156,APP,0.22521517867586685,-0.10093089080564499,-0.04997552500682645
A_momentum_6m_top3,A_original_6m_momentum,2023-11,2023-11-01,"CVNA,SMCI,APP",momentum_6m,0.27256629520343706,0.1551388474467789,0.7698042901238124,,none,none,,,CVNA,0.3949356842850156,0.3543670688439846,0.8803386406159583,SMCI,0.23721183809313304,0.06881516273781463,1.3129979836253955,APP,0.18555136323216245,0.04223431075853745,0.11607624613008327
A_momentum_6m_top3,A_original_6m_momentum,2023-12,2023-12-01,"CVNA,SMCI,PLTR",momentum_6m,0.2566266282080167,0.08832762651455343,1.314982016526299,,none,none,,,CVNA,0.38096938459584934,0.388352304092062,1.3568180602074649,SMCI,0.22735218808941116,0.058673024920034234,2.3582316034723747,PLTR,0.16155831193878958,-0.18204244946843595,0.22989638589905748
A_momentum_6m_top3,A_original_6m_momentum,2024-01,2024-01-02,"CVNA,COIN,MSTR",momentum_6m,0.16832514791687747,-0.19097327609617643,0.9239462826107182,,none,none,,,CVNA,0.22670684928868826,-0.12973200132464524,0.7759361063587848,COIN,0.16358512090509836,-0.17803421127780872,0.607024431180218,MSTR,0.11468347355684583,-0.2651536156860753,1.3888783102931517
A_momentum_6m_top3,A_original_6m_momentum,2024-02,2024-02-01,"CVNA,COIN,MSTR",momentum_6m,0.15219374078707465,0.8967389168838981,1.417894653957438,,none,none,,,CVNA,0.1859470166764893,0.9506230780899649,1.0477310319875568,COIN,0.1495005985618486,0.595734851820529,0.9550989265361769,MSTR,0.12113360712288608,1.1438588207412002,2.2508540033485804
A_momentum_6m_top3,A_original_6m_momentum,2024-03,2024-03-01,"SMCI,CRWD,COIN",momentum_6m,0.11674895577748312,0.12882628141165045,0.12882628141165045,,none,none,,,SMCI,0.15076416403419873,0.1454145903034021,0.1454145903034021,CRWD,0.10930542029135822,0.015861379966830347,0.015861379966830347,COIN,0.09017728300689244,0.22520287396471894,0.22520287396471894
A_momentum_6m_top3,A_original_6m_momentum,2024-04,2024-04-01,"MSTR,SMCI,COIN",momentum_6m,0.254177405268893,-0.27552529554189714,-0.09893656541455238,,none,none,,,MSTR,0.2743736157351387,-0.37175723688693996,-0.0057003475212275,SMCI,0.2700853360076311,-0.2881453556578677,-0.2167766945326116,COIN,0.21807326406390914,-0.16667329408088383,-0.07433265418981805
A_momentum_6m_top3,A_original_6m_momentum,2024-05,2024-05-01,"MSTR,SMCI,COIN",momentum_6m,0.3075193930756832,0.24259619697295967,0.264578299011416,,none,none,,,MSTR,0.3708603369354944,0.582667896645291,0.582667896645291,SMCI,0.2903635351043988,0.04373555731780132,0.10025735126194513,COIN,0.2613343071871564,0.10138513695578677,0.11080964912701186
A_momentum_6m_top3,A_original_6m_momentum,2024-06,2024-06-03,"CVNA,SMCI,MSTR",momentum_6m,0.26402246216179664,0.0500246148980675,0.1545728481756988,,none,none,,,CVNA,0.26887231891359986,0.25656836445624176,0.48059827837499136,SMCI,0.26345103824193317,0.054153366288865135,0.054153366288865135,MSTR,0.25974402932985685,-0.1606478860509044,-0.07103310013676012
A_momentum_6m_top3,A_original_6m_momentum,2024-07,2024-07-01,"MSTR,SMCI,CVNA",momentum_6m,0.26973227693218416,0.03753643760976514,0.1441096145427954,,none,none,,,MSTR,0.3173986154788488,0.10676661728117032,0.19102178156195126,SMCI,0.25927110400526426,-0.17244439193214467,-0.17244439193214467,CVNA,0.23252711131243942,0.17828708748026978,0.4137514539985796
A_momentum_6m_top3,A_original_6m_momentum,2024-08,2024-08-01,"SMCI,MSTR,CVNA",momentum_6m,0.23665611409224793,-0.1824592152926486,0.24669521153211357,,none,none,,,SMCI,0.2585178275667361,-0.34282396100228985,-0.34282396100228985,MSTR,0.2408873933368716,-0.1909036195530026,0.519437013148633,CVNA,0.21056312137313604,-0.013650065322653337,0.5634725824499975
A_momentum_6m_top3,A_original_6m_momentum,2024-09,2024-09-03,"MSTR,CVNA,ARM",momentum_6m,0.2440199298405077,0.21540063754544025,1.0054899084656357,,none,none,,,MSTR,0.30287409883141253,0.3300359945004989,2.1090581159399773,CVNA,0.26189963617395523,0.21644065403107549,0.7640465038319864,ARM,0.16728605451615533,0.09972526410474636,0.14336510562494298
A_momentum_6m_top3,A_original_6m_momentum,2024-10,2024-10-01,"CVNA,MMM,NEM",momentum_6m,0.09694732772984214,0.022419741199960114,0.08696111533395885,,none,none,,,CVNA,0.1011874456051855,0.30307173182374303,0.45017062524689466,MMM,0.09955737829585505,-0.07179329734947681,-0.025268068370632224,NEM,0.09009715928848587,-0.16401921087438587,-0.16401921087438587
A_momentum_6m_top3,A_original_6m_momentum,2024-11,2024-11-01,"RKLB,CVNA,APP",momentum_6m,0.13850818385652883,0.7702574241884053,0.9442323445678356,,none,none,,,RKLB,0.15903151423112352,1.1151489076420713,1.4851137452861187,CVNA,0.12956640876340436,0.11288625931381091,0.11288625931381091,APP,0.12692662857505857,1.0827371056093336,1.234697029103577
A_momentum_6m_top3,A_original_6m_momentum,2024-12,2024-12-02,"LEU,RKLB,MSTR",momentum_6m,0.20347742492320509,-0.09329802980373329,0.035379456106064,,none,none,,,LEU,0.22248233963486752,-0.10209770879488689,0.018552185723901493,RKLB,0.207971913707485,0.03332636617444629,0.17491195835307738,MSTR,0.17997802142726274,-0.21112274679075926,-0.08732577575878686
A_momentum_6m_top3,A_original_6m_momentum,2025-01,2025-01-02,"RKLB,APP,PLTR",momentum_6m,0.30331840856054176,0.10665231093202054,0.11081954243835801,,none,none,,,RKLB,0.37305084286153356,0.13701923885171485,0.13701923885171485,APP,0.3169084283129297,0.06922582873957994,0.06922582873957994,PLTR,0.21999595450716194,0.11371186520476684,0.12621355972377923
A_momentum_6m_top3,A_original_6m_momentum,2025-02,2025-02-03,"RKLB,APP,PLTR",momentum_6m,0.29672691252366734,-0.14106989089043756,0.030052309825976103,,none,none,,,RKLB,0.37052209473559855,-0.342494700521053,-0.2205778191208413,APP,0.3132182758750292,-0.07689362389390075,-0.07689362389390075,PLTR,0.2064403669603743,-0.0038213482563589363,0.38762837249267035
A_momentum_6m_top3,A_original_6m_momentum,2025-03,2025-03-03,"RKLB,APP,PLTR",momentum_6m,0.3153064374098539,-0.05806664099193859,0.399917411341995,,none,none,,,RKLB,0.3779401294112163,-0.02733120220001306,0.42550914249652516,APP,0.3438748391573379,-0.16197303825227471,0.19140928447613836,PLTR,0.22410434366100748,0.015104317476472007,0.5828338070533214
A_momentum_6m_top3,A_original_6m_momentum,2025-04,2025-04-01,"APP,RKLB,LEU",momentum_6m,0.2665167278683873,0.1008622054305383,0.9707603782624391,,none,none,,,APP,0.3021161856089825,-0.011354870300838371,0.4216837152726276,RKLB,0.28389531722180167,0.21873285422275934,0.8914601957349577,LEU,0.21353868077437774,0.0952086323696939,1.5991372237797319
A_momentum_6m_top3,A_original_6m_momentum,2025-05,2025-05-01,"APP,RKLB,PLTR",momentum_6m,0.18401236325765127,0.2589534804708409,0.5971351779271962,,none,none,,,APP,0.1947091697812655,0.4380121568041677,0.4380121568041677,RKLB,0.19215640867611908,0.202531617191005,1.0257685204881741,PLTR,0.16517151131556929,0.13631666741734993,0.32762485648924655
A_momentum_6m_top3,A_original_6m_momentum,2025-06,2025-06-02,"PLTR,RKLB,APP",momentum_6m,0.18072986393711513,0.03934216734658358,0.4140254625036306,,none,none,,,PLTR,0.20225012343313672,-0.010299914264645715,0.18971527056559334,RKLB,0.1890669106949876,0.2906015540875664,0.8537594235390193,APP,0.15087255768322103,-0.16227513778316993,0.1986016934062791
A_momentum_6m_top3,A_original_6m_momentum,2025-07,2025-07-01,"PLTR,LEU,NRG",momentum_6m,0.10954185893327077,0.16434032348475477,0.4851834845604544,,none,none,,,PLTR,0.1276810728947654,0.1805173930121562,0.41528931216812603,LEU,0.10831613575988684,0.23484081287711134,0.9625983769482405,NRG,0.09262836814516005,0.07766276456499677,0.07766276456499677
A_momentum_6m_top3,A_original_6m_momentum,2025-08,2025-08-01,"LEU,PLTR,CVNA",momentum_6m,0.13069453983085497,-0.002270732195098805,0.35482492039050956,,none,none,,,LEU,0.1843707951432343,-0.02131235252907482,0.6463782807073697,PLTR,0.10387273217907073,0.018279587653664775,0.34297003265699266,CVNA,0.10384009217025984,-0.0037794317098863717,0.07512644780716626
A_momentum_6m_top3,A_original_6m_momentum,2025-09,2025-09-02,"LEU,SMCI,SEDG",momentum_6m,0.16053474045054672,0.37784246245242453,0.39726470797431657,,none,none,,,LEU,0.20591021180090854,0.62396383512066,0.6822305716863362,SMCI,0.14222245401073322,0.2846984050486461,0.2846984050486461,SEDG,0.13347155553999837,0.22486514718796746,0.22486514718796746
A_momentum_6m_top3,A_original_6m_momentum,2025-10,2025-10-01,"ECHO,UUUU,LEU",momentum_6m,0.21737074837697065,0.03898863722878151,0.19332824963378678,,none,none,,,ECHO,0.2408659699056824,-0.051949650986389595,0.4110691862286262,UUUU,0.21322425910755047,0.1330362313073612,0.1330362313073612,LEU,0.19802201611767903,0.03587933136537291,0.03587933136537291
A_momentum_6m_top3,A_original_6m_momentum,2025-11,2025-11-03,"LEU,ECHO,UUUU",momentum_6m,0.31049221647482267,-0.1693820251563326,0.17373072943090082,,none,none,,,LEU,0.33989296549868314,-0.2671506231462031,-0.20551617318688264,ECHO,0.30883724573766125,-0.031444907260395616,0.5463712193780337,UUUU,0.28274643818812345,-0.20955054506239912,0.18033714210155138
A_momentum_6m_top3,A_original_6m_momentum,2025-12,2025-12-01,"LEU,ECHO,PLUG",momentum_6m,0.30665625590548934,0.26075772734616104,0.2904380926429648,,none,none,,,LEU,0.33000474866462964,0.08410247986281161,0.08410247986281161,ECHO,0.31453652006570304,0.5367123329476133,0.6257534288380244,PLUG,0.2754274989861353,0.16145836922805823,0.16145836922805823
A_momentum_6m_top3,A_original_6m_momentum,2026-01,2026-01-02,"ECHO,PLUG,UUUU",momentum_6m,0.26447870172178967,0.07709432516742505,0.16170189622387135,,none,none,,,ECHO,0.3441205014768494,0.03895527486801398,0.07505792606560391,PLUG,0.2310068249356921,-0.06726461618137258,0.00896860123562826,UUUU,0.21830877875282753,0.2595923168156338,0.4010791613703819
A_momentum_6m_top3,A_original_6m_momentum,2026-02,2026-02-02,"ECHO,CIEN,UUUU",momentum_6m,0.259785361120777,0.1493607365784634,0.3876394839430595,,none,none,,,ECHO,0.340674863062012,0.018275394231196174,0.0568854318302654,CIEN,0.2195719525799793,0.3174793245645542,0.9937055290592733,UUUU,0.21910926772033965,0.1123274909396399,0.1123274909396399
A_momentum_6m_top3,A_original_6m_momentum,2026-03,2026-03-02,"ECHO,MU,CIEN",momentum_6m,0.28426822754630904,0.027418779650341712,0.731420730637126,,none,none,,,ECHO,0.35557126568105774,0.016177942062758577,0.07364339266342568,MU,0.28019431792083355,-0.10823535017034125,1.510322902206923,CIEN,0.21703909903703575,0.1743137470586078,0.6102958970410295
B_mom6m_top10_then_accel_2v2_4m_top3,B_6m_momentum_filter_then_acceleration,2016-01,2016-01-04,"LDOS,NFLX,NVDA",accel_2v2_4m,0.05073147077003696,-0.13181884947781208,0.01268615890851373,4.0,recent2_minus_previous2_avg_accel,accel_2v2_4m,10.0,,LDOS,0.057055829311948414,-0.1562905152519075,-0.044043623063586224,NFLX,0.05642341272300565,-0.14432519564806745,-0.03874141359230421,NVDA,0.03871517027515682,-0.09484083753346129,0.12084351338143162
B_mom6m_top10_then_accel_2v2_4m_top3,B_6m_momentum_filter_then_acceleration,2016-02,2016-02-01,"HRL,EXR,PSA",accel_2v2_4m,-0.012500433219931828,-0.0021419852283828256,0.07151153952954174,4.0,recent2_minus_previous2_avg_accel,accel_2v2_4m,10.0,,HRL,0.00022411369552821636,0.04901196379406891,0.07071451212714108,EXR,-0.011354046717514374,-0.058665164437232686,0.05221147996831599,PSA,-0.026371366637809326,0.003227244958015296,0.09160862649316814
B_mom6m_top10_then_accel_2v2_4m_top3,B_6m_momentum_filter_then_acceleration,2016-03,2016-03-01,"MCD,DLR,STZ",accel_2v2_4m,-0.007869922428793585,0.07706770773878513,0.11737942985022005,4.0,recent2_minus_previous2_avg_accel,accel_2v2_4m,10.0,,MCD,-0.00606149634538572,0.06874225874074713,0.07867098299767905,DLR,-0.00727615167424836,0.10599873978251395,0.1817842947841981,STZ,-0.010272119266746677,0.05646212469309431,0.09168301176878302
B_mom6m_top10_then_accel_2v2_4m_top3,B_6m_momentum_filter_then_acceleration,2016-04,2016-04-01,"SMCI,NEM,TSN",accel_2v2_4m,0.004815341949550735,0.01877944076005611,0.09426758600054308,4.0,recent2_minus_previous2_avg_accel,accel_2v2_4m,10.0,,SMCI,0.02765373582486165,-0.2128153066806837,-0.2128153066806837,NEM,-0.006212143349042867,0.29000800387293624,0.5164724395943971,TSN,-0.006995566627166577,-0.020854374912084195,-0.020854374912084195
B_mom6m_top10_then_accel_2v2_4m_top3,B_6m_momentum_filter_then_acceleration,2016-05,2016-05-02,"LEU,NVDA,TSN",accel_2v2_4m,0.11807884172353322,0.07510710756428955,0.26017064020514397,4.0,recent2_minus_previous2_avg_accel,accel_2v2_4m,10.0,,LEU,0.31696761301261017,-0.04516124864274451,0.08387096724574694,NVDA,0.023416313321256182,0.3036546486400218,0.5799251463626078,TSN,0.013852598836733315,-0.03317207730440863,0.11671580700707707
B_mom6m_top10_then_accel_2v2_4m_top3,B_6m_momentum_filter_then_acceleration,2016-06,2016-06-01,"LEU,FCX,AMD",accel_2v2_4m,0.16757091992875536,0.11678651236021431,0.33964446315726615,4.0,recent2_minus_previous2_avg_accel,accel_2v2_4m,10.0,,LEU,0.2703957087440097,0.13513508506549265,0.18243241719384562,FCX,0.12577007134047433,0.07075484295812862,0.17735871732463182,AMD,0.10654697970178204,0.14446960905702166,0.659142254953321
B_mom6m_top10_then_accel_2v2_4m_top3,B_6m_momentum_filter_then_acceleration,2016-07,2016-07-01,"AMD,NVDA,TRGP",accel_2v2_4m,0.06524381124812384,0.13722703153196966,0.3660131112637421,4.0,recent2_minus_previous2_avg_accel,accel_2v2_4m,10.0,,AMD,0.06999749577498401,0.3096646236029119,0.4497040741172329,NVDA,0.06414797737168068,0.2158163760328644,0.46969852503089204,TRGP,0.06158596059770681,-0.11379990503986737,0.17863673464310126
B_mom6m_top10_then_accel_2v2_4m_top3,B_6m_momentum_filter_then_acceleration,2016-08,2016-08-01,"NVDA,AMD,AXON",accel_2v2_4m,0.01472905685071057,0.0476429551126852,0.08237396682604466,4.0,recent2_minus_previous2_avg_accel,accel_2v2_4m,10.0,,NVDA,0.03845608256928411,0.11521923569527992,0.2194122708353583,AMD,0.02128008488035124,0.1069277187384583,0.1069277187384583,AXON,-0.015548996897503636,-0.07921808909568262,-0.07921808909568262
B_mom6m_top10_then_accel_2v2_4m_top3,B_6m_momentum_filter_then_acceleration,2016-09,2016-09-01,"DHR,GRMN,NEM",accel_2v2_4m,0.016126763293375576,-0.025334890354412647,-0.002579042159887875,4.0,recent2_minus_previous2_avg_accel,accel_2v2_4m,10.0,,DHR,0.051866023586738946,-0.040817474946013066,-0.040817474946013066,GRMN,0.006124780344533787,-0.002055288756070972,0.06621225582750334,NEM,-0.009610514051146005,-0.0331319073611539,-0.0331319073611539
B_mom6m_top10_then_accel_2v2_4m_top3,B_6m_momentum_filter_then_acceleration,2016-10,2016-10-03,"DHR,NVDA,SHOP",accel_2v2_4m,0.01225658465000111,-0.01861109357141481,0.16645689066171868,4.0,recent2_minus_previous2_avg_accel,accel_2v2_4m,10.0,,DHR,0.06219916831044363,-0.012309865608527426,0.011734094288292862,NVDA,-0.005262847324954009,0.008765663683229619,0.4925168725092228,SHOP,-0.02016656703548629,-0.05228907878894662,-0.004880294812359631
B_mom6m_top10_then_accel_2v2_4m_top3,B_6m_momentum_filter_then_acceleration,2016-11,2016-11-01,"TPL,TRGP,MU",accel_2v2_4m,0.03410469017623076,0.12376268616234569,0.34154685735960283,4.0,recent2_minus_previous2_avg_accel,accel_2v2_4m,10.0,,TPL,0.06809684014288622,0.10243403628001868,0.20163793997807256,TRGP,0.02622596217475842,0.18051479918519697,0.3654053946529596,MU,0.007991268211047634,0.0883392230218214,0.45759723744777636
B_mom6m_top10_then_accel_2v2_4m_top3,B_6m_momentum_filter_then_acceleration,2016-12,2016-12-01,"TPL,OKE,AMD",accel_2v2_4m,0.01850365197982969,0.15422897605084832,0.3175425093465292,4.0,recent2_minus_previous2_avg_accel,accel_2v2_4m,10.0,,TPL,0.05236716398271607,0.02078457504227149,0.08998624900297991,OKE,0.02315777401349786,0.07956625806202555,0.07956625806202555,AMD,-0.02001398205672486,0.36233609504824793,0.7830750209745823
B_mom6m_top10_then_accel_2v2_4m_top3,B_6m_momentum_filter_then_acceleration,2017-01,2017-01-03,"FCX,CFG,URI",accel_2v2_4m,0.052891318482629346,0.14393859650769159,0.18344672181550523,4.0,recent2_minus_previous2_avg_accel,accel_2v2_4m,10.0,,FCX,0.06386004710319514,0.2220612946868079,0.2220612946868079,CFG,0.05123948955154296,0.02148250969387555,0.10826249901840468,URI,0.04357441879314995,0.1882719851423913,0.22001637174130306
B_mom6m_top10_then_accel_2v2_4m_top3,B_6m_momentum_filter_then_acceleration,2017-02,2017-02-01,"LEU,AMD,URI",accel_2v2_4m,0.06554005305952525,0.10309478699288355,0.10309478699288355,4.0,recent2_minus_previous2_avg_accel,accel_2v2_4m,10.0,,LEU,0.08732569315996673,0.04210530806776713,0.04210530806776713,AMD,0.06154250032196415,0.24046430494423188,0.24046430494423188,URI,0.047751965696644846,0.02671474796665163,0.02671474796665163
B_mom6m_top10_then_accel_2v2_4m_top3,B_6m_momentum_filter_then_acceleration,2017-03,2017-03-01,"AMD,CSX,MU",accel_2v2_4m,0.02901843130664328,0.030723278500613366,0.11500981511464899,4.0,recent2_minus_previous2_avg_accel,accel_2v2_4m,10.0,,AMD,0.07694771396439085,-0.02139035387755628,-0.02139035387755628,CSX,0.0077519070580904376,-0.053038221048170686,0.11346690367394241,MU,0.002355672897448563,0.16659841042756707,0.25295289554756084
B_mom6m_top10_then_accel_2v2_4m_top3,B_6m_momentum_filter_then_acceleration,2017-04,2017-04-03,"AMD,CSX,URI",accel_2v2_4m,0.017729068160234545,-0.028274223324063857,0.0067986310789109146,4.0,recent2_minus_previous2_avg_accel,accel_2v2_4m,10.0,,AMD,0.025094956872844715,-0.06967216078166893,-0.06967216078166893,CSX,0.021585783142729187,0.10557958535910084,0.17583088190361162,URI,0.00650646446512973,-0.12073009454962347,-0.08576282788520995
B_mom6m_top10_then_accel_2v2_4m_top3,B_6m_momentum_filter_then_acceleration,2017-05,2017-05-01,"ANET,SHOP,MU",accel_2v2_4m,0.03766581212448989,0.1164398625218374,0.1623454692530056,4.0,recent2_minus_previous2_avg_accel,accel_2v2_4m,10.0,,ANET,0.054212939229866836,0.05258680260794435,0.05258680260794435,SHOP,0.047868999381306274,0.20942273694906666,0.3471395571425713,MU,0.01091549776229657,0.08731004800850117,0.08731004800850117
B_mom6m_top10_then_accel_2v2_4m_top3,B_6m_momentum_filter_then_acceleration,2017-06,2017-06-01,"PLUG,TSLA,SHOP",accel_2v2_4m,0.04654043709973549,0.019505823529067823,0.15750769394947253,4.0,recent2_minus_previous2_avg_accel,accel_2v2_4m,10.0,,PLUG,0.16412966709259216,0.10215050352144872,0.24193544355565155,TSLA,-0.008184689886136354,0.035990200385078275,0.044157778978100914,SHOP,-0.01632366590724936,-0.07962323331932353,0.18642985931466516
B_mom6m_top10_then_accel_2v2_4m_top3,B_6m_momentum_filter_then_acceleration,2017-07,2017-07-03,"PLUG,NVDA,XYZ",accel_2v2_4m,0.03685100932656289,0.16057993003071794,0.3048852662200454,4.0,recent2_minus_previous2_avg_accel,accel_2v2_4m,10.0,,PLUG,0.04759778500859714,0.12682926659070604,0.34146344583705446,NVDA,0.04754745081016848,0.1805785236969446,0.2858511575596221,XYZ,0.015407792160923056,0.1743319998045032,0.2873411952634597
B_mom6m_top10_then_accel_2v2_4m_top3,B_6m_momentum_filter_then_acceleration,2017-08,2017-08-01,"XYZ,SEDG,ALGN",accel_2v2_4m,0.004148870062926663,0.055664914200777495,0.3856310103139025,4.0,recent2_minus_previous2_avg_accel,accel_2v2_4m,10.0,,XYZ,0.018124297573942516,-0.03282354264439624,0.36031338855609296,SEDG,0.004969028525680458,0.15879832120570625,0.4098712253119088,ALGN,-0.010646715910842985,0.04101996404102248,0.38670841707370585
B_mom6m_top10_then_accel_2v2_4m_top3,B_6m_momentum_filter_then_acceleration,2017-09,2017-09-01,"NRG,FSLR,VRTX",accel_2v2_4m,0.03455093218057218,-0.014819625556010019,0.10888924920581615,4.0,recent2_minus_previous2_avg_accel,accel_2v2_4m,10.0,,NRG,0.1066384241719066,0.031035882772660894,0.12791503862089182,FSLR,0.009105095458333726,-0.013795983388524391,0.2604514850487232,VRTX,-0.01209072308852377,-0.06169877605216656,-0.06169877605216656
B_mom6m_top10_then_accel_2v2_4m_top3,B_6m_momentum_filter_then_acceleration,2017-10,2017-10-02,"NRG,ANET,SHOP",accel_2v2_4m,0.052249459082458226,-0.06116431813958453,0.07693934281173354,4.0,recent2_minus_previous2_avg_accel,accel_2v2_4m,10.0,,NRG,0.09636348839072507,-0.027762540608555097,0.13114568807059812,ANET,0.03167018009387905,0.035866208547742806,0.21320174166387562,SHOP,0.02871470876277056,-0.19159662235794128,-0.11352940129927314
B_mom6m_top10_then_accel_2v2_4m_top3,B_6m_momentum_filter_then_acceleration,2017-11,2017-11-01,"LRCX,SEDG,SHOP",accel_2v2_4m,0.0028575625488011236,0.019463515601834052,0.13544872643553496,4.0,recent2_minus_previous2_avg_accel,accel_2v2_4m,10.0,,LRCX,0.004619349795389097,-0.07446291113814008,-0.06463108811645724,SEDG,0.0029013273769843695,0.05936075657585316,0.15829531216069803,SHOP,0.0010520104740299047,0.07349270136778907,0.3126819552623641
B_mom6m_top10_then_accel_2v2_4m_top3,B_6m_momentum_filter_then_acceleration,2017-12,2017-12-01,"MU,ALGN,XYZ",accel_2v2_4m,0.029669926260196905,-0.04318003961454231,0.11460115735523042,4.0,recent2_minus_previous2_avg_accel,accel_2v2_4m,10.0,,MU,0.04167411972383396,0.04000978072545025,0.13407968031000217,ALGN,0.03689373546104524,-0.11591298208391076,0.005903884585974906,XYZ,0.010441923595711514,-0.05363691748516641,0.2038199071697142
B_mom6m_top10_then_accel_2v2_4m_top3,B_6m_momentum_filter_then_acceleration,2018-01,2018-01-02,"FSLR,XYZ,ALGN",accel_2v2_4m,0.047469983808212816,0.10860525753428003,0.14708048946025523,4.0,recent2_minus_previous2_avg_accel,accel_2v2_4m,10.0,,FSLR,0.056397768081528715,-0.04089162630894272,-0.014766447693042473,XYZ,0.0465235603431437,0.22891907694657143,0.3182195941085968,ALGN,0.03948862299996603,0.1377883219652114,0.1377883219652114
B_mom6m_top10_then_accel_2v2_4m_top3,B_6m_momentum_filter_then_acceleration,2018-02,2018-02-01,"FCX,FSLR,ENPH",accel_2v2_4m,0.01871122700324443,0.1325766232583401,0.3529311518035538,4.0,recent2_minus_previous2_avg_accel,accel_2v2_4m,10.0,,FCX,0.02235711338182808,-0.046786617535819475,-0.046786617535819475,FSLR,0.020379700813044216,-0.08082905481123936,0.027239026717449377,ENPH,0.013396866814860992,0.5253455421220792,1.0783410462290313
B_mom6m_top10_then_accel_2v2_4m_top3,B_6m_momentum_filter_then_acceleration,2018-03,2018-03-01,"XYZ,TKO,GWW",accel_2v2_4m,-0.008949733603343618,0.014665062688491623,0.3566536379876939,4.0,recent2_minus_previous2_avg_accel,accel_2v2_4m,10.0,,XYZ,-0.007137563498601104,0.0362965017292991,0.2912410783463897,TKO,-0.008738835369733147,-0.0741521064956342,0.5620699214346074,GWW,-0.0109728019416966,0.08185079283180996,0.21664991418208457
B_mom6m_top10_then_accel_2v2_4m_top3,B_6m_momentum_filter_then_acceleration,2018-04,2018-04-02,"NFLX,SEDG,AXON",accel_2v2_4m,0.03540355380822075,0.04684622664978048,0.36189763118320606,4.0,recent2_minus_previous2_avg_accel,accel_2v2_4m,10.0,,NFLX,0.058464745830897946,0.11777090421215841,0.4206001550975458,SEDG,0.03687020682979611,-0.028650633655784463,0.011090615632926015,AXON,0.010875708763968206,0.05141840939296749,0.6540021228191464
B_mom6m_top10_then_accel_2v2_4m_top3,B_6m_momentum_filter_then_acceleration,2018-05,2018-05-01,"ENPH,SEDG,AXON",accel_2v2_4m,0.06464374694924341,0.3458912955202958,0.4924357924265019,4.0,recent2_minus_previous2_avg_accel,accel_2v2_4m,10.0,,ENPH,0.09403909287224273,0.42364539193842177,0.7586206815553396,SEDG,0.06137787768755146,0.04091344542518338,0.07040914969852285,AXON,0.038514270287936025,0.5731150491972823,0.6482775460256431
B_mom6m_top10_then_accel_2v2_4m_top3,B_6m_momentum_filter_then_acceleration,2018-06,2018-06-01,"CMG,PODD,TPL",accel_2v2_4m,-0.003088701659393183,-0.03763224277790659,0.12703337751458665,4.0,recent2_minus_previous2_avg_accel,accel_2v2_4m,10.0,,CMG,0.005063823441958909,0.009575445114696546,0.08861885292951222,PODD,-0.00633967224700914,-0.09301834763985617,0.0957604077228269,TPL,-0.007990256173129318,-0.029453825808560152,0.19672087189142085
B_mom6m_top10_then_accel_2v2_4m_top3,B_6m_momentum_filter_then_acceleration,2018-07,2018-07-02,"ENPH,TKO,XYZ",accel_2v2_4m,0.06588563045891116,-0.04015314221978753,0.1951125020642417,4.0,recent2_minus_previous2_avg_accel,accel_2v2_4m,10.0,,ENPH,0.08640973920351121,-0.21708679872295789,-0.21708679872295789,TKO,0.07553622744223497,0.03771065909775695,0.2617211101157546,XYZ,0.03571092473098729,0.058916712965838336,0.5407031947999283
B_mom6m_top10_then_accel_2v2_4m_top3,B_6m_momentum_filter_then_acceleration,2018-08,2018-08-01,"ENPH,TKO,CVNA",accel_2v2_4m,0.08819653466761744,0.18600466238924795,0.21424016866005355,4.0,recent2_minus_previous2_avg_accel,accel_2v2_4m,10.0,,ENPH,0.12552490792188278,-0.12522366135861906,-0.11270126963221272,TKO,0.08426967041611035,0.14368572936584934,0.21586985645185974,CVNA,0.054795025664859165,0.5395519191605136,0.5395519191605136
B_mom6m_top10_then_accel_2v2_4m_top3,B_6m_momentum_filter_then_acceleration,2018-09,2018-09-04,"UUUU,CVNA,TPL",accel_2v2_4m,0.020110077484700797,-0.03441180247840473,-0.015364176943205502,4.0,recent2_minus_previous2_avg_accel,accel_2v2_4m,10.0,,UUUU,0.03902495881944265,0.03174600050953447,0.08888887711513216,CVNA,0.014720764023229499,-0.14656964038661902,-0.14656964038661902,TPL,0.006584509611430242,0.01158823244187035,0.01158823244187035
B_mom6m_top10_then_accel_2v2_4m_top3,B_6m_momentum_filter_then_acceleration,2018-10,2018-10-01,"AMD,XYZ,FTNT",accel_2v2_4m,0.04429886075614176,-0.2202628231506161,-0.18323757635829954,4.0,recent2_minus_previous2_avg_accel,accel_2v2_4m,10.0,,AMD,0.06586735431630858,-0.35646087637630963,-0.24538513599935996,XYZ,0.04314553242110969,-0.21114310416601967,-0.21114310416601967,FTNT,0.023883695531007026,-0.09318448890951903,-0.09318448890951903
B_mom6m_top10_then_accel_2v2_4m_top3,B_6m_momentum_filter_then_acceleration,2018-11,2018-11-01,"MDB,DXCM,FTNT",accel_2v2_4m,0.06351753953672654,-0.015984677224908372,0.04351163079374091,4.0,recent2_minus_previous2_avg_accel,accel_2v2_4m,10.0,,MDB,0.08967510670996147,0.05030279953787997,0.1453466070270768,DXCM,0.060135703687028266,0.0042644059589718175,0.04242338435041204,FTNT,0.04074180821318987,-0.1025212371715769,-0.05723509899626611
B_mom6m_top10_then_accel_2v2_4m_top3,B_6m_momentum_filter_then_acceleration,2018-12,2018-12-03,"UUUU,HCA,FTNT",accel_2v2_4m,-0.04575317823802818,-0.1431597686032879,0.0005341427971780796,4.0,recent2_minus_previous2_avg_accel,accel_2v2_4m,10.0,,UUUU,-0.04141566656395693,-0.18950439729348345,-0.11078720322013824,HCA,-0.04767428519604035,-0.16768091171895327,-0.044979514809201704,FTNT,-0.04816958295408724,-0.07229399679742698,0.15736914642087418
B_mom6m_top10_then_accel_2v2_4m_top3,B_6m_momentum_filter_then_acceleration,2019-01,2019-01-02,"LLY,HCA,MKC",accel_2v2_4m,-0.015877224198807275,0.035708301375298936,0.12848939127308015,4.0,recent2_minus_previous2_avg_accel,accel_2v2_4m,10.0,,LLY,-0.0029966010311532065,0.052315445468524846,0.12943467835228462,HCA,-0.022100819034207686,0.14742110163923017,0.14742110163923017,MKC,-0.022534252531060936,-0.0926116429818582,0.1086123938277257
B_mom6m_top10_then_accel_2v2_4m_top3,B_6m_momentum_filter_then_acceleration,2019-02,2019-02-01,"CIEN,LLY,MRK",accel_2v2_4m,-0.010384637501974853,0.08533531813505187,0.095576446001764,4.0,recent2_minus_previous2_avg_accel,accel_2v2_4m,10.0,,CIEN,-0.007625130714526709,0.11644906457744764,0.11644906457744764,LLY,-0.010028562446400255,0.07153843594570497,0.07328528077379293,MRK,-0.013500219344997594,0.068018453882003,0.09699499265405143
B_mom6m_top10_then_accel_2v2_4m_top3,B_6m_momentum_filter_then_acceleration,2019-03,2019-03-01,"ZS,ENPH,KEYS",accel_2v2_4m,0.031553029849963034,0.07440184187937586,0.31066556125237094,4.0,recent2_minus_previous2_avg_accel,accel_2v2_4m,10.0,,ZS,0.05129253166794269,0.16790487403311571,0.16790487403311571,ENPH,0.029497800477939706,0.017582400077467586,0.7263735581964528,KEYS,0.013868757404006712,0.037718251527544266,0.037718251527544266
B_mom6m_top10_then_accel_2v2_4m_top3,B_6m_momentum_filter_then_acceleration,2019-04,2019-04-01,"LEU,ZS,MELI",accel_2v2_4m,0.10469721240219935,0.002244141616282206,0.13802231086885008,4.0,recent2_minus_previous2_avg_accel,accel_2v2_4m,10.0,,LEU,0.12632882178481863,0.1357616186821642,0.1357616186821642,ZS,0.09594409528051713,-0.06460276834648881,0.08297996782366934,MELI,0.09181872014126233,-0.06442642548682875,0.19532534610071672
B_mom6m_top10_then_accel_2v2_4m_top3,B_6m_momentum_filter_then_acceleration,2019-05,2019-05-01,"PLUG,MDB,ZS",accel_2v2_4m,0.08771616255541208,0.006667991537418261,0.14184027468016103,4.0,recent2_minus_previous2_avg_accel,accel_2v2_4m,10.0,,PLUG,0.12060790710370455,0.03187247968526474,0.03187247968526474,MDB,0.10006893672313712,-0.022900745924366084,0.10514895648241618,ZS,0.04247164383939454,0.011032240851356123,0.28849938787280216
B_mom6m_top10_then_accel_2v2_4m_top3,B_6m_momentum_filter_then_acceleration,2019-06,2019-06-03,"MDB,CVNA,SHOP",accel_2v2_4m,0.008927708298990708,0.13526225000414746,0.3207936161576808,4.0,recent2_minus_previous2_avg_accel,accel_2v2_4m,10.0,,MDB,0.018261127209643846,0.13105086496859664,0.1484375401747,CVNA,0.016022351064957446,0.12500002044055125,0.36522637092732246,SHOP,-0.007500353377629165,0.14973586460329447,0.44871693737102003
B_mom6m_top10_then_accel_2v2_4m_top3,B_6m_momentum_filter_then_acceleration,2019-07,2019-07-01,"ENPH,ERIE,SHOP",accel_2v2_4m,0.003370861289379611,0.2102952374707866,0.2568139767368121,4.0,recent2_minus_previous2_avg_accel,accel_2v2_4m,10.0,,ENPH,0.023450311008644115,0.6448088325879386,0.6448088325879386,ERIE,-0.00326236359436137,-0.1344101714207674,-0.1344101714207674,SHOP,-0.010075363546143912,0.12048705124518855,0.260043269043265
B_mom6m_top10_then_accel_2v2_4m_top3,B_6m_momentum_filter_then_acceleration,2019-08,2019-08-01,"ERIE,VEEV,ZS",accel_2v2_4m,-0.034814818304564094,-0.10152879365305567,-0.10152879365305567,4.0,recent2_minus_previous2_avg_accel,accel_2v2_4m,10.0,,ERIE,-0.008623534457576312,-0.029853624944134793,-0.029853624944134793,VEEV,-0.046737600912595656,-0.04496494606372847,-0.04496494606372847,ZS,-0.04908331954352031,-0.22976780995130375,-0.22976780995130375
B_mom6m_top10_then_accel_2v2_4m_top3,B_6m_momentum_filter_then_acceleration,2019-09,2019-09-03,"ENPH,ZS,SEDG",accel_2v2_4m,0.015076475157222019,-0.14263049644764814,-0.1175690722487061,4.0,recent2_minus_previous2_avg_accel,accel_2v2_4m,10.0,,ENPH,0.019251666702320383,-0.21624554200305202,-0.2032491304349623,ZS,0.015200302816581204,-0.2839957093222676,-0.2223237228751026,SEDG,0.01077745595276447,0.0723497619823752,0.07286563656394662
B_mom6m_top10_then_accel_2v2_4m_top3,B_6m_momentum_filter_then_acceleration,2019-10,2019-10-01,"ENPH,PODD,TGT",accel_2v2_4m,0.04384257407125974,-0.07177448274964209,0.22187887476517898,4.0,recent2_minus_previous2_avg_accel,accel_2v2_4m,10.0,,ENPH,0.06166774948198199,-0.1326577283380186,0.3514510082855018,PODD,0.04983996459013518,-0.1004115084422813,0.11711596051700535,TGT,0.020020008141662077,0.017745788531373652,0.1970696554930298
B_mom6m_top10_then_accel_2v2_4m_top3,B_6m_momentum_filter_then_acceleration,2019-11,2019-11-01,"TGT,PODD,BLDR",accel_2v2_4m,0.024548222966511612,0.14435794656903692,0.1840078744667065,4.0,recent2_minus_previous2_avg_accel,accel_2v2_4m,10.0,,TGT,0.046736527609481576,0.15669818123036539,0.1761971103023907,PODD,0.024834663546471902,0.24180774987752263,0.33014747420053103,BLDR,0.0020734777435813534,0.03456790859922276,0.04567903889719771
B_mom6m_top10_then_accel_2v2_4m_top3,B_6m_momentum_filter_then_acceleration,2019-12,2019-12-02,"LEU,TSLA,KLAC",accel_2v2_4m,0.04571893972620924,0.20589043943206473,0.6653416689687364,4.0,recent2_minus_previous2_avg_accel,accel_2v2_4m,10.0,,LEU,0.12114763865800508,0.19926197573866644,0.5332103879413339,TSLA,0.01654617393786552,0.28485679293232424,1.3292620693396717,KLAC,-0.0005369934172428925,0.13355254962520346,0.13355254962520346
B_mom6m_top10_then_accel_2v2_4m_top3,B_6m_momentum_filter_then_acceleration,2020-01,2020-01-02,"LEU,DXCM,CVNA",accel_2v2_4m,0.041914304671971415,-0.01346931108795979,0.1568462443801424,4.0,recent2_minus_previous2_avg_accel,accel_2v2_4m,10.0,,LEU,0.06929274714732936,-0.010769257178673386,0.27846160301795364,DXCM,0.03413756797566746,0.08072746403911513,0.30244327024679474,CVNA,0.022312598892917423,-0.11036614012432111,-0.11036614012432111
B_mom6m_top10_then_accel_2v2_4m_top3,B_6m_momentum_filter_then_acceleration,2020-02,2020-02-03,"ENPH,DXCM,AMD",accel_2v2_4m,0.06981839831805538,0.2516177992657393,0.34685350104840107,4.0,recent2_minus_previous2_avg_accel,accel_2v2_4m,10.0,,ENPH,0.08256095713354676,0.5613610080442375,0.5613610080442375,DXCM,0.07664193164675394,0.20515422582029919,0.4404656218685501,AMD,0.05025230617386546,-0.011661836067318854,0.038733873232415617
B_mom6m_top10_then_accel_2v2_4m_top3,B_6m_momentum_filter_then_acceleration,2020-03,2020-03-02,"TSLA,SEDG,TDG",accel_2v2_4m,0.05586185509774977,-0.4201811768031027,0.05019101409986574,4.0,recent2_minus_previous2_avg_accel,accel_2v2_4m,10.0,,TSLA,0.12469094149657459,-0.35241120487373445,0.20774045142001563,SEDG,0.031665592595178566,-0.3875679754171062,0.17094017499353553,TDG,0.01122903120149614,-0.5205643501184674,-0.22810758411395393
B_mom6m_top10_then_accel_2v2_4m_top3,B_6m_momentum_filter_then_acceleration,2020-04,2020-04-01,"ENPH,SEDG,DXCM",accel_2v2_4m,0.05822179772751188,0.3749130868239761,0.8290917263628522,4.0,recent2_minus_previous2_avg_accel,accel_2v2_4m,10.0,,ENPH,0.13698553251429862,0.4528048147450028,1.0047027002853781,SEDG,0.024850396395951296,0.33164170884112476,0.9119512500853006,DXCM,0.01282946427228572,0.34029273688580086,0.5706212287178782
B_mom6m_top10_then_accel_2v2_4m_top3,B_6m_momentum_filter_then_acceleration,2020-05,2020-05-01,"DPZ,GEN,BIIB",accel_2v2_4m,-0.003889668184918963,0.047607622771479084,0.05756643355479126,4.0,recent2_minus_previous2_avg_accel,accel_2v2_4m,10.0,,DPZ,0.01810052243269629,0.07355190858182281,0.08541921105976868,GEN,-0.005867347504250095,0.04074724355806869,0.05875637343005935,BIIB,-0.023902179483203084,0.028523716174545743,0.028523716174545743
B_mom6m_top10_then_accel_2v2_4m_top3,B_6m_momentum_filter_then_acceleration,2020-06,2020-06-01,"EQT,NEM,SHOP",accel_2v2_4m,0.06019946569468281,0.08294703595320785,0.2823497091941159,4.0,recent2_minus_previous2_avg_accel,accel_2v2_4m,10.0,,EQT,0.19844390527474334,-0.11111100533560725,0.21911435281297642,NEM,0.014477111299912984,0.018738427551636905,0.13147046553854924,SHOP,-0.03232261949060791,0.3412136856435939,0.4964643092308221
B_mom6m_top10_then_accel_2v2_4m_top3,B_6m_momentum_filter_then_acceleration,2020-07,2020-07-01,"DDOG,LEU,MDB",accel_2v2_4m,0.13169361256147905,0.2268973264388652,0.3014486275093124,4.0,recent2_minus_previous2_avg_accel,accel_2v2_4m,10.0,,DDOG,0.14005590668535167,0.07037369779385205,0.1580891174425738,LEU,0.1369742069130821,0.6503567626442772,0.6503567626442772,MDB,0.11805072408600337,-0.04003848112153363,0.0959000024410861
B_mom6m_top10_then_accel_2v2_4m_top3,B_6m_momentum_filter_then_acceleration,2020-08,2020-08-03,"PLUG,DDOG,XYZ",accel_2v2_4m,0.09583435790509909,0.2251486240204232,0.34024630726270466,4.0,recent2_minus_previous2_avg_accel,accel_2v2_4m,10.0,,PLUG,0.13995013657194377,0.5425764574038652,0.6888646861057979,DDOG,0.07884480100915231,-0.10348073288761162,0.081948407205364,XYZ,0.0687081361342012,0.23635014754501604,0.2499258284769521
B_mom6m_top10_then_accel_2v2_4m_top3,B_6m_momentum_filter_then_acceleration,2020-09,2020-09-01,"TSLA,PLUG,LEU",accel_2v2_4m,0.1097488754439323,-0.0670477490916439,0.43243558568049445,4.0,recent2_minus_previous2_avg_accel,accel_2v2_4m,10.0,,TSLA,0.16660339655802398,-0.05660456447360884,0.2309440521367796,PLUG,0.12228233785031321,-0.00920029111026388,0.7317762997288337,LEU,0.040360891923459694,-0.135338391691059,0.33458640517587
B_mom6m_top10_then_accel_2v2_4m_top3,B_6m_momentum_filter_then_acceleration,2020-10,2020-10-01,"TSLA,SEDG,XYZ",accel_2v2_4m,0.06442308533375739,-0.036426808323696235,0.397341407679715,4.0,recent2_minus_previous2_avg_accel,accel_2v2_4m,10.0,,TSLA,0.13260663785589616,-0.106323718451248,0.6283692731663943,SEDG,0.05813009340281239,0.07574238145759415,0.2510548166198485,XYZ,0.002532524742563602,-0.07869908797743486,0.31260013325290203
B_mom6m_top10_then_accel_2v2_4m_top3,B_6m_momentum_filter_then_acceleration,2020-11,2020-11-02,"ENPH,SEDG,PLUG",accel_2v2_4m,-0.08082289046338341,0.28215359542910745,1.3616587180768553,4.0,recent2_minus_previous2_avg_accel,accel_2v2_4m,10.0,,ENPH,-0.04234232214767798,0.24097085458181788,0.7946642882766275,SEDG,-0.08059721752409081,0.023718833387725846,0.16296879084071403,PLUG,-0.11952913171838145,0.5817710983177786,3.1273430751132247
B_mom6m_top10_then_accel_2v2_4m_top3,B_6m_momentum_filter_then_acceleration,2020-12,2020-12-01,"ALGN,ENPH,FDX",accel_2v2_4m,-0.04457916734368859,0.09043106375479686,0.16328628941330026,4.0,recent2_minus_previous2_avg_accel,accel_2v2_4m,10.0,,ALGN,0.0026554316526900823,0.05270948919701546,0.12999395811762993,ENPH,-0.05078872996897836,0.33674813608304954,0.44703133966832587,FDX,-0.08560420371477748,-0.11816443401567445,-0.08716642954605502
B_mom6m_top10_then_accel_2v2_4m_top3,B_6m_momentum_filter_then_acceleration,2021-01,2021-01-04,"MSTR,TPR,ENPH",accel_2v2_4m,0.10566637849236588,0.18262695654845132,0.3971031965476228,4.0,recent2_minus_previous2_avg_accel,accel_2v2_4m,10.0,,MSTR,0.116196254515362,0.4923099157639259,0.8400828859214236,TPR,0.10820016115819633,-0.026291507771165068,0.2687255947927061,ENPH,0.09260271980353929,0.08186246165259314,0.08250110892873885
B_mom6m_top10_then_accel_2v2_4m_top3,B_6m_momentum_filter_then_acceleration,2021-02,2021-02-01,"PLUG,UUUU,LEU",accel_2v2_4m,0.15774461422092081,0.04410265675552483,0.12698184768676188,4.0,recent2_minus_previous2_avg_accel,accel_2v2_4m,10.0,,PLUG,0.17370474675679598,-0.17838683886993179,-0.17838683886993179,UUUU,0.15220133641732592,0.21545669330291695,0.43325524892184,LEU,0.14732775948864052,0.09523811583358932,0.12607713300837742
B_mom6m_top10_then_accel_2v2_4m_top3,B_6m_momentum_filter_then_acceleration,2021-03,2021-03-01,"PLUG,UUUU,PSKY",accel_2v2_4m,0.10186585838731993,-0.16960655937342903,-0.09253528152917885,4.0,recent2_minus_previous2_avg_accel,accel_2v2_4m,10.0,,PLUG,0.1480520546918549,-0.32786887272421594,-0.32786887272421594,UUUU,0.12537653863781517,0.1522157905863526,0.3834296241191031,PSKY,0.03216898183228972,-0.3331665959824237,-0.3331665959824237
B_mom6m_top10_then_accel_2v2_4m_top3,B_6m_momentum_filter_then_acceleration,2021-04,2021-04-01,"PSKY,PLUG,IVZ",accel_2v2_4m,0.034014792392082195,-0.09715269378708428,0.007411487217335348,4.0,recent2_minus_previous2_avg_accel,accel_2v2_4m,10.0,,PSKY,0.07008733381938523,-0.11155927913517283,0.012683390636176295,PLUG,0.048676344955654996,-0.24475324933570064,-0.05530337609379088,IVZ,-0.01671930159879363,0.06485444710962063,0.06485444710962063
B_mom6m_top10_then_accel_2v2_4m_top3,B_6m_momentum_filter_then_acceleration,2021-05,2021-05-03,"TPL,TPR,DVN",accel_2v2_4m,-0.0358856325635385,0.04561532552659723,0.07199879519846397,4.0,recent2_minus_previous2_avg_accel,accel_2v2_4m,10.0,,TPL,-0.012144008894100833,-0.0681842722739282,0.006281460315332721,TPR,-0.042263194325976486,-0.07354716158381192,-0.07354716158381192,DVN,-0.05324969447053819,0.2785774104375318,0.2832620868638711
B_mom6m_top10_then_accel_2v2_4m_top3,B_6m_momentum_filter_then_acceleration,2021-06,2021-06-01,"TPL,TRGP,DVN",accel_2v2_4m,-0.1016898987457819,0.06881573504134202,0.06881573504134202,4.0,recent2_minus_previous2_avg_accel,accel_2v2_4m,10.0,,TPL,-0.08431039645984009,0.07991465519795526,0.07991465519795526,TRGP,-0.08669870259054904,0.12286857433249576,0.12286857433249576,DVN,-0.13406059718695656,0.0036639755935750085,0.0036639755935750085
B_mom6m_top10_then_accel_2v2_4m_top3,B_6m_momentum_filter_then_acceleration,2021-07,2021-07-01,"FCX,DVN,NUE",accel_2v2_4m,0.028828694983433184,-0.03453728192721043,0.14749076540828035,4.0,recent2_minus_previous2_avg_accel,accel_2v2_4m,10.0,,FCX,0.04605984909194691,-0.01059522427244719,-0.01059522427244719,DVN,0.02583668748831197,-0.14919910724697227,0.2501702248762354,NUE,0.014589548370040673,0.05618248573778817,0.20289729562105285
B_mom6m_top10_then_accel_2v2_4m_top3,B_6m_momentum_filter_then_acceleration,2021-08,2021-08-02,"MSTR,OXY,TRGP",accel_2v2_4m,0.07628220589133675,0.04278273070761888,0.28391061876241586,4.0,recent2_minus_previous2_avg_accel,accel_2v2_4m,10.0,,MSTR,0.10544013310372208,0.10145973971848798,0.1541730081471202,OXY,0.061982392284157625,-0.027530006418142294,0.35028988516774207,TRGP,0.06142409228613052,0.05441845882251095,0.3472689629723853
B_mom6m_top10_then_accel_2v2_4m_top3,B_6m_momentum_filter_then_acceleration,2021-09,2021-09-01,"GNRC,FTNT,BX",accel_2v2_4m,0.01524671986177012,-0.06773123208318492,0.09719167515719189,4.0,recent2_minus_previous2_avg_accel,accel_2v2_4m,10.0,,GNRC,0.023954050187917464,-0.07695283879009551,0.15292561747994826,FTNT,0.014553082900652936,-0.03394174087809165,0.050701824159114395,BX,0.007233026496739958,-0.09229911658136758,0.087947583832513
B_mom6m_top10_then_accel_2v2_4m_top3,B_6m_momentum_filter_then_acceleration,2021-10,2021-10-01,"FTNT,BX,IT",accel_2v2_4m,0.011249190486235456,0.11933246506281965,0.12964298476431688,4.0,recent2_minus_previous2_avg_accel,accel_2v2_4m,10.0,,FTNT,0.011762464568472047,0.08761745395577081,0.11785238682925825,BX,0.011133444926469005,0.19787837100269412,0.1985749972336983,IT,0.010851661963765316,0.07250157022999404,0.07250157022999404
B_mom6m_top10_then_accel_2v2_4m_top3,B_6m_momentum_filter_then_acceleration,2021-11,2021-11-01,"RKLB,LEU,DVN",accel_2v2_4m,0.09852749644990466,-0.02454930466764771,0.07644151787287894,4.0,recent2_minus_previous2_avg_accel,accel_2v2_4m,10.0,,RKLB,0.11023244783865847,0.06521734478081331,0.06521734478081331,LEU,0.09852461254141753,-0.11147811866310575,-0.11147811866310575,DVN,0.08682542896963796,-0.027387140120650688,0.27558532750092923
B_mom6m_top10_then_accel_2v2_4m_top3,B_6m_momentum_filter_then_acceleration,2021-12,2021-12-01,"LEU,TSLA,DVN",accel_2v2_4m,0.060851208098368366,0.07083827061273089,0.18462171214025014,4.0,recent2_minus_previous2_avg_accel,accel_2v2_4m,10.0,,LEU,0.08434950029909737,-0.020260226171844198,-0.020260226171844198,TSLA,0.06154757618393332,0.09568949660209758,0.09568949660209758,DVN,0.03665654781207442,0.13708554140793927,0.47843586599049703
B_mom6m_top10_then_accel_2v2_4m_top3,B_6m_momentum_filter_then_acceleration,2022-01,2022-01-03,"NVDA,ENPH,TSLA",accel_2v2_4m,0.03221411543479707,-0.2107865887913686,-0.030932483217342432,4.0,recent2_minus_previous2_avg_accel,accel_2v2_4m,10.0,,NVDA,0.04400073398412503,-0.1820324619977225,-0.1130256570399355,ENPH,0.02925362676818724,-0.22651124679075274,0.11623747788633709,TSLA,0.023387985552078938,-0.2238160575856306,-0.09600927049842889
B_mom6m_top10_then_accel_2v2_4m_top3,B_6m_momentum_filter_then_acceleration,2022-02,2022-02-01,"ANET,MRVL,F",accel_2v2_4m,0.042236562310007164,-0.11549071961325778,-0.029397306371375536,4.0,recent2_minus_previous2_avg_accel,accel_2v2_4m,10.0,,ANET,0.04721271039073936,-0.05164928109990963,0.12212383188325737,MRVL,0.04635113512444673,-0.10314835114041487,-0.01864122439793514,F,0.0331458414148354,-0.19167452659944884,-0.19167452659944884
B_mom6m_top10_then_accel_2v2_4m_top3,B_6m_momentum_filter_then_acceleration,2022-03,2022-03-01,"HAL,OXY,COP",accel_2v2_4m,0.01448998990303598,0.16227539494674037,0.3348062505667471,4.0,recent2_minus_previous2_avg_accel,accel_2v2_4m,10.0,,HAL,0.028189704763812398,0.20149495727443223,0.29306971259349157,OXY,0.014186762018518179,0.24489604236270446,0.5086142557268052,COP,0.0010935029267773594,0.04043518520308442,0.20273478337994466
B_mom6m_top10_then_accel_2v2_4m_top3,B_6m_momentum_filter_then_acceleration,2022-04,2022-04-01,"MOS,OXY,HAL",accel_2v2_4m,-0.006070927422982643,-0.039154969774090866,0.07841116133027955,4.0,recent2_minus_previous2_avg_accel,accel_2v2_4m,10.0,,MOS,-0.0014818481489376062,-0.05282340746274816,-0.05282340746274816,OXY,-0.0064670678709418394,0.0032695995057594462,0.2118395467492904,HAL,-0.010263866249068485,-0.06791110136528389,0.07621734470429642
B_mom6m_top10_then_accel_2v2_4m_top3,B_6m_momentum_filter_then_acceleration,2022-05,2022-05-02,"EQT,MOS,CF",accel_2v2_4m,0.06916667037411946,0.06796040108276076,0.06796040108276076,4.0,recent2_minus_previous2_avg_accel,accel_2v2_4m,10.0,,EQT,0.08688656321628281,0.2666893858823096,0.2666893858823096,MOS,0.06590687991996867,-0.05719758617324022,-0.05719758617324022,CF,0.05470656798610689,-0.005610596460787098,-0.005610596460787098
B_mom6m_top10_then_accel_2v2_4m_top3,B_6m_momentum_filter_then_acceleration,2022-06,2022-06-01,"VLO,EQT,OXY",accel_2v2_4m,0.05196561199780112,-0.21243758426919293,-0.083871528817749,4.0,recent2_minus_previous2_avg_accel,accel_2v2_4m,10.0,,VLO,0.06679121035206241,-0.18536391616412362,-0.1579931226093796,EQT,0.05817615762195806,-0.3118472504767288,-0.06676933087658621,OXY,0.030929468019382886,-0.1401015861667264,-0.026852132967281173
B_mom6m_top10_then_accel_2v2_4m_top3,B_6m_momentum_filter_then_acceleration,2022-07,2022-07-01,"DVN,MPC,EOG",accel_2v2_4m,-0.01794749870088136,0.05249432243757409,0.18564761353719308,4.0,recent2_minus_previous2_avg_accel,accel_2v2_4m,10.0,,DVN,-0.007814550037172449,0.11722000059228765,0.23679889404355547,MPC,-0.02014572250459555,0.06912895292031807,0.22414991326178035,EOG,-0.025882223560876078,-0.028865986199883453,0.09599403330624345
B_mom6m_top10_then_accel_2v2_4m_top3,B_6m_momentum_filter_then_acceleration,2022-08,2022-08-01,"DVN,EXE,EOG",accel_2v2_4m,-0.02350707035443578,0.10713940287117592,0.2461039208013883,4.0,recent2_minus_previous2_avg_accel,accel_2v2_4m,10.0,,DVN,-0.01628212588786969,0.10703253914884603,0.2843710706585827,EXE,-0.01968673012001046,0.11092778217958643,0.16362945207331858,EOG,-0.0345523550554272,0.1034578872850953,0.2903112396722636
B_mom6m_top10_then_accel_2v2_4m_top3,B_6m_momentum_filter_then_acceleration,2022-09,2022-09-01,"FSLR,SMCI,SEDG",accel_2v2_4m,0.001392521110323744,-0.05011357351831688,0.28214490363558614,4.0,recent2_minus_previous2_avg_accel,accel_2v2_4m,10.0,,FSLR,0.03088016646493358,0.06867959191809336,0.3183666936337284,SMCI,-0.01085837518801458,-0.09842024525550785,0.4298577804909869,SEDG,-0.015844227945947767,-0.12060006721753613,0.09821023678204321
B_mom6m_top10_then_accel_2v2_4m_top3,B_6m_momentum_filter_then_acceleration,2022-10,2022-10-03,"FSLR,SMCI,CEG",accel_2v2_4m,0.05821328072096912,0.14991794585265375,0.30757241184067535,4.0,recent2_minus_previous2_avg_accel,accel_2v2_4m,10.0,,FSLR,0.08546355883056947,0.08746898429311889,0.23364075032769205,SMCI,0.04797438164082404,0.25915544925381284,0.5859470811833045,CEG,0.04120190169151382,0.10312940401102955,0.10312940401102955
B_mom6m_top10_then_accel_2v2_4m_top3,B_6m_momentum_filter_then_acceleration,2022-11,2022-11-01,"CEG,EQT,BIIB",accel_2v2_4m,0.03638757823848549,0.030256396643496664,0.030256396643496664,4.0,recent2_minus_previous2_avg_accel,accel_2v2_4m,10.0,,CEG,0.044307537498716534,-0.00947916360891854,-0.00947916360891854,EQT,0.03977870290525133,0.022366633452633344,0.022366633452633344,BIIB,0.025076494311488617,0.07788172008677519,0.07788172008677519
B_mom6m_top10_then_accel_2v2_4m_top3,B_6m_momentum_filter_then_acceleration,2022-12,2022-12-01,"TPL,FIX,CEG",accel_2v2_4m,0.0029621158237213654,-0.12636189579904353,-0.034932310325649994,4.0,recent2_minus_previous2_avg_accel,accel_2v2_4m,10.0,,TPL,0.014346066843545863,-0.17712384406407655,-0.17712384406407655,FIX,-0.001544463559862999,-0.06900949656582545,0.1682304012866318,CEG,-0.003915255812518767,-0.13295234676722856,-0.09590348819950523
B_mom6m_top10_then_accel_2v2_4m_top3,B_6m_momentum_filter_then_acceleration,2023-01,2023-01-03,"SMCI,FICO,TPL",accel_2v2_4m,0.05106080141541371,0.011121191442189038,0.1462497859639387,4.0,recent2_minus_previous2_avg_accel,accel_2v2_4m,10.0,,SMCI,0.08001391775045014,-0.04912946794614759,0.3441450922389375,FICO,0.03680778456094014,0.15475564515054985,0.16686686853071375,TPL,0.03636070193485086,-0.07226260287783515,-0.07226260287783515
B_mom6m_top10_then_accel_2v2_4m_top3,B_6m_momentum_filter_then_acceleration,2023-02,2023-02-01,"FLEX,URI,DECK",accel_2v2_4m,-0.05446856809754963,-0.013543517439872884,0.041211882798189735,4.0,recent2_minus_previous2_avg_accel,accel_2v2_4m,10.0,,FLEX,-0.05112244903749623,-0.04247270764203048,-0.04247270764203048,URI,-0.05354787647508463,0.031721443511042224,0.031721443511042224,DECK,-0.05873537878006804,-0.029879288188630393,0.13438691252555746
B_mom6m_top10_then_accel_2v2_4m_top3,B_6m_momentum_filter_then_acceleration,2023-03,2023-03-01,"CVNA,MELI,LVS",accel_2v2_4m,0.1291453248084575,0.04400412787441188,0.32249459463605873,4.0,recent2_minus_previous2_avg_accel,accel_2v2_4m,10.0,,CVNA,0.33975792607742744,0.042648763598271744,0.7732885422141715,MELI,0.03737240314726531,0.08680260646664051,0.08680260646664051,LVS,0.010305645200679753,0.0025610135583233884,0.1073926352273642
B_mom6m_top10_then_accel_2v2_4m_top3,B_6m_momentum_filter_then_acceleration,2023-04,2023-04-03,"MSTR,FSLR,NVDA",accel_2v2_4m,0.1250135145362495,-0.021628367816442062,0.26284058486209577,4.0,recent2_minus_previous2_avg_accel,accel_2v2_4m,10.0,,MSTR,0.20005064406718795,0.033894865641243,0.2705201919906497,FSLR,0.11362099009570303,-0.1325722992057513,0.001199098246501773,NVDA,0.06136890944585749,0.03379233011518212,0.5168024643491358
B_mom6m_top10_then_accel_2v2_4m_top3,B_6m_momentum_filter_then_acceleration,2023-05,2023-05-01,"SMCI,META,AXON",accel_2v2_4m,-0.01560438616518231,0.4028154855290183,0.8131227038266706,4.0,recent2_minus_previous2_avg_accel,accel_2v2_4m,10.0,,SMCI,0.004457245518401362,1.1978879257079433,2.2114928691725018,META,0.0022793825640814447,0.12102149666777628,0.32704190049707216,AXON,-0.05354978657802974,-0.11046296578866466,-0.09916665818956161
B_mom6m_top10_then_accel_2v2_4m_top3,B_6m_momentum_filter_then_acceleration,2023-06,2023-06-01,"MSTR,GE,PHM",accel_2v2_4m,-0.007462549828401864,0.1483792357859973,0.26751390044944184,4.0,recent2_minus_previous2_avg_accel,accel_2v2_4m,10.0,,MSTR,0.004532296261437835,0.2597186454047171,0.45022343972151235,GE,-0.006605631837006201,0.034489653558582356,0.09223725082630319,PHM,-0.020314313909637227,0.15092940839469238,0.26008101080051005
B_mom6m_top10_then_accel_2v2_4m_top3,B_6m_momentum_filter_then_acceleration,2023-07,2023-07-03,"SMCI,PLTR,NVDA",accel_2v2_4m,0.09009474315389294,0.24637245824630435,0.26210651381276406,4.0,recent2_minus_previous2_avg_accel,accel_2v2_4m,10.0,,SMCI,0.17342624715082425,0.35457465551576983,0.35457465551576983,PLTR,0.07899492128038788,0.28801541117986473,0.28801541117986473,NVDA,0.017863061030466726,0.09652730804327847,0.14372947474265763
B_mom6m_top10_then_accel_2v2_4m_top3,B_6m_momentum_filter_then_acceleration,2023-08,2023-08-01,"SMCI,CCL,PLTR",accel_2v2_4m,0.08806308918667212,-0.1767882282805865,-0.15849962000393106,4.0,recent2_minus_previous2_avg_accel,accel_2v2_4m,10.0,,SMCI,0.14937861408202557,-0.16411899604166968,-0.14427067082551082,CCL,0.062466326219391896,-0.12562540260619293,-0.12562540260619293,PLTR,0.05234432725859889,-0.24062028619389686,-0.20560278658008946
B_mom6m_top10_then_accel_2v2_4m_top3,B_6m_momentum_filter_then_acceleration,2023-09,2023-09-01,"CVNA,MSTR,CCL",accel_2v2_4m,0.16109661428610883,-0.14118433454844728,0.09169803100988642,4.0,recent2_minus_previous2_avg_accel,accel_2v2_4m,10.0,,CVNA,0.2886233508683206,-0.2281219424048233,-0.2281219424048233,MSTR,0.10776418926412791,-0.06256394594347614,0.5013088466835258,CCL,0.08690230272587801,-0.13286711529704243,0.0019071887509567453
B_mom6m_top10_then_accel_2v2_4m_top3,B_6m_momentum_filter_then_acceleration,2023-10,2023-10-02,"CVNA,APP,NVDA",accel_2v2_4m,0.03625732108251683,-0.16454367941829942,0.0902750946284427,4.0,recent2_minus_previous2_avg_accel,accel_2v2_4m,10.0,,CVNA,0.10290731927380925,-0.33783439269138016,0.2450955779093309,APP,0.008599626275497624,-0.10093089080564499,-0.04997552500682645,NVDA,-0.0027349823017563946,-0.05486575475787314,0.07570523098282367
B_mom6m_top10_then_accel_2v2_4m_top3,B_6m_momentum_filter_then_acceleration,2023-11,2023-11-01,"LEU,DELL,APP",accel_2v2_4m,-0.010091035372743912,0.009623268290317566,0.12730534116791925,4.0,recent2_minus_previous2_avg_accel,accel_2v2_4m,10.0,,LEU,0.010638420424798303,-0.06083796206861247,0.01109619306060794,DELL,-0.004646512752642024,0.04747345618102772,0.25474358431306654,APP,-0.03626501379038802,0.04223431075853745,0.11607624613008327
B_mom6m_top10_then_accel_2v2_4m_top3,B_6m_momentum_filter_then_acceleration,2023-12,2023-12-01,"JBL,DELL,MDB",accel_2v2_4m,-0.06229177118696794,0.0057992118367676815,0.33439398656091096,4.0,recent2_minus_previous2_avg_accel,accel_2v2_4m,10.0,,JBL,-0.046965597067039636,0.09605686129900048,0.2596439256708838,DELL,-0.049460184969769144,0.03976093652529533,0.7398388742321411,MDB,-0.09044953152409502,-0.11842016231399277,0.003699159779708028
B_mom6m_top10_then_accel_2v2_4m_top3,B_6m_momentum_filter_then_acceleration,2024-01,2024-01-02,"COIN,MSTR,MDB",accel_2v2_4m,0.052938399330373864,-0.12568022153861383,0.7114753372377093,4.0,recent2_minus_previous2_avg_accel,accel_2v2_4m,10.0,,COIN,0.07238635466544956,-0.17803421127780872,0.607024431180218,MSTR,0.04808322481101797,-0.2651536156860753,1.3888783102931517,MDB,0.03834561851465407,0.06614716234804252,0.13852327023975786
B_mom6m_top10_then_accel_2v2_4m_top3,B_6m_momentum_filter_then_acceleration,2024-02,2024-02-01,"CVNA,COIN,MSTR",accel_2v2_4m,0.17805706814681285,0.8967389168838981,1.417894653957438,4.0,recent2_minus_previous2_avg_accel,accel_2v2_4m,10.0,,CVNA,0.28532627828317064,0.9506230780899649,1.0477310319875568,COIN,0.17650161953682753,0.595734851820529,0.9550989265361769,MSTR,0.07234330662044032,1.1438588207412002,2.2508540033485804
B_mom6m_top10_then_accel_2v2_4m_top3,B_6m_momentum_filter_then_acceleration,2024-03,2024-03-01,"SMCI,ZS,VST",accel_2v2_4m,0.08097114371555128,0.11293641152440585,0.24623911150557964,4.0,recent2_minus_previous2_avg_accel,accel_2v2_4m,10.0,,SMCI,0.2167889732454912,0.1454145903034021,0.1454145903034021,ZS,0.020323747971991907,-0.12361442947071277,-0.12361442947071277,VST,0.005800709929170728,0.3170090737405282,0.7169171736840496
B_mom6m_top10_then_accel_2v2_4m_top3,B_6m_momentum_filter_then_acceleration,2024-04,2024-04-01,"SMCI,CVNA,DELL",accel_2v2_4m,0.17129446140649054,-0.09600532887819753,0.13812751845436802,4.0,recent2_minus_previous2_avg_accel,accel_2v2_4m,10.0,,SMCI,0.22023015721559308,-0.2881453556578677,-0.2167766945326116,CVNA,0.19788088764307113,0.00345658869847032,0.43276881688233204,DELL,0.09577233936080745,-0.0033272196751952254,0.19839043301338366
B_mom6m_top10_then_accel_2v2_4m_top3,B_6m_momentum_filter_then_acceleration,2024-05,2024-05-01,"MSTR,CVNA,VST",accel_2v2_4m,0.07550209051063296,0.31073615172086727,0.49277009051166937,4.0,recent2_minus_previous2_avg_accel,accel_2v2_4m,10.0,,MSTR,0.10509269247576873,0.582667896645291,0.582667896645291,CVNA,0.0661182191149573,0.13629582323702194,0.6823976396094282,VST,0.05529535994117285,0.21324473528028887,0.21324473528028887
B_mom6m_top10_then_accel_2v2_4m_top3,B_6m_momentum_filter_then_acceleration,2024-06,2024-06-03,"VST,WSM,APP",accel_2v2_4m,-0.04042832956645428,-0.03504917759802525,-0.005913498216577828,4.0,recent2_minus_previous2_avg_accel,accel_2v2_4m,10.0,,VST,-0.007066457822730243,-0.06094223056291359,-0.06094223056291359,WSM,-0.030600172461566377,-0.06984016105599178,-0.022457278664222424,APP,-0.08361835841506621,0.02563485882482963,0.06565901457740253
B_mom6m_top10_then_accel_2v2_4m_top3,B_6m_momentum_filter_then_acceleration,2024-07,2024-07-01,"COHR,COIN,VST",accel_2v2_4m,-0.02491894659541764,-0.10600523013644332,0.17947714151407881,4.0,recent2_minus_previous2_avg_accel,accel_2v2_4m,10.0,,COHR,-0.012609388185115783,-0.09980746109496397,0.22078644019300242,COIN,-0.01609791153265694,-0.0888288818668802,-0.0888288818668802,VST,-0.046049540068480194,-0.1293793474474858,0.40647386621611425
B_mom6m_top10_then_accel_2v2_4m_top3,B_6m_momentum_filter_then_acceleration,2024-08,2024-08-01,"COHR,CVNA,ARM",accel_2v2_4m,0.03896865133197636,0.03414732260606094,0.3790354423857662,4.0,recent2_minus_previous2_avg_accel,accel_2v2_4m,10.0,,COHR,0.05271350377362842,0.0977396696453694,0.4092851870558962,CVNA,0.03313362751046975,-0.013650065322653337,0.5634725824499975,ARM,0.031058822711830913,0.01835236349546676,0.16434855765140477
B_mom6m_top10_then_accel_2v2_4m_top3,B_6m_momentum_filter_then_acceleration,2024-09,2024-09-03,"TPL,HWM,PLTR",accel_2v2_4m,-0.024676162269049683,0.13392688264976296,0.7616010524134184,4.0,recent2_minus_previous2_avg_accel,accel_2v2_4m,10.0,,TPL,-0.0040485430351311635,0.12183472688725305,0.8426728103280665,HWM,-0.02615775926482329,0.08492793315791447,0.266122516967916,PLTR,-0.04382218450719459,0.1950179879041214,1.1760078299442727
B_mom6m_top10_then_accel_2v2_4m_top3,B_6m_momentum_filter_then_acceleration,2024-10,2024-10-01,"CVNA,MSTR,TRGP",accel_2v2_4m,0.03207756330520504,0.27251309635087356,0.6951746722830069,4.0,recent2_minus_previous2_avg_accel,accel_2v2_4m,10.0,,CVNA,0.06788005593117998,0.30307173182374303,0.45017062524689466,MSTR,0.02849363097714848,0.41194912574052345,1.337574418132645,TRGP,-0.00014099699271333255,0.10251843148835427,0.2977789734694811
B_mom6m_top10_then_accel_2v2_4m_top3,B_6m_momentum_filter_then_acceleration,2024-11,2024-11-01,"APP,VST,PLTR",accel_2v2_4m,0.12224849889952026,0.6519945147181097,0.881590604488804,4.0,recent2_minus_previous2_avg_accel,accel_2v2_4m,10.0,,APP,0.14765235222557643,1.0827371056093336,1.234697029103577,VST,0.1371667321117644,0.28951546789741767,0.41246024425045413,PLTR,0.08192641236121996,0.5837309706475777,0.9976145401123806
B_mom6m_top10_then_accel_2v2_4m_top3,B_6m_momentum_filter_then_acceleration,2024-12,2024-12-02,"LEU,VST,APP",accel_2v2_4m,0.13562519110610516,-0.04196844741634653,0.062285223005945266,4.0,recent2_minus_previous2_avg_accel,accel_2v2_4m,10.0,,LEU,0.21280985611116227,-0.10209770879488689,0.018552185723901493,VST,0.12120277393694387,-0.027301577651579145,0.09534183917429129,APP,0.07286294327020937,0.003493944197426435,0.07296164411964301
B_mom6m_top10_then_accel_2v2_4m_top3,B_6m_momentum_filter_then_acceleration,2025-01,2025-01-02,"MSTR,APP,RKLB",accel_2v2_4m,0.11207807778213476,0.12105770670736475,0.12105770670736475,4.0,recent2_minus_previous2_avg_accel,accel_2v2_4m,10.0,,MSTR,0.14914678638531942,0.15692805253079944,0.15692805253079944,APP,0.12023304442318516,0.06922582873957994,0.06922582873957994,RKLB,0.0668544025378997,0.13701923885171485,0.13701923885171485
B_mom6m_top10_then_accel_2v2_4m_top3,B_6m_momentum_filter_then_acceleration,2025-02,2025-02-03,"APP,TSLA,PLTR",accel_2v2_4m,0.05616081034179773,-0.11294022899667366,0.017543011253002765,4.0,recent2_minus_previous2_avg_accel,accel_2v2_4m,10.0,,APP,0.06307754876290195,-0.07689362389390075,-0.07689362389390075,TSLA,0.05895022735528277,-0.2581057148397613,-0.2581057148397613,PLTR,0.04645465490720847,-0.0038213482563589363,0.38762837249267035
B_mom6m_top10_then_accel_2v2_4m_top3,B_6m_momentum_filter_then_acceleration,2025-03,2025-03-03,"PLTR,GEV,AXON",accel_2v2_4m,-0.08438556347821408,0.014471624320608409,0.5207506696623914,4.0,recent2_minus_previous2_avg_accel,accel_2v2_4m,10.0,,PLTR,-0.07881130139828127,0.015104317476472007,0.5828338070533214,GEV,-0.07990543186426724,-0.0010760583178445193,0.5365841414027661,AXON,-0.09443995717209372,0.029386613803197736,0.44283406053108654
B_mom6m_top10_then_accel_2v2_4m_top3,B_6m_momentum_filter_then_acceleration,2025-04,2025-04-01,"ECHO,TPL,TPR",accel_2v2_4m,-0.0158641918705812,-0.05119964290710651,0.0964552150327536,4.0,recent2_minus_previous2_avg_accel,accel_2v2_4m,10.0,,ECHO,0.011498998095701402,-0.08614529695464046,0.12584358908639204,TPL,-0.024538566806690046,-0.034527220141861714,-0.034527220141861714,TPR,-0.034553006900754954,-0.03292641162481735,0.19804927615373047
B_mom6m_top10_then_accel_2v2_4m_top3,B_6m_momentum_filter_then_acceleration,2025-05,2025-05-01,"LEU,EQT,TPR",accel_2v2_4m,-0.03536255215546948,0.33178201480818653,0.8579319051484465,4.0,recent2_minus_previous2_avg_accel,accel_2v2_4m,10.0,,LEU,-0.03025968618596471,0.7524266176485106,1.930510797058739,EQT,-0.03433919793656959,0.1284350598780577,0.1284350598780577,TPR,-0.04148877234387416,0.11448436689799135,0.5148498585085428
B_mom6m_top10_then_accel_2v2_4m_top3,B_6m_momentum_filter_then_acceleration,2025-06,2025-06-02,"MSTR,AXON,NFLX",accel_2v2_4m,0.038964642176163335,0.028714005301186212,0.028714005301186212,4.0,recent2_minus_previous2_avg_accel,accel_2v2_4m,10.0,,MSTR,0.11053232049528561,0.0027668058390253325,0.0027668058390253325,AXON,0.0042297638904918305,0.0221601136299725,0.0221601136299725,NFLX,0.0021318421427125728,0.0612150964345608,0.0612150964345608
B_mom6m_top10_then_accel_2v2_4m_top3,B_6m_momentum_filter_then_acceleration,2025-07,2025-07-01,"LEU,CVNA,PLTR",accel_2v2_4m,0.15195015501953976,0.16754278087934424,0.5156135230152927,4.0,recent2_minus_previous2_avg_accel,accel_2v2_4m,10.0,,LEU,0.2037787182823921,0.23484081287711134,0.9625983769482405,CVNA,0.12901167028887697,0.08727013674876516,0.1689528799295117,PLTR,0.12306007648735015,0.1805173930121562,0.41528931216812603
B_mom6m_top10_then_accel_2v2_4m_top3,B_6m_momentum_filter_then_acceleration,2025-08,2025-08-01,"LEU,SMCI,SEDG",accel_2v2_4m,0.08027495314822386,-0.02242518208863653,0.3609629869178265,4.0,recent2_minus_previous2_avg_accel,accel_2v2_4m,10.0,,LEU,0.09474195862305013,-0.02131235252907482,0.6463782807073697,SMCI,0.07371810929431169,-0.2800141380871932,-0.07503531154304233,SEDG,0.07236479152730975,0.23405094435035845,0.5115459915891523
B_mom6m_top10_then_accel_2v2_4m_top3,B_6m_momentum_filter_then_acceleration,2025-09,2025-09-02,"RKLB,UUUU,FIX",accel_2v2_4m,0.05378988409463862,0.18333972985861133,0.4034395031970104,4.0,recent2_minus_previous2_avg_accel,accel_2v2_4m,10.0,,RKLB,0.08934761466800152,-0.0271750175475296,0.2439667094759599,UUUU,0.05654745400057262,0.38292258036406346,0.5669013886455498,FIX,0.015474583615341722,0.1942716267593001,0.3994504114695214
B_mom6m_top10_then_accel_2v2_4m_top3,B_6m_momentum_filter_then_acceleration,2025-10,2025-10-01,"ECHO,NEM,UUUU",accel_2v2_4m,0.06992634105331834,0.010236167326675946,0.24172983976344628,4.0,recent2_minus_previous2_avg_accel,accel_2v2_4m,10.0,,ECHO,0.2047335601567769,-0.051949650986389595,0.4110691862286262,NEM,0.003263936117273311,-0.050378078340943766,0.1810841017543514,UUUU,0.0017815268859047995,0.1330362313073612,0.1330362313073612
B_mom6m_top10_then_accel_2v2_4m_top3,B_6m_momentum_filter_then_acceleration,2025-11,2025-11-03,"ECHO,PLUG,SEDG",accel_2v2_4m,0.07889491977788551,-0.11058066131510964,0.11960047932058866,4.0,recent2_minus_previous2_avg_accel,accel_2v2_4m,10.0,,ECHO,0.17097540931894872,-0.031444907260395616,0.5463712193780337,PLUG,0.04883458841217089,-0.3018181974237615,-0.18909090215509583,SEDG,0.016874761602536925,0.0015211207388281522,0.0015211207388281522
B_mom6m_top10_then_accel_2v2_4m_top3,B_6m_momentum_filter_then_acceleration,2025-12,2025-12-01,"CIEN,MU,AMD",accel_2v2_4m,0.03170932189755384,0.18460481983804958,0.5675319034772334,4.0,recent2_minus_previous2_avg_accel,accel_2v2_4m,10.0,,CIEN,0.0710543708335781,0.22466653295353933,0.7605515339936006,MU,0.02407891746021283,0.3122658424388256,0.8214125308780598,AMD,-5.3226011294121855e-06,0.016882084121783825,0.1206316455600398
B_mom6m_top10_then_accel_2v2_4m_top3,B_6m_momentum_filter_then_acceleration,2026-01,2026-01-02,"AMD,COHR,CIEN",accel_2v2_4m,0.004727385932429075,0.11261152795261824,0.44278314774740296,4.0,recent2_minus_previous2_avg_accel,accel_2v2_4m,10.0,,AMD,0.018906108275385358,0.10202713083283199,0.10202713083283199,COHR,0.01388209737822857,0.14465085342195194,0.5381567480350962,CIEN,-0.018606047856326705,0.09115659960307076,0.6881655643742808
B_mom6m_top10_then_accel_2v2_4m_top3,B_6m_momentum_filter_then_acceleration,2026-02,2026-02-02,"RKLB,COHR,MU",accel_2v2_4m,0.022920973291224642,0.08116382893167666,0.26105069807556763,4.0,recent2_minus_previous2_avg_accel,accel_2v2_4m,10.0,,RKLB,0.04704616887523942,-0.042886045040281484,0.06284552848037994,COHR,0.020990718739661213,0.3437780991791095,0.4812983113808176,MU,0.0007260322587732959,-0.05740056734379806,0.23900825436550543
B_mom6m_top10_then_accel_2v2_4m_top3,B_6m_momentum_filter_then_acceleration,2026-03,2026-03-02,"RKLB,UUUU,COHR",accel_2v2_4m,0.08820370979891308,-0.15990075285401095,0.28847948772302723,4.0,recent2_minus_previous2_avg_accel,accel_2v2_4m,10.0,,RKLB,0.1804873487853274,-0.07679307431161297,0.7245314539172538,UUUU,0.0718622649303112,-0.23192126151723902,-0.07317077151963769,COHR,0.012261515681100649,-0.17098792273318086,0.21407778077146555
B_mom6m_top10_then_accel_3v3_6m_top3,B_6m_momentum_filter_then_acceleration,2016-01,2016-01-04,"LDOS,NVDA,TYL",accel_3v3_6m,0.02967316970969125,-0.10121230555847212,0.008098108809265944,6.0,recent3_minus_previous3_avg_accel,accel_3v3_6m,10.0,,LDOS,0.03893609683663971,-0.1562905152519075,-0.044043623063586224,NVDA,0.03272750965590416,-0.09484083753346129,0.12084351338143162,TYL,0.01735590263652988,-0.05250556389004757,-0.05250556389004757
B_mom6m_top10_then_accel_3v3_6m_top3,B_6m_momentum_filter_then_acceleration,2016-02,2016-02-01,"FSLR,LDOS,HRL",accel_3v3_6m,0.032351367286461666,0.0063914779633205505,0.06738768009197123,6.0,recent3_minus_previous3_avg_accel,accel_3v3_6m,10.0,,FSLR,0.06656593179138415,-0.0015912138683923382,-0.0015912138683923382,LDOS,0.017902106900731758,-0.028246316035714925,0.13303974201716495,HRL,0.012586063167269096,0.04901196379406891,0.07071451212714108
B_mom6m_top10_then_accel_3v3_6m_top3,B_6m_momentum_filter_then_acceleration,2016-03,2016-03-01,"FSLR,NEM,TSN",accel_3v3_6m,0.015834036684814774,0.02179805374175244,0.12324605269847755,6.0,recent3_minus_previous3_avg_accel,accel_3v3_6m,10.0,,FSLR,0.021727501156294935,-0.022312277036129258,-0.022312277036129258,NEM,0.01870244168516562,0.04943309427942655,0.3537770911496019,TSN,0.007072167212983773,0.03827334398196003,0.03827334398196003
B_mom6m_top10_then_accel_3v3_6m_top3,B_6m_momentum_filter_then_acceleration,2016-04,2016-04-01,"NEM,SMCI,TSN",accel_3v3_6m,0.02343528446211829,0.01877944076005611,0.09426758600054308,6.0,recent3_minus_previous3_avg_accel,accel_3v3_6m,10.0,,NEM,0.039932316299423544,0.29000800387293624,0.5164724395943971,SMCI,0.02533971550094534,-0.2128153066806837,-0.2128153066806837,TSN,0.005033821585985974,-0.020854374912084195,-0.020854374912084195
B_mom6m_top10_then_accel_3v3_6m_top3,B_6m_momentum_filter_then_acceleration,2016-05,2016-05-02,"LEU,NEM,LVS",accel_3v3_6m,0.07114494066087244,-0.0341420772590495,0.15404278293879062,6.0,recent3_minus_previous3_avg_accel,accel_3v3_6m,10.0,,LEU,0.16433942265956036,-0.04516124864274451,0.08387096724574694,NEM,0.03255052663622358,-0.0489228356874053,0.286871635803541,LVS,0.01654487268683337,-0.008342147446998682,0.09138574576708391
B_mom6m_top10_then_accel_3v3_6m_top3,B_6m_momentum_filter_then_acceleration,2016-06,2016-06-01,"LEU,FCX,AMD",accel_3v3_6m,0.08149923904138963,0.11678651236021431,0.33964446315726615,6.0,recent3_minus_previous3_avg_accel,accel_3v3_6m,10.0,,LEU,0.1398658912716986,0.13513508506549265,0.18243241719384562,FCX,0.07580795799972384,0.07075484295812862,0.17735871732463182,AMD,0.028823867852746467,0.14446960905702166,0.659142254953321
B_mom6m_top10_then_accel_3v3_6m_top3,B_6m_momentum_filter_then_acceleration,2016-07,2016-07-01,"LEU,TRGP,OKE",accel_3v3_6m,0.07676129372637293,-0.08887546685714698,0.13981559756468095,6.0,recent3_minus_previous3_avg_accel,accel_3v3_6m,10.0,,LEU,0.13407277808174264,-0.05654756688510587,0.1517857161863727,TRGP,0.0505230751821569,-0.11379990503986737,0.17863673464310126,OKE,0.04568802791521927,-0.0962789286464677,0.08902434186456887
B_mom6m_top10_then_accel_3v3_6m_top3,B_6m_momentum_filter_then_acceleration,2016-08,2016-08-01,"OKE,TRGP,IRM",accel_3v3_6m,0.019474350780440946,0.07592318302370064,0.15827316572942254,6.0,recent3_minus_previous3_avg_accel,accel_3v3_6m,10.0,,OKE,0.02621898079869576,0.11309252111772339,0.20504476036339603,TRGP,0.024170064150887745,0.17489169346108557,0.3299894023325787,IRM,0.008034007391739333,-0.060214665507707044,-0.060214665507707044
B_mom6m_top10_then_accel_3v3_6m_top3,B_6m_momentum_filter_then_acceleration,2016-09,2016-09-01,"DHR,AXON,NVDA",accel_3v3_6m,0.0366391294384874,-0.017411667116833174,0.1271565805158171,6.0,recent3_minus_previous3_avg_accel,accel_3v3_6m,10.0,,DHR,0.039611515345727905,-0.040817474946013066,-0.040817474946013066,AXON,0.03523263757611917,-0.09534448527267592,0.03240219439569114,NVDA,0.03507323539361512,0.08392695886818946,0.3898850220977732
B_mom6m_top10_then_accel_3v3_6m_top3,B_6m_momentum_filter_then_acceleration,2016-10,2016-10-03,"DHR,DVN,WMB",accel_3v3_6m,0.028509288971092245,-0.07561646939367712,0.04266556992048794,6.0,recent3_minus_previous3_avg_accel,accel_3v3_6m,10.0,,DHR,0.04324217691728395,-0.012309865608527426,0.011734094288292862,DVN,0.02153701344587268,-0.14728514549635952,0.08257915887950085,WMB,0.02074867655012011,-0.06725439707614445,0.033683456593670114
B_mom6m_top10_then_accel_3v3_6m_top3,B_6m_momentum_filter_then_acceleration,2016-11,2016-11-01,"DHR,MU,NVDA",accel_3v3_6m,0.024280143184839856,0.11977862414929526,0.39885219032495817,6.0,recent3_minus_previous3_avg_accel,accel_3v3_6m,10.0,,DHR,0.03082221836379539,-0.00012924385886237122,0.08623558772500295,MU,0.024844104789567327,0.0883392230218214,0.45759723744777636,NVDA,0.017174106401156852,0.27112589328492676,0.6527237458020951
B_mom6m_top10_then_accel_3v3_6m_top3,B_6m_momentum_filter_then_acceleration,2016-12,2016-12-01,"TPL,GEN,AMAT",accel_3v3_6m,-0.0029574382523649173,0.030812196600407127,0.18175520146163895,6.0,recent3_minus_previous3_avg_accel,accel_3v3_6m,10.0,,TPL,0.01228709793030733,0.02078457504227149,0.08998624900297991,GEN,-0.006087915155504164,0.010522322203156076,0.22753695738620583,AMAT,-0.015071497531897918,0.06112969255579381,0.22774239799573115
B_mom6m_top10_then_accel_3v3_6m_top3,B_6m_momentum_filter_then_acceleration,2017-01,2017-01-03,"TPL,FCX,CFG",accel_3v3_6m,0.0047989121469462544,0.1037788124252242,0.1327054755334006,6.0,recent3_minus_previous3_avg_accel,accel_3v3_6m,10.0,,TPL,0.01170734340625823,0.06779263289498916,0.06779263289498916,FCX,0.008027167647354843,0.2220612946868079,0.2220612946868079,CFG,-0.005337774612774312,0.02148250969387555,0.10826249901840468
B_mom6m_top10_then_accel_3v3_6m_top3,B_6m_momentum_filter_then_acceleration,2017-02,2017-02-01,"LEU,ZBRA,CFG",accel_3v3_6m,0.061117026276160204,0.07503710539822217,0.09174210220676297,6.0,recent3_minus_previous3_avg_accel,accel_3v3_6m,10.0,,LEU,0.16926715194560293,0.04210530806776713,0.04210530806776713,ZBRA,0.010005028350607952,0.09805106420863674,0.14816605463425914,CFG,0.004078898532269719,0.08495494391826264,0.08495494391826264
B_mom6m_top10_then_accel_3v3_6m_top3,B_6m_momentum_filter_then_acceleration,2017-03,2017-03-01,"LEU,URI,TRGP",accel_3v3_6m,0.07197008608200231,-0.017071715401759818,-0.017071715401759818,6.0,recent3_minus_previous3_avg_accel,accel_3v3_6m,10.0,,LEU,0.12190621624503538,-0.018518540817300533,-0.018518540817300533,URI,0.047560546086474295,-0.07146051362027261,-0.07146051362027261,TRGP,0.04644349591449726,0.0387639082322937,0.0387639082322937
B_mom6m_top10_then_accel_3v3_6m_top3,B_6m_momentum_filter_then_acceleration,2017-04,2017-04-03,"LEU,AMD,LUV",accel_3v3_6m,0.034449013699895024,-0.05889259277255746,-0.0223568347852738,6.0,recent3_minus_previous3_avg_accel,accel_3v3_6m,10.0,,LEU,0.05553500440165362,-0.14922811268341052,-0.14922811268341052,AMD,0.04177718628944255,-0.06967216078166893,-0.06967216078166893,LUV,0.0060348504085888915,0.04222249514740706,0.15182976910925805
B_mom6m_top10_then_accel_3v3_6m_top3,B_6m_momentum_filter_then_acceleration,2017-05,2017-05-01,"NRG,SHOP,AMD",accel_3v3_6m,0.02002682827903103,0.005772661101926091,0.27568308244014456,6.0,recent3_minus_previous3_avg_accel,accel_3v3_6m,10.0,,NRG,0.04637242594391613,0.005398888279310787,0.4733017494036986,SHOP,0.013891338643974127,0.20942273694906666,0.3471395571425713,AMD,-0.00018327975079716376,-0.19750364192259917,0.006607940774163712
B_mom6m_top10_then_accel_3v3_6m_top3,B_6m_momentum_filter_then_acceleration,2017-06,2017-06-01,"PLUG,BLDR,ANET",accel_3v3_6m,0.043842437096565795,0.06360570704221898,0.20874689661643298,6.0,recent3_minus_previous3_avg_accel,accel_3v3_6m,10.0,,PLUG,0.07615554666491083,0.10215050352144872,0.24193544355565155,BLDR,0.04107176324172515,0.09964160303425684,0.18924733902643864,ANET,0.014300001383061412,-0.010974985429048623,0.19505790726720873
B_mom6m_top10_then_accel_3v3_6m_top3,B_6m_momentum_filter_then_acceleration,2017-07,2017-07-03,"PLUG,VRTX,SHOP",accel_3v3_6m,0.031280754262899856,0.17726333629780408,0.33013696712640694,6.0,recent3_minus_previous3_avg_accel,accel_3v3_6m,10.0,,PLUG,0.0510700543333639,0.12682926659070604,0.34146344583705446,VRTX,0.02285584089809243,0.19472823873252687,0.26522663104418176,SHOP,0.019916367557243235,0.2102325035701793,0.3837208244979846
B_mom6m_top10_then_accel_3v3_6m_top3,B_6m_momentum_filter_then_acceleration,2017-08,2017-08-01,"PLUG,MELI,SEDG",accel_3v3_6m,0.023561655143900285,-0.007042243641292689,0.1812751120661229,6.0,recent3_minus_previous3_avg_accel,accel_3v3_6m,10.0,,PLUG,0.04551165007628835,-0.051948003693320643,0.22077922211963008,MELI,0.01428214196288208,-0.12797704843626367,-0.08682511123317016,SEDG,0.010891173392530432,0.15879832120570625,0.4098712253119088
B_mom6m_top10_then_accel_3v3_6m_top3,B_6m_momentum_filter_then_acceleration,2017-09,2017-09-01,"FSLR,MELI,SEDG",accel_3v3_6m,0.01282818156589259,0.032736725952455435,0.21110382742012698,6.0,recent3_minus_previous3_avg_accel,accel_3v3_6m,10.0,,FSLR,0.03832871720286548,-0.013795983388524391,0.2604514850487232,MELI,8.608396756206588e-05,0.04719134643107581,0.08397113657978572,SEDG,6.974352725022323e-05,0.06481481481481488,0.288888860631872
B_mom6m_top10_then_accel_3v3_6m_top3,B_6m_momentum_filter_then_acceleration,2017-10,2017-10-02,"NVDA,NRG,ANET",accel_3v3_6m,-0.004164249117243683,0.05521505387032429,0.1672963078020863,6.0,recent3_minus_previous3_avg_accel,accel_3v3_6m,10.0,,NVDA,-0.0017178322733612066,0.15754149367178516,0.15754149367178516,NRG,-0.002711739871548921,-0.027762540608555097,0.13114568807059812,ANET,-0.008063175206820922,0.035866208547742806,0.21320174166387562
B_mom6m_top10_then_accel_3v3_6m_top3,B_6m_momentum_filter_then_acceleration,2017-11,2017-11-01,"TPL,NVDA,NRG",accel_3v3_6m,0.020095910010533912,0.023646063659187495,0.20655713441437742,6.0,recent3_minus_previous3_avg_accel,accel_3v3_6m,10.0,,TPL,0.03206674179617644,-0.008980309394048036,0.2947048757420385,NVDA,0.018492851533638922,-0.045282881964703314,0.1615206253254884,NRG,0.009728136701786374,0.12520138233631384,0.1634459021756054
B_mom6m_top10_then_accel_3v3_6m_top3,B_6m_momentum_filter_then_acceleration,2017-12,2017-12-01,"CF,MU,IBKR",accel_3v3_6m,0.037288547757447645,0.0709311149384988,0.14395437731994543,6.0,recent3_minus_previous3_avg_accel,accel_3v3_6m,10.0,,CF,0.05026354846212676,0.14764566914380128,0.14764566914380128,MU,0.04108287155356913,0.04000978072545025,0.13407968031000217,IBKR,0.02051922325664704,0.025137894946244854,0.15013778250603282
B_mom6m_top10_then_accel_3v3_6m_top3,B_6m_momentum_filter_then_acceleration,2018-01,2018-01-02,"ENPH,DHI,PODD",accel_3v3_6m,0.05773214856375867,-0.036659778011203126,0.30271224060300667,6.0,recent3_minus_previous3_avg_accel,accel_3v3_6m,10.0,,ENPH,0.13230175146201914,-0.16538455542727826,0.7346155362721787,DHI,0.023673484519783978,-0.05836287243417315,-0.05836287243417315,PODD,0.01722120970947287,0.11376809382784203,0.2318840579710144
B_mom6m_top10_then_accel_3v3_6m_top3,B_6m_momentum_filter_then_acceleration,2018-02,2018-02-01,"ENPH,TKO,FCX",accel_3v3_6m,0.029321202512732278,0.18228100284023785,0.38578286816095914,6.0,recent3_minus_previous3_avg_accel,accel_3v3_6m,10.0,,ENPH,0.05063621009422031,0.5253455421220792,1.0783410462290313,TKO,0.021807600423950968,0.06828408393445384,0.12579417578966567,FCX,0.015519797020025547,-0.046786617535819475,-0.046786617535819475
B_mom6m_top10_then_accel_3v3_6m_top3,B_6m_momentum_filter_then_acceleration,2018-03,2018-03-01,"ANET,ENPH,TKO",accel_3v3_6m,0.01564664056479091,0.08312631695079405,0.4379553293946077,6.0,recent3_minus_previous3_avg_accel,accel_3v3_6m,10.0,,ANET,0.02472484842987582,-0.03900679970542087,0.0055724082210981685,ENPH,0.012762858358184852,0.3625378570534372,0.7462236585281175,TKO,0.00945221490631205,-0.0741521064956342,0.5620699214346074
B_mom6m_top10_then_accel_3v3_6m_top3,B_6m_momentum_filter_then_acceleration,2018-04,2018-04-02,"MELI,AXON,NFLX",accel_3v3_6m,0.030161666508664392,0.0489655426304475,0.3507698640676362,6.0,recent3_minus_previous3_avg_accel,accel_3v3_6m,10.0,,MELI,0.03686547770647653,-0.0222926857137834,-0.0222926857137834,AXON,0.028653206589644688,0.05141840939296749,0.6540021228191464,NFLX,0.024966315229871965,0.11777090421215841,0.4206001550975458
B_mom6m_top10_then_accel_3v3_6m_top3,B_6m_momentum_filter_then_acceleration,2018-05,2018-05-01,"CVNA,AXON,DXCM",accel_3v3_6m,0.03574727864626125,0.2910456253458053,0.5367804167993395,6.0,recent3_minus_previous3_avg_accel,accel_3v3_6m,10.0,,CVNA,0.062312571402240426,0.04371990948043836,0.6206003201646297,AXON,0.02927582914830907,0.5731150491972823,0.6482775460256431,DXCM,0.015653435388234275,0.2563019173596952,0.3414633842077457
B_mom6m_top10_then_accel_3v3_6m_top3,B_6m_momentum_filter_then_acceleration,2018-06,2018-06-01,"CVNA,AXON,SEDG",accel_3v3_6m,0.040877555922199285,0.14313360919202214,0.49632019327276994,6.0,recent3_minus_previous3_avg_accel,accel_3v3_6m,10.0,,CVNA,0.07080082255731376,0.5140220089893202,1.390486480557417,AXON,0.02826749297625479,-0.013323165481209154,0.07013773334788342,SEDG,0.0235643522330293,-0.07129801593204455,0.028336365913009365
B_mom6m_top10_then_accel_3v3_6m_top3,B_6m_momentum_filter_then_acceleration,2018-07,2018-07-02,"CVNA,DXCM,TPL",accel_3v3_6m,0.04880530212387189,0.04439820501671943,0.4366070575829215,6.0,recent3_minus_previous3_avg_accel,accel_3v3_6m,10.0,,CVNA,0.06867594358963305,0.025556907246393257,0.5788981047595059,DXCM,0.05323100749946481,-0.030573840529607987,0.4835957550651975,TPL,0.024508955282517817,0.138211548333373,0.24732731292406118
B_mom6m_top10_then_accel_3v3_6m_top3,B_6m_momentum_filter_then_acceleration,2018-08,2018-08-01,"TKO,TPL,ALGN",accel_3v3_6m,0.025974279283443008,0.10547467515935931,0.13955418015554,6.0,recent3_minus_previous3_avg_accel,accel_3v3_6m,10.0,,TKO,0.03526000190042675,0.14368572936584934,0.21586985645185974,TPL,0.02519024789256597,0.08331230438588277,0.09586597917624462,ALGN,0.017472588057336293,0.0894259917263458,0.10692670483851563
B_mom6m_top10_then_accel_3v3_6m_top3,B_6m_momentum_filter_then_acceleration,2018-09,2018-09-04,"TKO,XYZ,AMD",accel_3v3_6m,0.022664727379077643,0.08298032038547369,0.08298032038547369,6.0,recent3_minus_previous3_avg_accel,accel_3v3_6m,10.0,,TKO,0.03239427836188815,0.06311535173743499,0.06311535173743499,XYZ,0.021678853052187294,0.06608217840325348,0.06608217840325348,AMD,0.013921050723157496,0.1197434310157326,0.1197434310157326
B_mom6m_top10_then_accel_3v3_6m_top3,B_6m_momentum_filter_then_acceleration,2018-10,2018-10-01,"CVNA,ENPH,XYZ",accel_3v3_6m,0.029361436230332463,-0.14960693383138934,-0.09113916799099046,6.0,recent3_minus_previous3_avg_accel,accel_3v3_6m,10.0,,CVNA,0.03717259207224243,-0.22759701378977826,-0.22759701378977826,ENPH,0.027652878186699984,-0.010080683538370105,0.16532261398282655,XYZ,0.02325883843205497,-0.21114310416601967,-0.21114310416601967
B_mom6m_top10_then_accel_3v3_6m_top3,B_6m_momentum_filter_then_acceleration,2018-11,2018-11-01,"AMD,FTNT,UUUU",accel_3v3_6m,0.014019260871814243,0.029294783604331427,0.05757844475634244,6.0,recent3_minus_previous3_avg_accel,accel_3v3_6m,10.0,,AMD,0.016862167451955283,0.1726013793093042,0.21216622459002643,FTNT,0.013441170556383263,-0.1025212371715769,-0.05723509899626611,UUUU,0.01175444460710418,0.017804208675266997,0.017804208675266997
B_mom6m_top10_then_accel_3v3_6m_top3,B_6m_momentum_filter_then_acceleration,2018-12,2018-12-03,"HCA,DXCM,FTNT",accel_3v3_6m,0.008477191923376854,-0.13224045040141993,0.054301947731917134,6.0,recent3_minus_previous3_avg_accel,accel_3v3_6m,10.0,,HCA,0.009195920651799989,-0.16768091171895327,-0.044979514809201704,DXCM,0.00902638692795478,-0.15674644268787952,0.05051621158407893,FTNT,0.007209268190375795,-0.07229399679742698,0.15736914642087418
B_mom6m_top10_then_accel_3v3_6m_top3,B_6m_momentum_filter_then_acceleration,2019-01,2019-01-02,"CHD,MKC,HCA",accel_3v3_6m,0.0010703118711086284,0.019511424372693636,0.1256673451170737,6.0,recent3_minus_previous3_avg_accel,accel_3v3_6m,10.0,,CHD,0.00364909258643458,0.003724814460708936,0.12096853988426526,MKC,0.002528031525060445,-0.0926116429818582,0.1086123938277257,HCA,-0.00296618849816914,0.14742110163923017,0.14742110163923017
B_mom6m_top10_then_accel_3v3_6m_top3,B_6m_momentum_filter_then_acceleration,2019-02,2019-02-01,"SBUX,CIEN,NRG",accel_3v3_6m,0.00162007015618617,0.0654736437930828,0.098287239128613,6.0,recent3_minus_previous3_avg_accel,accel_3v3_6m,10.0,,SBUX,0.007338204244493144,0.04565789297442824,0.1440986789810188,CIEN,0.006189322225036884,0.11644906457744764,0.11644906457744764,NRG,-0.008667316000971518,0.03431397382737256,0.03431397382737256
B_mom6m_top10_then_accel_3v3_6m_top3,B_6m_momentum_filter_then_acceleration,2019-03,2019-03-01,"ENPH,KEYS,SBUX",accel_3v3_6m,0.0247341236312946,0.033065438991385,0.28607808341880253,6.0,recent3_minus_previous3_avg_accel,accel_3v3_6m,10.0,,ENPH,0.05102258653185616,0.017582400077467586,0.7263735581964528,KEYS,0.013359988559343682,0.037718251527544266,0.037718251527544266,SBUX,0.009819795802683969,0.04389566536914313,0.0941424405324105
B_mom6m_top10_then_accel_3v3_6m_top3,B_6m_momentum_filter_then_acceleration,2019-04,2019-04-01,"ENPH,LEU,KEYS",accel_3v3_6m,0.0451654372633736,0.16689778621954035,0.38446632443792295,6.0,recent3_minus_previous3_avg_accel,accel_3v3_6m,10.0,,ENPH,0.06588738202544336,0.4017277776896653,0.9762417694097951,LEU,0.038712053251007295,0.1357616186821642,0.1357616186821642,KEYS,0.030896876513670152,-0.036796037713208385,0.04139558522180953
B_mom6m_top10_then_accel_3v3_6m_top3,B_6m_momentum_filter_then_acceleration,2019-05,2019-05-01,"ENPH,LEU,PLUG",accel_3v3_6m,0.0756110179790652,0.07976021699363711,0.449303125335001,6.0,recent3_minus_previous3_avg_accel,accel_3v3_6m,10.0,,ENPH,0.08939907827587164,0.21032362035355612,1.3189523453776477,LEU,0.0715366913569834,-0.002915449057909525,-0.002915449057909525,PLUG,0.06589728430434058,0.03187247968526474,0.03187247968526474
B_mom6m_top10_then_accel_3v3_6m_top3,B_6m_momentum_filter_then_acceleration,2019-06,2019-06-03,"CVNA,SMCI,ENPH",accel_3v3_6m,0.05844269861512377,0.09627561914179776,0.4267224063665725,6.0,recent3_minus_previous3_avg_accel,accel_3v3_6m,10.0,,CVNA,0.07739155839098968,0.12500002044055125,0.36522637092732246,SMCI,0.05177056484695012,-0.0010362561166566975,-0.0010362561166566975,ENPH,0.046165972607431514,0.16486309310149871,0.9159771042890517
B_mom6m_top10_then_accel_3v3_6m_top3,B_6m_momentum_filter_then_acceleration,2019-07,2019-07-01,"CVNA,MDB,PLUG",accel_3v3_6m,0.04938798750460883,-0.03667000690809041,0.11648079258774187,6.0,recent3_minus_previous3_avg_accel,accel_3v3_6m,10.0,,CVNA,0.0989251976573142,-0.04267638142147623,0.213534529886229,MDB,0.024885535986782635,-0.02715510636255447,0.015372142619409335,PLUG,0.02435322886972966,-0.04017853294024054,0.12053570525758728
B_mom6m_top10_then_accel_3v3_6m_top3,B_6m_momentum_filter_then_acceleration,2019-08,2019-08-01,"CVNA,VEEV,SHOP",accel_3v3_6m,0.0184623947519908,0.11573905171990366,0.13224384732041994,6.0,recent3_minus_previous3_avg_accel,accel_3v3_6m,10.0,,CVNA,0.022003454388159177,0.2676324978674802,0.31714688466902907,VEEV,0.020150347692854967,-0.04496494606372847,-0.04496494606372847,SHOP,0.013233382174958262,0.12454960335595922,0.12454960335595922
B_mom6m_top10_then_accel_3v3_6m_top3,B_6m_momentum_filter_then_acceleration,2019-09,2019-09-03,"PCG,SEDG,MDB",accel_3v3_6m,0.007964082683129838,-0.06252754995893084,-0.02465164089822443,6.0,recent3_minus_previous3_avg_accel,accel_3v3_6m,10.0,,PCG,0.02394331296650142,-0.06338712213757092,-0.06338712213757092,SEDG,0.0031935992510913162,0.0723497619823752,0.07286563656394662,MDB,-0.003244664168203219,-0.1965452897215968,-0.083433437121049
B_mom6m_top10_then_accel_3v3_6m_top3,B_6m_momentum_filter_then_acceleration,2019-10,2019-10-01,"BX,PODD,TGT",accel_3v3_6m,0.00021093070988629654,0.021510734669615245,0.1690448966002908,6.0,recent3_minus_previous3_avg_accel,accel_3v3_6m,10.0,,BX,0.0033064926791215414,0.1471979239197534,0.19294907379083726,PODD,0.000644639047507653,-0.1004115084422813,0.11711596051700535,TGT,-0.003318339596970305,0.017745788531373652,0.1970696554930298
B_mom6m_top10_then_accel_3v3_6m_top3,B_6m_momentum_filter_then_acceleration,2019-11,2019-11-01,"HSY,TGT,SEDG",accel_3v3_6m,-0.013385897645571179,0.06187393205265457,0.16219794827509526,6.0,recent3_minus_previous3_avg_accel,accel_3v3_6m,10.0,,HSY,-0.0033031054240209336,0.04659402215878572,0.08657182082245063,TGT,-0.017826190303418046,0.15669818123036539,0.1761971103023907,SEDG,-0.01902839720927456,-0.0176704072311874,0.22382491370044444
B_mom6m_top10_then_accel_3v3_6m_top3,B_6m_momentum_filter_then_acceleration,2019-12,2019-12-02,"LEU,TSLA,BLDR",accel_3v3_6m,0.03528932812444592,0.16495288131407415,0.6244041108507458,6.0,recent3_minus_previous3_avg_accel,accel_3v3_6m,10.0,,LEU,0.07023250964726188,0.19926197573866644,0.5332103879413339,TSLA,0.02473724644326547,0.28485679293232424,1.3292620693396717,BLDR,0.010898228282810413,0.010739875271231769,0.010739875271231769
B_mom6m_top10_then_accel_3v3_6m_top3,B_6m_momentum_filter_then_acceleration,2020-01,2020-01-02,"LEU,TSLA,DXCM",accel_3v3_6m,0.031012567089212226,0.29427184932276884,0.4645874047908711,6.0,recent3_minus_previous3_avg_accel,accel_3v3_6m,10.0,,LEU,0.058460907817118726,-0.010769257178673386,0.27846160301795364,TSLA,0.024267895075736578,0.8128573411078648,0.8128573411078648,DXCM,0.01030889837478137,0.08072746403911513,0.30244327024679474
B_mom6m_top10_then_accel_3v3_6m_top3,B_6m_momentum_filter_then_acceleration,2020-02,2020-02-03,"LEU,PLUG,AMD",accel_3v3_6m,0.05548622192096758,0.13772844337392587,0.15452701314050402,6.0,recent3_minus_previous3_avg_accel,accel_3v3_6m,10.0,,LEU,0.0685243799076315,0.2923795709904131,0.2923795709904131,PLUG,0.049476425100900924,0.13246759519868334,0.13246759519868334,AMD,0.04845786075437032,-0.011661836067318854,0.038733873232415617
B_mom6m_top10_then_accel_3v3_6m_top3,B_6m_momentum_filter_then_acceleration,2020-03,2020-03-02,"PLUG,SMCI,TSLA",accel_3v3_6m,0.04435693963429475,-0.2702759176311032,0.06822939936552357,6.0,recent3_minus_previous3_avg_accel,accel_3v3_6m,10.0,,PLUG,0.055131072096222304,-0.2408257244452202,-0.018348605792718242,SMCI,0.04975624680718828,-0.21759082357435489,0.0152963524692733,TSLA,0.028183499999473657,-0.35241120487373445,0.20774045142001563
B_mom6m_top10_then_accel_3v3_6m_top3,B_6m_momentum_filter_then_acceleration,2020-04,2020-04-01,"PCG,ENPH,SEDG",accel_3v3_6m,0.05254989763945747,0.3295740143388679,0.7754642154283619,6.0,recent3_minus_previous3_avg_accel,accel_3v3_6m,10.0,,PCG,0.07811904767393017,0.20427551943047617,0.4097386959144069,ENPH,0.06051770165931043,0.4528048147450028,1.0047027002853781,SEDG,0.0190129435851318,0.33164170884112476,0.9119512500853006
B_mom6m_top10_then_accel_3v3_6m_top3,B_6m_momentum_filter_then_acceleration,2020-05,2020-05-01,"ENPH,DPZ,GEN",accel_3v3_6m,0.010418832541721037,0.1647278507531876,0.18647855964283408,6.0,recent3_minus_previous3_avg_accel,accel_3v3_6m,10.0,,ENPH,0.01787957601906175,0.3798844001196713,0.4152600944386742,DPZ,0.008617974621762716,0.07355190858182281,0.08541921105976868,GEN,0.004758946984338646,0.04074724355806869,0.05875637343005935
B_mom6m_top10_then_accel_3v3_6m_top3,B_6m_momentum_filter_then_acceleration,2020-06,2020-06-01,"EQT,ENPH,ZS",accel_3v3_6m,0.06723164290587967,-0.09171614647327653,0.32899076995396653,6.0,recent3_minus_previous3_avg_accel,accel_3v3_6m,10.0,,EQT,0.08147646704877938,-0.11111100533560725,0.21911435281297642,ENPH,0.07880509780953708,-0.17794904285487645,0.3188672701405213,ZS,0.04141336385932255,0.013911608770654116,0.44899068690840194
B_mom6m_top10_then_accel_3v3_6m_top3,B_6m_momentum_filter_then_acceleration,2020-07,2020-07-01,"ZS,EQT,SHOP",accel_3v3_6m,0.048412639387608404,0.20859271779956826,0.30545559688951324,6.0,recent3_minus_previous3_avg_accel,accel_3v3_6m,10.0,,ZS,0.05901400142234546,0.18895165717137408,0.4291094750017428,EQT,0.04638486242385853,0.3715034837091924,0.3715034837091924,SHOP,0.039839054316621235,0.06532301251813832,0.11575383195760458
B_mom6m_top10_then_accel_3v3_6m_top3,B_6m_momentum_filter_then_acceleration,2020-08,2020-08-03,"PLUG,XYZ,SHOP",accel_3v3_6m,0.057114106039580594,0.27542170978843444,0.3287096796663907,6.0,recent3_minus_previous3_avg_accel,accel_3v3_6m,10.0,,PLUG,0.0594223800864339,0.5425764574038652,0.6888646861057979,XYZ,0.058303699275010945,0.23635014754501604,0.2499258284769521,SHOP,0.05361623875729694,0.04733852441642217,0.04733852441642217
B_mom6m_top10_then_accel_3v3_6m_top3,B_6m_momentum_filter_then_acceleration,2020-09,2020-09-01,"LEU,CVNA,PLUG",accel_3v3_6m,0.06658041320311041,-0.03217240671826849,0.39057903537833255,6.0,recent3_minus_previous3_avg_accel,accel_3v3_6m,10.0,,LEU,0.08580117982466008,-0.135338391691059,0.33458640517587,CVNA,0.0589936638535223,0.04802146264651741,0.10537440123029396,PLUG,0.05494639593114882,-0.00920029111026388,0.7317762997288337
B_mom6m_top10_then_accel_3v3_6m_top3,B_6m_momentum_filter_then_acceleration,2020-10,2020-10-01,"PLUG,CVNA,XYZ",accel_3v3_6m,0.06574652064559669,-0.06555753835842819,0.5550607036695251,6.0,recent3_minus_previous3_avg_accel,accel_3v3_6m,10.0,,PLUG,0.11591123065839065,0.10500001907348633,1.2978570120675221,CVNA,0.05698491945743668,-0.22297354617133602,0.05472496568815122,XYZ,0.02434341182096276,-0.07869908797743486,0.31260013325290203
B_mom6m_top10_then_accel_3v3_6m_top3,B_6m_momentum_filter_then_acceleration,2020-11,2020-11-02,"BLDR,CVNA,SEDG",accel_3v3_6m,0.02988252443722909,0.1602969383566235,0.2701257926417899,6.0,recent3_minus_previous3_avg_accel,accel_3v3_6m,10.0,,BLDR,0.04062254990466352,0.09978580713020313,0.21916143444768732,CVNA,0.033847547189846984,0.35738617455194155,0.4282471526369682,SEDG,0.015177476217176775,0.023718833387725846,0.16296879084071403
B_mom6m_top10_then_accel_3v3_6m_top3,B_6m_momentum_filter_then_acceleration,2020-12,2020-12-01,"TSLA,ALGN,FDX",accel_3v3_6m,0.021972664384504844,0.06084238410953343,0.15966314475041554,6.0,recent3_minus_previous3_avg_accel,accel_3v3_6m,10.0,,TSLA,0.03845639717915915,0.24798209714725927,0.4361619056796717,ALGN,0.015485320881554354,0.05270948919701546,0.12999395811762993,FDX,0.011976275092801022,-0.11816443401567445,-0.08716642954605502
B_mom6m_top10_then_accel_3v3_6m_top3,B_6m_momentum_filter_then_acceleration,2021-01,2021-01-04,"TPR,MSTR,ENPH",accel_3v3_6m,0.04634532452404241,0.18262695654845132,0.3971031965476228,6.0,recent3_minus_previous3_avg_accel,accel_3v3_6m,10.0,,TPR,0.048194593560795584,-0.026291507771165068,0.2687255947927061,MSTR,0.04731522636820429,0.4923099157639259,0.8400828859214236,ENPH,0.043526153643127355,0.08186246165259314,0.08250110892873885
B_mom6m_top10_then_accel_3v3_6m_top3,B_6m_momentum_filter_then_acceleration,2021-02,2021-02-01,"MSTR,UUUU,LEU",accel_3v3_6m,0.01856467296267042,0.1812460682679109,0.2641252591991479,6.0,recent3_minus_previous3_avg_accel,accel_3v3_6m,10.0,,MSTR,0.04774248131815702,0.23304339566722643,0.23304339566722643,UUUU,0.0079759711697596,0.21545669330291695,0.43325524892184,LEU,-2.443359990536055e-05,0.09523811583358932,0.12607713300837742
B_mom6m_top10_then_accel_3v3_6m_top3,B_6m_momentum_filter_then_acceleration,2021-03,2021-03-01,"UUUU,MSTR,ENPH",accel_3v3_6m,0.06169290843876649,-0.025343551409778547,0.05172772643447162,6.0,recent3_minus_previous3_avg_accel,accel_3v3_6m,10.0,,UUUU,0.10386068847872455,0.1522157905863526,0.3834296241191031,MSTR,0.06898230352041433,-0.10081284387317058,-0.10081284387317058,ENPH,0.012235733317160602,-0.12743360094251766,-0.12743360094251766
B_mom6m_top10_then_accel_3v3_6m_top3,B_6m_momentum_filter_then_acceleration,2021-04,2021-04-01,"UUUU,DVN,PSKY",accel_3v3_6m,0.03769427311389237,-0.027680410894074286,0.1677225242421901,6.0,recent3_minus_previous3_avg_accel,accel_3v3_6m,10.0,,UUUU,0.0800051961255378,0.023411348835963075,0.2006688637855656,DVN,0.017735981323844505,0.005106697616986899,0.28981531830482843,PSKY,0.01534164189229479,-0.11155927913517283,0.012683390636176295
B_mom6m_top10_then_accel_3v3_6m_top3,B_6m_momentum_filter_then_acceleration,2021-05,2021-05-03,"TRGP,TPL,OXY",accel_3v3_6m,0.06106345146568673,0.047689032552151844,0.17459269038307199,6.0,recent3_minus_previous3_avg_accel,accel_3v3_6m,10.0,,TRGP,0.07689732381672815,0.12211597835308097,0.2599887688490379,TPL,0.05561917492609583,-0.0681842722739282,0.006281460315332721,OXY,0.050673855654236204,0.08913539157730277,0.25750784198484533
B_mom6m_top10_then_accel_3v3_6m_top3,B_6m_momentum_filter_then_acceleration,2021-06,2021-06-01,"LEU,TPL,TRGP",accel_3v3_6m,0.023120458429907068,0.11452212398609785,0.16614260394875532,6.0,recent3_minus_previous3_avg_accel,accel_3v3_6m,10.0,,LEU,0.035342042159814166,0.1407831424278425,0.2956445823158149,TPL,0.017732333274921026,0.07991465519795526,0.07991465519795526,TRGP,0.01628699985498602,0.12286857433249576,0.12286857433249576
B_mom6m_top10_then_accel_3v3_6m_top3,B_6m_momentum_filter_then_acceleration,2021-07,2021-07-01,"NUE,FCX,COF",accel_3v3_6m,0.0025471665755736166,0.021453080875114255,0.08663483108971722,6.0,recent3_minus_previous3_avg_accel,accel_3v3_6m,10.0,,NUE,0.024732628667797133,0.05618248573778817,0.20289729562105285,FCX,0.0005238062627395904,-0.01059522427244719,-0.01059522427244719,COF,-0.017614935203815876,0.018771981160001783,0.067602421920546
B_mom6m_top10_then_accel_3v3_6m_top3,B_6m_momentum_filter_then_acceleration,2021-08,2021-08-02,"GNRC,F,NUE",accel_3v3_6m,-0.006167657543559885,0.05939102120182312,0.2312830596653693,6.0,recent3_minus_previous3_avg_accel,accel_3v3_6m,10.0,,GNRC,0.014415729404705879,0.09677497863769524,0.26449996948242194,F,-0.01623123012299616,-0.05751238918270196,0.29043873536320985,NUE,-0.01668747191238937,0.13891047415047608,0.13891047415047608
B_mom6m_top10_then_accel_3v3_6m_top3,B_6m_momentum_filter_then_acceleration,2021-09,2021-09-01,"GNRC,IT,NUE",accel_3v3_6m,-0.007960334024609612,-0.08125384349890818,0.05260040597467116,6.0,recent3_minus_previous3_avg_accel,accel_3v3_6m,10.0,,GNRC,0.002334489883193088,-0.07695283879009551,0.15292561747994826,IT,-0.0105633868293611,-0.010054590462997615,0.06171800617040968,NUE,-0.015652105127660826,-0.15675410124363143,-0.05684240572634447
B_mom6m_top10_then_accel_3v3_6m_top3,B_6m_momentum_filter_then_acceleration,2021-10,2021-10-01,"MSCI,CARR,NVDA",accel_3v3_6m,0.012781814398045618,0.10595721642552136,0.20524897112962925,6.0,recent3_minus_previous3_avg_accel,accel_3v3_6m,10.0,,MSCI,0.019368327353021287,0.07599485638563852,0.07599485638563852,CARR,0.011939495043723573,-0.003278019158072798,0.024042514387220493,NVDA,0.007037620797391991,0.24515481204899836,0.5157095426160287
B_mom6m_top10_then_accel_3v3_6m_top3,B_6m_momentum_filter_then_acceleration,2021-11,2021-11-01,"LEU,MDB,TRGP",accel_3v3_6m,0.04403040521286452,-0.09468364987890654,-0.012988080489185464,6.0,recent3_minus_previous3_avg_accel,accel_3v3_6m,10.0,,LEU,0.07651055428740486,-0.11147811866310575,-0.11147811866310575,MDB,0.03692812343316315,-0.08304729419314671,-0.021494353846754022,TRGP,0.018652537918025548,-0.08952553678046715,0.09400823104230338
B_mom6m_top10_then_accel_3v3_6m_top3,B_6m_momentum_filter_then_acceleration,2021-12,2021-12-01,"PLUG,LEU,TSLA",accel_3v3_6m,0.12795961520046487,-0.0467719045579873,-0.0467719045579873,6.0,recent3_minus_previous3_avg_accel,accel_3v3_6m,10.0,,PLUG,0.1769307581508646,-0.21574498410421528,-0.21574498410421528,LEU,0.11515006473199516,-0.020260226171844198,-0.020260226171844198,TSLA,0.0917980227185349,0.09568949660209758,0.09568949660209758
B_mom6m_top10_then_accel_3v3_6m_top3,B_6m_momentum_filter_then_acceleration,2022-01,2022-01-03,"RKLB,LEU,ENPH",accel_3v3_6m,0.05863005496321355,-0.20930842901516858,-0.0950588541228053,6.0,recent3_minus_previous3_avg_accel,accel_3v3_6m,10.0,,RKLB,0.06708699644249709,-0.22213115414058426,-0.22213115414058426,LEU,0.06322212053068921,-0.17928288611416876,-0.17928288611416876,ENPH,0.04558104791645433,-0.22651124679075274,0.11623747788633709
B_mom6m_top10_then_accel_3v3_6m_top3,B_6m_momentum_filter_then_acceleration,2022-02,2022-02-01,"F,BLDR,ANET",accel_3v3_6m,0.031571040807921315,-0.06708033417914905,-0.009155963184760049,6.0,recent3_minus_previous3_avg_accel,accel_3v3_6m,10.0,,F,0.03764752460882727,-0.19167452659944884,-0.19167452659944884,BLDR,0.030054507104756528,0.04208280516191132,0.04208280516191132,ANET,0.02701109071018015,-0.05164928109990963,0.12212383188325737
B_mom6m_top10_then_accel_3v3_6m_top3,B_6m_momentum_filter_then_acceleration,2022-03,2022-03-01,"EOG,BLDR,CF",accel_3v3_6m,0.016327054882999622,0.044412960590143324,0.10346959730285492,6.0,recent3_minus_previous3_avg_accel,accel_3v3_6m,10.0,,EOG,0.022682696038824293,0.042609740494437,0.21977965063257177,BLDR,0.014536528979836967,-0.12114997582197451,-0.12114997582197451,CF,0.011761939630337604,0.21177911709796748,0.21177911709796748
B_mom6m_top10_then_accel_3v3_6m_top3,B_6m_momentum_filter_then_acceleration,2022-04,2022-04-01,"MOS,EOG,HAL",accel_3v3_6m,0.03423597432367212,-0.04942930774902247,0.06444106845421134,6.0,recent3_minus_previous3_avg_accel,accel_3v3_6m,10.0,,MOS,0.0405060663607185,-0.05282340746274816,-0.05282340746274816,EOG,0.031743480824388076,-0.02755341441903536,0.16992926812108577,HAL,0.030458375785909788,-0.06791110136528389,0.07621734470429642
B_mom6m_top10_then_accel_3v3_6m_top3,B_6m_momentum_filter_then_acceleration,2022-05,2022-05-02,"OXY,EQT,HAL",accel_3v3_6m,0.04001456012766745,0.20973637382304458,0.20973637382304458,6.0,recent3_minus_previous3_avg_accel,accel_3v3_6m,10.0,,OXY,0.0487205261396731,0.20789022945206215,0.20789022945206215,EQT,0.04011549029905373,0.2666893858823096,0.2666893858823096,HAL,0.031207663944275533,0.154629506134762,0.154629506134762
B_mom6m_top10_then_accel_3v3_6m_top3,B_6m_momentum_filter_then_acceleration,2022-06,2022-06-01,"EQT,MCK,OXY",accel_3v3_6m,0.006043394769853928,-0.14307685807167844,0.01240896941021626,6.0,recent3_minus_previous3_avg_accel,accel_3v3_6m,10.0,,EQT,0.020040977431499504,-0.3118472504767288,-0.06676933087658621,MCK,1.8358434796963627e-05,0.0227182624284199,0.13084837207451616,OXY,-0.0019291515567346857,-0.1401015861667264,-0.026852132967281173
B_mom6m_top10_then_accel_3v3_6m_top3,B_6m_momentum_filter_then_acceleration,2022-07,2022-07-01,"EQT,VLO,EXE",accel_3v3_6m,0.007862633275004128,0.11668179172569489,0.20942979538785558,6.0,recent3_minus_previous3_avg_accel,accel_3v3_6m,10.0,,EQT,0.022842267706627666,0.23460724174779646,0.3561388365736011,VLO,0.001978423098115401,0.024726792108036966,0.04920001648548289,EXE,-0.001232790979730683,0.09071134132125125,0.22295053310448276
B_mom6m_top10_then_accel_3v3_6m_top3,B_6m_momentum_filter_then_acceleration,2022-08,2022-08-01,"MPC,DVN,COP",accel_3v3_6m,-0.014828163483753244,0.10688332979847355,0.3270836864929514,6.0,recent3_minus_previous3_avg_accel,accel_3v3_6m,10.0,,MPC,-0.012829929502136843,0.07782806063303727,0.32779147439898404,DVN,-0.01509199056009318,0.10703253914884603,0.2843710706585827,COP,-0.01656257038902971,0.13578938961353737,0.36908851442128743
B_mom6m_top10_then_accel_3v3_6m_top3,B_6m_momentum_filter_then_acceleration,2022-09,2022-09-01,"ENPH,FSLR,SEDG",accel_3v3_6m,0.06323968068883233,-0.01168937879448484,0.17686840976106732,6.0,recent3_minus_previous3_avg_accel,accel_3v3_6m,10.0,,ENPH,0.06757666918073213,0.016852338915988252,0.11402829886743038,FSLR,0.06567370336518757,0.06867959191809336,0.3183666936337284,SEDG,0.056468669520577275,-0.12060006721753613,0.09821023678204321
B_mom6m_top10_then_accel_3v3_6m_top3,B_6m_momentum_filter_then_acceleration,2022-10,2022-10-03,"FSLR,ENPH,SMCI",accel_3v3_6m,0.04509241452314502,0.13050958351235686,0.3050510966559539,6.0,recent3_minus_previous3_avg_accel,accel_3v3_6m,10.0,,FSLR,0.06415416143943958,0.08746898429311889,0.23364075032769205,ENPH,0.05920996982276775,0.04490431699013886,0.09556545845686526,SMCI,0.011913112307227731,0.25915544925381284,0.5859470811833045
B_mom6m_top10_then_accel_3v3_6m_top3,B_6m_momentum_filter_then_acceleration,2022-11,2022-11-01,"LEU,FSLR,SMCI",accel_3v3_6m,0.060069895968055294,0.06356731702904224,0.12434380456623972,6.0,recent3_minus_previous3_avg_accel,accel_3v3_6m,10.0,,LEU,0.08164005206087943,-0.20324509877777397,-0.0990606185852474,FSLR,0.05647468245809216,0.13441465287360677,0.21255963529267263,SMCI,0.042094953385194284,0.25953239699129393,0.25953239699129393
B_mom6m_top10_then_accel_3v3_6m_top3,B_6m_momentum_filter_then_acceleration,2022-12,2022-12-01,"SLB,NFLX,LEU",accel_3v3_6m,0.02541100797936531,-0.05842255231088881,0.13363184121407654,6.0,recent3_minus_previous3_avg_accel,accel_3v3_6m,10.0,,SLB,0.035459687312312145,-0.0016224738832976149,0.07979853140558357,NFLX,0.02176668914284412,-0.06941154367482383,0.14210448527523223,LEU,0.01900664748293966,-0.104233639374545,0.17899250696141378
B_mom6m_top10_then_accel_3v3_6m_top3,B_6m_momentum_filter_then_acceleration,2023-01,2023-01-03,"FICO,AXON,NFLX",accel_3v3_6m,0.02835042424872139,0.18708554932339938,0.24858022216102568,6.0,recent3_minus_previous3_avg_accel,accel_3v3_6m,10.0,,FICO,0.04022852307638842,0.15475564515054985,0.16686686853071375,AXON,0.0311461406870257,0.17920823176452783,0.3515810268972428,NFLX,0.013676608982750048,0.22729277105512047,0.22729277105512047
B_mom6m_top10_then_accel_3v3_6m_top3,B_6m_momentum_filter_then_acceleration,2023-02,2023-02-01,"RCL,DXCM,URI",accel_3v3_6m,0.0429616634316524,0.040973129999405535,0.06474065505265103,6.0,recent3_minus_previous3_avg_accel,accel_3v3_6m,10.0,,RCL,0.058041658343059396,0.06288114138381684,0.06288114138381684,DXCM,0.043844599469562366,0.028316805103357545,0.09961938026309403,URI,0.02699873248233546,0.031721443511042224,0.031721443511042224
B_mom6m_top10_then_accel_3v3_6m_top3,B_6m_momentum_filter_then_acceleration,2023-03,2023-03-01,"CVNA,FCX,RCL",accel_3v3_6m,0.04143701463484062,-0.033536703540398984,0.2984946953896939,6.0,recent3_minus_previous3_avg_accel,accel_3v3_6m,10.0,,CVNA,0.06355291355954774,0.042648763598271744,0.7732885422141715,FCX,0.03137050856893301,-0.04186025172004393,-0.04186025172004393,RCL,0.02938762177604109,-0.10139862249942477,0.1640557956749542
B_mom6m_top10_then_accel_3v3_6m_top3,B_6m_momentum_filter_then_acceleration,2023-04,2023-04-03,"NVDA,URI,MSTR",accel_3v3_6m,0.00033991520540692957,-0.0009381483329243453,0.3151445453949053,6.0,recent3_minus_previous3_avg_accel,accel_3v3_6m,10.0,,NVDA,0.006941328837709055,0.03379233011518212,0.5168024643491358,URI,-0.0004267324666054166,-0.07050164075519816,0.15811097984493028,MSTR,-0.00549485075488285,0.033894865641243,0.2705201919906497
B_mom6m_top10_then_accel_3v3_6m_top3,B_6m_momentum_filter_then_acceleration,2023-05,2023-05-01,"META,NVDA,MSTR",accel_3v3_6m,0.008984187953408135,0.1573932911389506,0.45019921826110015,6.0,recent3_minus_previous3_avg_accel,accel_3v3_6m,10.0,,META,0.022795136134514286,0.12102149666777628,0.32704190049707216,NVDA,0.0074543277834257515,0.3756485795575497,0.608848580721099,MSTR,-0.003296900057715633,-0.02449020280847425,0.4147071735651293
B_mom6m_top10_then_accel_3v3_6m_top3,B_6m_momentum_filter_then_acceleration,2023-06,2023-06-01,"WST,AMD,META",accel_3v3_6m,0.018452842325820198,0.04212996068785576,0.1208155554596025,6.0,recent3_minus_previous3_avg_accel,accel_3v3_6m,10.0,,WST,0.03265991445922022,0.1077503061687266,0.19431998103380366,AMD,0.014011427846683631,-0.03055161537276685,-0.015652487883778265,META,0.008687184671556734,0.049191191267607515,0.18377917322878212
B_mom6m_top10_then_accel_3v3_6m_top3,B_6m_momentum_filter_then_acceleration,2023-07,2023-07-03,"CVNA,SMCI,APP",accel_3v3_6m,0.05809589766526665,0.49021338845350787,0.6639285891511832,6.0,recent3_minus_previous3_avg_accel,accel_3v3_6m,10.0,,CVNA,0.07256196294949446,0.9034883411463168,0.9709303056267522,SMCI,0.05406280834820904,0.35457465551576983,0.35457465551576983,APP,0.04766292169809645,0.212577168698437,0.6662808063110277
B_mom6m_top10_then_accel_3v3_6m_top3,B_6m_momentum_filter_then_acceleration,2023-08,2023-08-01,"CVNA,SMCI,PLTR",accel_3v3_6m,0.05468251427407169,-0.12310285372093033,-0.10481424544427491,6.0,recent3_minus_previous3_avg_accel,accel_3v3_6m,10.0,,CVNA,0.07430385355598591,0.03543072107277556,0.03543072107277556,SMCI,0.04932899186487882,-0.16411899604166968,-0.14427067082551082,PLTR,0.04041469740135034,-0.24062028619389686,-0.20560278658008946
B_mom6m_top10_then_accel_3v3_6m_top3,B_6m_momentum_filter_then_acceleration,2023-09,2023-09-01,"CVNA,SMCI,PLTR",accel_3v3_6m,0.08160057288486097,-0.05275441773036219,0.043644358182396724,6.0,recent3_minus_previous3_avg_accel,accel_3v3_6m,10.0,,CVNA,0.09964224500720546,-0.2281219424048233,-0.2281219424048233,SMCI,0.08245154320319491,0.023745395722796214,0.023745395722796214,PLTR,0.06270793044418255,0.04611329349094051,0.33530962122921726
B_mom6m_top10_then_accel_3v3_6m_top3,B_6m_momentum_filter_then_acceleration,2023-10,2023-10-02,"DELL,LLY,ADBE",accel_3v3_6m,0.0165219381550563,0.03164628877582635,0.129473256833354,6.0,recent3_minus_previous3_avg_accel,accel_3v3_6m,10.0,,DELL,0.034847161764076304,0.020054200669976652,0.11096345256095574,LLY,0.014733196153603814,0.030039819077534835,0.10218342064958574,ADBE,-1.4543452511218274e-05,0.04484484657996757,0.17527289728952056
B_mom6m_top10_then_accel_3v3_6m_top3,B_6m_momentum_filter_then_acceleration,2023-11,2023-11-01,"LEU,DELL,ZS",accel_3v3_6m,-0.005726113480493569,0.0835970989420181,0.26184446847463266,6.0,recent3_minus_previous3_avg_accel,accel_3v3_6m,10.0,,LEU,0.019020953585577642,-0.06083796206861247,0.01109619306060794,DELL,0.004797179542708335,0.04747345618102772,0.25474358431306654,ZS,-0.040996473569766684,0.26415580271363903,0.5196936280502236
B_mom6m_top10_then_accel_3v3_6m_top3,B_6m_momentum_filter_then_acceleration,2023-12,2023-12-01,"LEU,DELL,JBL",accel_3v3_6m,0.009207360707104664,0.07080392479826554,0.35869225882450856,6.0,recent3_minus_previous3_avg_accel,accel_3v3_6m,10.0,,LEU,0.02289687264604805,0.07659397657050082,0.07659397657050082,DELL,0.0038342107887379216,0.03976093652529533,0.7398388742321411,JBL,0.000890998686528019,0.09605686129900048,0.2596439256708838
B_mom6m_top10_then_accel_3v3_6m_top3,B_6m_momentum_filter_then_acceleration,2024-01,2024-01-02,"COIN,MSTR,WSM",accel_3v3_6m,0.036753761407622446,-0.15667580457799168,0.850594515312646,6.0,recent3_minus_previous3_avg_accel,accel_3v3_6m,10.0,,COIN,0.06091480062770782,-0.17803421127780872,0.607024431180218,MSTR,0.03480979471136722,-0.2651536156860753,1.3888783102931517,WSM,0.014536688883792297,-0.026839586770091017,0.555880804464568
B_mom6m_top10_then_accel_3v3_6m_top3,B_6m_momentum_filter_then_acceleration,2024-02,2024-02-01,"MSTR,COIN,CRWD",accel_3v3_6m,0.06706877842349082,0.5968224037028191,1.0911649243078212,6.0,recent3_minus_previous3_avg_accel,accel_3v3_6m,10.0,,MSTR,0.09041444510629547,1.1438588207412002,2.2508540033485804,COIN,0.08683583719656335,0.595734851820529,0.9550989265361769,CRWD,0.023956052967613623,0.05087353854672827,0.06754184303870558
B_mom6m_top10_then_accel_3v3_6m_top3,B_6m_momentum_filter_then_acceleration,2024-03,2024-03-01,"MELI,KKR,FICO",accel_3v3_6m,0.0194009205776462,-0.024223104614210733,0.031142679573345083,6.0,recent3_minus_previous3_avg_accel,accel_3v3_6m,10.0,,MELI,0.020872606997548487,-0.05196096656526117,0.04984654450375903,KKR,0.019156557130282404,0.010815708925491885,0.04464697054027078,FICO,0.018173597605107717,-0.031524056202862916,-0.001065476323994563
B_mom6m_top10_then_accel_3v3_6m_top3,B_6m_momentum_filter_then_acceleration,2024-04,2024-04-01,"SMCI,NVDA,AMD",accel_3v3_6m,0.08865274151734692,-0.19409182066336186,0.016985936780674282,6.0,recent3_minus_previous3_avg_accel,accel_3v3_6m,10.0,,SMCI,0.1475030560164861,-0.2881453556578677,-0.2167766945326116,NVDA,0.06146136189769626,-0.08102880358415432,0.37567599980987176,AMD,0.05699380663785844,-0.2131013027480636,-0.1079414949352373
B_mom6m_top10_then_accel_3v3_6m_top3,B_6m_momentum_filter_then_acceleration,2024-05,2024-05-01,"SMCI,CVNA,NVDA",accel_3v3_6m,0.09612795461431095,0.1882965429398559,0.42654300131941486,6.0,recent3_minus_previous3_avg_accel,accel_3v3_6m,10.0,,SMCI,0.1519674723578805,0.04373555731780132,0.10025735126194513,CVNA,0.07834404653799837,0.13629582323702194,0.6823976396094282,NVDA,0.058072344947054,0.38485824826474446,0.49697401308687117
B_mom6m_top10_then_accel_3v3_6m_top3,B_6m_momentum_filter_then_acceleration,2024-06,2024-06-03,"CVNA,MSTR,SMCI",accel_3v3_6m,0.11544945511395954,0.0500246148980675,0.1545728481756988,6.0,recent3_minus_previous3_avg_accel,accel_3v3_6m,10.0,,CVNA,0.20745148366004154,0.25656836445624176,0.48059827837499136,MSTR,0.07580524892752144,-0.1606478860509044,-0.07103310013676012,SMCI,0.06309163275431562,0.054153366288865135,0.054153366288865135
B_mom6m_top10_then_accel_3v3_6m_top3,B_6m_momentum_filter_then_acceleration,2024-07,2024-07-01,"CVNA,FSLR,APP",accel_3v3_6m,0.0350850130160247,0.014890000049022634,0.3448900459110816,6.0,recent3_minus_previous3_avg_accel,accel_3v3_6m,10.0,,CVNA,0.042227529688691104,0.17828708748026978,0.4137514539985796,FSLR,0.03751995266497184,-0.018903536378929386,0.08059807106603833,APP,0.02550755669441115,-0.11471355095427249,0.5403206126686269
B_mom6m_top10_then_accel_3v3_6m_top3,B_6m_momentum_filter_then_acceleration,2024-08,2024-08-01,"APP,CVNA,DELL",accel_3v3_6m,-0.005226573493225077,0.06052965128874325,0.6508341670241783,6.0,recent3_minus_previous3_avg_accel,accel_3v3_6m,10.0,,APP,0.0061175593782234194,0.1736582973962315,1.1777867459660425,CVNA,-0.009156946438096955,-0.013650065322653337,0.5634725824499975,DELL,-0.012640333419801697,0.02158072179265158,0.21124317265649473
B_mom6m_top10_then_accel_3v3_6m_top3,B_6m_momentum_filter_then_acceleration,2024-09,2024-09-03,"TPL,HWM,MMM",accel_3v3_6m,0.008025658675163172,0.08474050420383028,0.38541805995410194,6.0,recent3_minus_previous3_avg_accel,accel_3v3_6m,10.0,,TPL,0.04262515787335104,0.12183472688725305,0.8426728103280665,HWM,-0.006150546959501582,0.08492793315791447,0.266122516967916,MMM,-0.012397634888359947,0.04745885256632332,0.04745885256632332
B_mom6m_top10_then_accel_3v3_6m_top3,B_6m_momentum_filter_then_acceleration,2024-10,2024-10-01,"NEM,VTR,TPL",accel_3v3_6m,0.013632563769054725,0.041051068895485786,0.16107639507452745,6.0,recent3_minus_previous3_avg_accel,accel_3v3_6m,10.0,,NEM,0.014838497015308058,-0.16401921087438587,-0.16401921087438587,VTR,0.013040906643175176,0.004695561741594023,0.004695561741594023,TPL,0.013018287648680944,0.2824768558192492,0.6425528343563742
B_mom6m_top10_then_accel_3v3_6m_top3,B_6m_momentum_filter_then_acceleration,2024-11,2024-11-01,"RKLB,LEU,ECHO",accel_3v3_6m,0.0389113765195983,0.29638767877304073,0.451448870535841,6.0,recent3_minus_previous3_avg_accel,accel_3v3_6m,10.0,,RKLB,0.06354406893132403,1.1151489076420713,1.4851137452861187,LEU,0.038018617868672104,-0.24705558166872332,-0.24705558166872332,ECHO,0.015171442758798757,0.021069710345774206,0.11628844799012761
B_mom6m_top10_then_accel_3v3_6m_top3,B_6m_momentum_filter_then_acceleration,2024-12,2024-12-02,"LEU,RKLB,COHR",accel_3v3_6m,0.05318465576348477,-0.03267095429037906,0.05474087460876076,6.0,recent3_minus_previous3_avg_accel,accel_3v3_6m,10.0,,LEU,0.0873588308061203,-0.10209770879488689,0.018552185723901493,RKLB,0.041351883993227916,0.03332636617444629,0.17491195835307738,COHR,0.030843252491106123,-0.029241520250696595,-0.029241520250696595
B_mom6m_top10_then_accel_3v3_6m_top3,B_6m_momentum_filter_then_acceleration,2025-01,2025-01-02,"MSTR,APP,RKLB",accel_3v3_6m,0.10615395285943686,0.12105770670736475,0.12105770670736475,6.0,recent3_minus_previous3_avg_accel,accel_3v3_6m,10.0,,MSTR,0.11623295728690429,0.15692805253079944,0.15692805253079944,APP,0.11207589709935552,0.06922582873957994,0.06922582873957994,RKLB,0.0901530041920508,0.13701923885171485,0.13701923885171485
B_mom6m_top10_then_accel_3v3_6m_top3,B_6m_momentum_filter_then_acceleration,2025-02,2025-02-03,"MSTR,APP,PLTR",accel_3v3_6m,0.0739809911846022,-0.119263360000056,0.136720479818763,6.0,recent3_minus_previous3_avg_accel,accel_3v3_6m,10.0,,MSTR,0.10862732283827098,-0.2770751078499083,0.09942669085751943,APP,0.07017080638313111,-0.07689362389390075,-0.07689362389390075,PLTR,0.04314484433240454,-0.0038213482563589363,0.38762837249267035
B_mom6m_top10_then_accel_3v3_6m_top3,B_6m_momentum_filter_then_acceleration,2025-03,2025-03-03,"MSTR,APP,PLTR",accel_3v3_6m,0.039652264905354985,0.024241048713729268,0.43168219009347203,6.0,recent3_minus_previous3_avg_accel,accel_3v3_6m,10.0,,MSTR,0.044997819669490305,0.2195918669169905,0.5208034787509563,APP,0.04389512394177738,-0.16197303825227471,0.19140928447613836,PLTR,0.03006385110479728,0.015104317476472007,0.5828338070533214
B_mom6m_top10_then_accel_3v3_6m_top3,B_6m_momentum_filter_then_acceleration,2025-04,2025-04-01,"ECHO,TPR,VST",accel_3v3_6m,-0.0028315541787752208,0.0013762038841949413,0.2800155326598066,6.0,recent3_minus_previous3_avg_accel,accel_3v3_6m,10.0,,ECHO,0.017155260571625513,-0.08614529695464046,0.12584358908639204,TPR,-0.01157793034845184,-0.03292641162481735,0.19804927615373047,VST,-0.014071992759499335,0.12320032023204264,0.5161537327392973
B_mom6m_top10_then_accel_3v3_6m_top3,B_6m_momentum_filter_then_acceleration,2025-05,2025-05-01,"EQT,TPL,TPR",accel_3v3_6m,-0.015303152973057446,0.03136263633607176,0.16481780020625558,6.0,recent3_minus_previous3_avg_accel,accel_3v3_6m,10.0,,EQT,-0.008752138099311229,0.1284350598780577,0.1284350598780577,TPL,-0.009603880294513704,-0.14883151776783377,-0.14883151776783377,TPR,-0.027553440525347403,0.11448436689799135,0.5148498585085428
B_mom6m_top10_then_accel_3v3_6m_top3,B_6m_momentum_filter_then_acceleration,2025-06,2025-06-02,"SMCI,HWM,NFLX",accel_3v3_6m,0.015297853153934102,0.075841309623921,0.16773939905700655,6.0,recent3_minus_previous3_avg_accel,accel_3v3_6m,10.0,,SMCI,0.04086792335677669,0.14563106526437664,0.3747572412813567,HWM,0.014358058407247371,0.020677767172825545,0.0672458594551022,NFLX,-0.009332422302221756,0.0612150964345608,0.0612150964345608
B_mom6m_top10_then_accel_3v3_6m_top3,B_6m_momentum_filter_then_acceleration,2025-07,2025-07-01,"ZS,MOS,CVNA",accel_3v3_6m,0.02786488847186271,-0.013481500490232223,0.04005959654407968,6.0,recent3_minus_previous3_avg_accel,accel_3v3_6m,10.0,,ZS,0.03502686109020692,-0.08801906047727459,-0.009078512555085405,MOS,0.029544344643130983,-0.03969557774218724,-0.03969557774218724,CVNA,0.019023459682250228,0.08727013674876516,0.1689528799295117
B_mom6m_top10_then_accel_3v3_6m_top3,B_6m_momentum_filter_then_acceleration,2025-08,2025-08-01,"LEU,NRG,CVNA",accel_3v3_6m,0.04772917635271806,-0.05314507412842303,0.25501336960922827,6.0,recent3_minus_previous3_avg_accel,accel_3v3_6m,10.0,,LEU,0.0741308007341912,-0.02131235252907482,0.6463782807073697,NRG,0.035621622306234675,-0.1343434381463079,0.04353538031314885,CVNA,0.03343510601772832,-0.0037794317098863717,0.07512644780716626
B_mom6m_top10_then_accel_3v3_6m_top3,B_6m_momentum_filter_then_acceleration,2025-09,2025-09-02,"LEU,UUUU,GEV",accel_3v3_6m,0.09262858689133263,0.35084984872866426,0.4315983636777185,6.0,recent3_minus_previous3_avg_accel,accel_3v3_6m,10.0,,LEU,0.17058471779250434,0.62396383512066,0.6822305716863362,UUUU,0.054816779164218746,0.38292258036406346,0.5669013886455498,GEV,0.05248426371727482,0.04566313070126937,0.04566313070126937
B_mom6m_top10_then_accel_3v3_6m_top3,B_6m_momentum_filter_then_acceleration,2025-10,2025-10-01,"ECHO,RKLB,ALAB",accel_3v3_6m,0.12441410862268816,0.07055016331677248,0.3266894931728231,6.0,recent3_minus_previous3_avg_accel,accel_3v3_6m,10.0,,ECHO,0.14164365748778882,-0.051949650986389595,0.4110691862286262,RKLB,0.130557484196495,0.27871583472285755,0.5841149870759936,ALAB,0.10104118418378072,-0.01511569378615052,-0.01511569378615052
B_mom6m_top10_then_accel_3v3_6m_top3,B_6m_momentum_filter_then_acceleration,2025-11,2025-11-03,"ALAB,APP,PLUG",accel_3v3_6m,0.10709835526081053,-0.15100095265633418,-0.08841997544815443,6.0,recent3_minus_previous3_avg_accel,accel_3v3_6m,10.0,,ALAB,0.12973283109085523,-0.13765919530836024,-0.06264355895248663,APP,0.11674421934978035,-0.013525465236880807,-0.013525465236880807,PLUG,0.07481801534179604,-0.3018181974237615,-0.18909090215509583
B_mom6m_top10_then_accel_3v3_6m_top3,B_6m_momentum_filter_then_acceleration,2025-12,2025-12-01,"ECHO,CIEN,RKLB",accel_3v3_6m,0.06859441964081105,0.547905744288278,0.7562144432651022,6.0,recent3_minus_previous3_avg_accel,accel_3v3_6m,10.0,,ECHO,0.08742526344027385,0.5367123329476133,0.6257534288380244,CIEN,0.06334983495105759,0.22466653295353933,0.7605515339936006,RKLB,0.055008160531101705,0.8823383669636813,0.8823383669636813
B_mom6m_top10_then_accel_3v3_6m_top3,B_6m_momentum_filter_then_acceleration,2026-01,2026-01-02,"CIEN,INTC,MU",accel_3v3_6m,0.03028046526612019,0.2395362542305778,0.4385392424876478,6.0,recent3_minus_previous3_avg_accel,accel_3v3_6m,10.0,,CIEN,0.042026343709937734,0.09115659960307076,0.6881655643742808,INTC,0.025173628147663468,0.23946165691729648,0.23946165691729648,MU,0.02364142394075937,0.3879905061713662,0.3879905061713662
B_mom6m_top10_then_accel_3v3_6m_top3,B_6m_momentum_filter_then_acceleration,2026-02,2026-02-02,"MU,RKLB,COHR",accel_3v3_6m,-0.02361390554470098,0.08116382893167666,0.26105069807556763,6.0,recent3_minus_previous3_avg_accel,accel_3v3_6m,10.0,,MU,-0.014563432219169338,-0.05740056734379806,0.23900825436550543,RKLB,-0.028000268900090143,-0.042886045040281484,0.06284552848037994,COHR,-0.028278015514843456,0.3437780991791095,0.4812983113808176
B_mom6m_top10_then_accel_3v3_6m_top3,B_6m_momentum_filter_then_acceleration,2026-03,2026-03-02,"ASML,COHR,INTC",accel_3v3_6m,-0.02254273513692062,-0.053395783138490215,0.5878206547943582,6.0,recent3_minus_previous3_avg_accel,accel_3v3_6m,10.0,,ASML,-0.01722322181760861,-0.04480379545804547,0.14652700051150624,COHR,-0.02028550098240309,-0.17098792273318086,0.21407778077146555,INTC,-0.030119482610750148,0.0556043687757557,1.4028571831001027
B_mom6m_top10_then_avg_accel_3m_top3,B_6m_momentum_filter_then_acceleration,2016-01,2016-01-04,"LDOS,NVDA,GPN",avg_accel_3m,0.04783446378421457,-0.09947702870502866,0.03935520775573483,3.0,avg_accel,avg_accel_3m,10.0,,LDOS,0.06845055520032574,-0.1562905152519075,-0.044043623063586224,NVDA,0.045200021703839605,-0.09484083753346129,0.12084351338143162,GPN,0.02985281444847835,-0.04729973332971715,0.04126573294935909
B_mom6m_top10_then_avg_accel_3m_top3,B_6m_momentum_filter_then_acceleration,2016-02,2016-02-01,"FSLR,HRL,GOOG",avg_accel_3m,0.017830639856763857,0.0010950674290584421,0.022114668286474903,3.0,avg_accel,avg_accel_3m,10.0,,FSLR,0.02815121659946472,-0.0015912138683923382,-0.0015912138683923382,HRL,0.015140235938237951,0.04901196379406891,0.07071451212714108,GOOG,0.010200467032588902,-0.04413554763850125,-0.0027792933993240343
B_mom6m_top10_then_avg_accel_3m_top3,B_6m_momentum_filter_then_acceleration,2016-03,2016-03-01,"STZ,TSN,HRL",avg_accel_3m,-0.0015772686084034777,0.03847467666333556,0.05021497235523179,3.0,avg_accel,avg_accel_3m,10.0,,STZ,0.004068071379626413,0.05646212469309431,0.09168301176878302,TSN,-0.0015250934769043267,0.03827334398196003,0.03827334398196003,HRL,-0.00727478372793252,0.020688561314952336,0.020688561314952336
B_mom6m_top10_then_avg_accel_3m_top3,B_6m_momentum_filter_then_acceleration,2016-04,2016-04-01,"SMCI,NEM,TSN",avg_accel_3m,0.03548378444441938,0.01877944076005611,0.09426758600054308,3.0,avg_accel,avg_accel_3m,10.0,,SMCI,0.06484047629824823,-0.2128153066806837,-0.2128153066806837,NEM,0.02897476099294253,0.29000800387293624,0.5164724395943971,TSN,0.01263611604206738,-0.020854374912084195,-0.020854374912084195
B_mom6m_top10_then_avg_accel_3m_top3,B_6m_momentum_filter_then_acceleration,2016-05,2016-05-02,"LEU,TRMB,NEM",avg_accel_3m,0.19475933053812902,-0.008516962937550035,0.1642550568327772,3.0,avg_accel,avg_accel_3m,10.0,,LEU,0.4649883299017189,-0.04516124864274451,0.08387096724574694,TRMB,0.06193796501174627,0.0685331955174997,0.1220225674490436,NEM,0.057351696700921925,-0.0489228356874053,0.286871635803541
B_mom6m_top10_then_avg_accel_3m_top3,B_6m_momentum_filter_then_acceleration,2016-06,2016-06-01,"LEU,FCX,AMD",avg_accel_3m,0.2152325354754431,0.11678651236021431,0.33964446315726615,3.0,avg_accel,avg_accel_3m,10.0,,LEU,0.34603547033657944,0.13513508506549265,0.18243241719384562,FCX,0.1890961472457891,0.07075484295812862,0.17735871732463182,AMD,0.11056598884396071,0.14446960905702166,0.659142254953321
B_mom6m_top10_then_avg_accel_3m_top3,B_6m_momentum_filter_then_acceleration,2016-07,2016-07-01,"AMD,OKE,TRGP",avg_accel_3m,0.093784198693173,0.033195263305525614,0.23912171687496767,3.0,avg_accel,avg_accel_3m,10.0,,AMD,0.1191319914794278,0.3096646236029119,0.4497040741172329,OKE,0.08460840892415955,-0.0962789286464677,0.08902434186456887,TRGP,0.07761219567593165,-0.11379990503986737,0.17863673464310126
B_mom6m_top10_then_avg_accel_3m_top3,B_6m_momentum_filter_then_acceleration,2016-08,2016-08-01,"OKE,AXON,NVDA",avg_accel_3m,0.013243446664598974,0.049697889239106896,0.11507964736769057,3.0,avg_accel,avg_accel_3m,10.0,,OKE,0.013952270766546815,0.11309252111772339,0.20504476036339603,AXON,0.013309154354825235,-0.07921808909568262,-0.07921808909568262,NVDA,0.012468914872424873,0.11521923569527992,0.2194122708353583
B_mom6m_top10_then_avg_accel_3m_top3,B_6m_momentum_filter_then_acceleration,2016-09,2016-09-01,"DHR,AXON,GRMN",avg_accel_3m,0.06693169045700897,-0.046072416324919985,0.01926565842572714,3.0,avg_accel,avg_accel_3m,10.0,,DHR,0.09930714490266501,-0.040817474946013066,-0.040817474946013066,AXON,0.055676088077526206,-0.09534448527267592,0.03240219439569114,GRMN,0.04581183839083569,-0.002055288756070972,0.06621225582750334
B_mom6m_top10_then_avg_accel_3m_top3,B_6m_momentum_filter_then_acceleration,2016-10,2016-10-03,"DHR,LEU,SHOP",avg_accel_3m,0.066622326208963,-0.013781030109294767,0.3226980689927567,3.0,avg_accel,avg_accel_3m,10.0,,DHR,0.10010258001500588,-0.012309865608527426,0.011734094288292862,LEU,0.06549005493380211,0.023255854069589743,0.9612404075023369,SHOP,0.034274343678080986,-0.05228907878894662,-0.004880294812359631
B_mom6m_top10_then_avg_accel_3m_top3,B_6m_momentum_filter_then_acceleration,2016-11,2016-11-01,"TPL,TRGP,WMB",avg_accel_3m,0.04307900204037098,0.11123380703449715,0.22508639323871016,3.0,avg_accel,avg_accel_3m,10.0,,TPL,0.06011333963391208,0.10243403628001868,0.20163793997807256,TRGP,0.034724026143208485,0.18051479918519697,0.3654053946529596,WMB,0.034399640343992385,0.05075258563827578,0.1082158450850983
B_mom6m_top10_then_avg_accel_3m_top3,B_6m_momentum_filter_then_acceleration,2016-12,2016-12-01,"TPL,OKE,WMB",avg_accel_3m,0.034356209739429815,0.051679516513128666,0.07474674116669815,3.0,avg_accel,avg_accel_3m,10.0,,TPL,0.09489595416987884,0.02078457504227149,0.08998624900297991,OKE,0.009032950278490753,0.07956625806202555,0.07956625806202555,WMB,-0.0008602752300801639,0.05468771643508896,0.05468771643508896
B_mom6m_top10_then_avg_accel_3m_top3,B_6m_momentum_filter_then_acceleration,2017-01,2017-01-03,"LEU,FCX,TPL",avg_accel_3m,0.06414628989207528,0.013614009882269906,0.024154205013161605,3.0,avg_accel,avg_accel_3m,10.0,,LEU,0.08643863548954896,-0.24901189793498735,-0.21739131254231225,FCX,0.07702114168507473,0.2220612946868079,0.2220612946868079,TPL,0.028979092501602174,0.06779263289498916,0.06779263289498916
B_mom6m_top10_then_avg_accel_3m_top3,B_6m_momentum_filter_then_acceleration,2017-02,2017-02-01,"LEU,AMD,URI",avg_accel_3m,0.08460694642173272,0.10309478699288355,0.10309478699288355,3.0,avg_accel,avg_accel_3m,10.0,,LEU,0.09588999934024492,0.04210530806776713,0.04210530806776713,AMD,0.08219783704583097,0.24046430494423188,0.24046430494423188,URI,0.0757330028791223,0.02671474796665163,0.02671474796665163
B_mom6m_top10_then_avg_accel_3m_top3,B_6m_momentum_filter_then_acceleration,2017-03,2017-03-01,"AMD,URI,MU",avg_accel_3m,0.06027560543486107,0.024582514309912724,0.05336734268324398,3.0,avg_accel,avg_accel_3m,10.0,,AMD,0.0752886768950121,-0.02139035387755628,-0.02139035387755628,URI,0.05643889930805705,-0.07146051362027261,-0.07146051362027261,MU,0.049099240101514036,0.16659841042756707,0.25295289554756084
B_mom6m_top10_then_avg_accel_3m_top3,B_6m_momentum_filter_then_acceleration,2017-04,2017-04-03,"CSX,AMD,COHR",avg_accel_3m,0.0156446146885787,0.006205430905001104,0.03154376662677453,3.0,avg_accel,avg_accel_3m,10.0,,CSX,0.02521374174731813,0.10557958535910084,0.17583088190361162,AMD,0.01534693755014338,-0.06967216078166893,-0.06967216078166893,COHR,0.0063731647682745834,-0.017291131862428588,-0.011527421241619096
B_mom6m_top10_then_avg_accel_3m_top3,B_6m_momentum_filter_then_acceleration,2017-05,2017-05-01,"SHOP,ANET,NRG",avg_accel_3m,0.027039001590637723,0.08913614261210727,0.2910093697180714,3.0,avg_accel,avg_accel_3m,10.0,,SHOP,0.045614048921251545,0.20942273694906666,0.3471395571425713,ANET,0.03708322545640157,0.05258680260794435,0.05258680260794435,NRG,-0.0015802696057399535,0.005398888279310787,0.4733017494036986
B_mom6m_top10_then_avg_accel_3m_top3,B_6m_momentum_filter_then_acceleration,2017-06,2017-06-01,"PLUG,ANET,BLDR",avg_accel_3m,0.08572259559832468,0.06360570704221898,0.20874689661643298,3.0,avg_accel,avg_accel_3m,10.0,,PLUG,0.21349684874613023,0.10215050352144872,0.24193544355565155,ANET,0.025232354010606216,-0.010974985429048623,0.19505790726720873,BLDR,0.018438584038237595,0.09964160303425684,0.18924733902643864
B_mom6m_top10_then_avg_accel_3m_top3,B_6m_momentum_filter_then_acceleration,2017-07,2017-07-03,"PLUG,NVDA,XYZ",avg_accel_3m,0.0600001261271888,0.16057993003071794,0.3048852662200454,3.0,avg_accel,avg_accel_3m,10.0,,PLUG,0.10985416151111506,0.12682926659070604,0.34146344583705446,NVDA,0.053139463172128996,0.1805785236969446,0.2858511575596221,XYZ,0.01700675369832235,0.1743319998045032,0.2873411952634597
B_mom6m_top10_then_avg_accel_3m_top3,B_6m_momentum_filter_then_acceleration,2017-08,2017-08-01,"CSX,XYZ,SEDG",avg_accel_3m,0.007439776093321735,0.051470013438363105,0.2868660834986925,3.0,avg_accel,avg_accel_3m,10.0,,CSX,0.010964678915178144,0.028435261753779306,0.09041363662807589,XYZ,0.007150623435046466,-0.03282354264439624,0.36031338855609296,SEDG,0.004204025929740597,0.15879832120570625,0.4098712253119088
B_mom6m_top10_then_avg_accel_3m_top3,B_6m_momentum_filter_then_acceleration,2017-09,2017-09-01,"NRG,FSLR,SEDG",avg_accel_3m,0.05494320693156366,0.02735157139965046,0.22575179476716234,3.0,avg_accel,avg_accel_3m,10.0,,NRG,0.07528745636935513,0.031035882772660894,0.12791503862089182,FSLR,0.06843328462573381,-0.013795983388524391,0.2604514850487232,SEDG,0.02110887979960204,0.06481481481481488,0.288888860631872
B_mom6m_top10_then_avg_accel_3m_top3,B_6m_momentum_filter_then_acceleration,2017-10,2017-10-02,"NRG,SEDG,ANET",avg_accel_3m,0.042756349675102896,0.050237436839104234,0.22260855468900487,3.0,avg_accel,avg_accel_3m,10.0,,NRG,0.09080840358208574,-0.027762540608555097,0.13114568807059812,SEDG,0.02360839429171413,0.142608642578125,0.32347823433254086,ANET,0.013852251151508822,0.035866208547742806,0.21320174166387562
B_mom6m_top10_then_avg_accel_3m_top3,B_6m_momentum_filter_then_acceleration,2017-11,2017-11-01,"PLUG,LRCX,TPL",avg_accel_3m,0.041276002894688496,-0.06445742695258487,0.040048242433338266,3.0,avg_accel,avg_accel_3m,10.0,,PLUG,0.04881892456227488,-0.10992906032556649,-0.10992906032556649,LRCX,0.039295687242854135,-0.07446291113814008,-0.06463108811645724,TPL,0.03571339687893647,-0.008980309394048036,0.2947048757420385
B_mom6m_top10_then_avg_accel_3m_top3,B_6m_momentum_filter_then_acceleration,2017-12,2017-12-01,"MU,XYZ,ALGN",avg_accel_3m,0.0439997318602691,-0.04318003961454231,0.11460115735523042,3.0,avg_accel,avg_accel_3m,10.0,,MU,0.06944048139559024,0.04000978072545025,0.13407968031000217,XYZ,0.03620359446451621,-0.05363691748516641,0.2038199071697142,ALGN,0.026355119720700856,-0.11591298208391076,0.005903884585974906
B_mom6m_top10_then_avg_accel_3m_top3,B_6m_momentum_filter_then_acceleration,2018-01,2018-01-02,"ENPH,CVNA,ALGN",avg_accel_3m,0.07114415652175844,-0.005921845349115255,0.3687186535317122,3.0,avg_accel,avg_accel_3m,10.0,,ENPH,0.1415581589705157,-0.16538455542727826,0.7346155362721787,CVNA,0.0454718716109588,0.00983069741472109,0.23375210235774646,ALGN,0.026402438983800798,0.1377883219652114,0.1377883219652114
B_mom6m_top10_then_avg_accel_3m_top3,B_6m_momentum_filter_then_acceleration,2018-02,2018-02-01,"FCX,ENPH,FSLR",avg_accel_3m,0.058274964719068366,0.1325766232583401,0.3529311518035538,3.0,avg_accel,avg_accel_3m,10.0,,FCX,0.06512845200617973,-0.046786617535819475,-0.046786617535819475,ENPH,0.06432042172642567,0.5253455421220792,1.0783410462290313,FSLR,0.04537602042459972,-0.08082905481123936,0.027239026717449377
B_mom6m_top10_then_avg_accel_3m_top3,B_6m_momentum_filter_then_acceleration,2018-03,2018-03-01,"ANET,PODD,TKO",avg_accel_3m,0.011453943432150763,0.017767290157581567,0.28962120983909445,3.0,avg_accel,avg_accel_3m,10.0,,ANET,0.015326483871638631,-0.03900679970542087,0.0055724082210981685,PODD,0.013929704890876062,0.16646077667379977,0.30122129986157775,TKO,0.0051056415339375966,-0.0741521064956342,0.5620699214346074
B_mom6m_top10_then_avg_accel_3m_top3,B_6m_momentum_filter_then_acceleration,2018-04,2018-04-02,"AXON,NFLX,MELI",avg_accel_3m,0.04770119045058791,0.0489655426304475,0.3507698640676362,3.0,avg_accel,avg_accel_3m,10.0,,AXON,0.0606083466256714,0.05141840939296749,0.6540021228191464,NFLX,0.05861714062427027,0.11777090421215841,0.4206001550975458,MELI,0.023878084101822072,-0.0222926857137834,-0.0222926857137834
B_mom6m_top10_then_avg_accel_3m_top3,B_6m_momentum_filter_then_acceleration,2018-05,2018-05-01,"AXON,SEDG,XYZ",avg_accel_3m,0.04311008888334903,0.28220036201823445,0.3686078719637267,3.0,avg_accel,avg_accel_3m,10.0,,AXON,0.05976064722283485,0.5731150491972823,0.6482775460256431,SEDG,0.056728897189184495,0.04091344542518338,0.07040914969852285,XYZ,0.012840722238027777,0.23257259143223763,0.38713692016701406
B_mom6m_top10_then_avg_accel_3m_top3,B_6m_momentum_filter_then_acceleration,2018-06,2018-06-01,"ENPH,DXCM,CVNA",avg_accel_3m,0.06898785674009598,0.2723678265319501,0.7366484717408767,3.0,avg_accel,avg_accel_3m,10.0,,ENPH,0.08859873697132284,0.2352940497077145,0.2352940497077145,DXCM,0.06111823591921576,0.06778742089881562,0.5841648849574981,CVNA,0.057246597329749356,0.5140220089893202,1.390486480557417
B_mom6m_top10_then_avg_accel_3m_top3,B_6m_momentum_filter_then_acceleration,2018-07,2018-07-02,"TKO,DXCM,TPL",avg_accel_3m,0.054517034004565035,0.048449455633840656,0.3308813927016711,3.0,avg_accel,avg_accel_3m,10.0,,TKO,0.07065375672967418,0.03771065909775695,0.2617211101157546,DXCM,0.05157184490292393,-0.030573840529607987,0.4835957550651975,TPL,0.041325500381097,0.138211548333373,0.24732731292406118
B_mom6m_top10_then_avg_accel_3m_top3,B_6m_momentum_filter_then_acceleration,2018-08,2018-08-01,"TKO,ALGN,CVNA",avg_accel_3m,0.08328348582294116,0.2575545467509029,0.28744949348362964,3.0,avg_accel,avg_accel_3m,10.0,,TKO,0.12652428502934027,0.14368572936584934,0.21586985645185974,ALGN,0.06628270238463507,0.0894259917263458,0.10692670483851563,CVNA,0.05704347005484815,0.5395519191605136,0.5395519191605136
B_mom6m_top10_then_avg_accel_3m_top3,B_6m_momentum_filter_then_acceleration,2018-09,2018-09-04,"UUUU,TKO,CVNA",avg_accel_3m,0.03966007941903093,-0.017236096046549854,0.0018115294886493771,3.0,avg_accel,avg_accel_3m,10.0,,UUUU,0.05088600915118672,0.03174600050953447,0.08888887711513216,TKO,0.040771768344545836,0.06311535173743499,0.06311535173743499,CVNA,0.027322460761360218,-0.14656964038661902,-0.14656964038661902
B_mom6m_top10_then_avg_accel_3m_top3,B_6m_momentum_filter_then_acceleration,2018-10,2018-10-01,"MDB,CVNA,AMD",avg_accel_3m,0.05249433744575737,-0.18602080557361675,-0.13179207723880423,3.0,avg_accel,avg_accel_3m,10.0,,MDB,0.057096884620911725,0.02599547344523767,0.07760591807272554,CVNA,0.054435425468107146,-0.22759701378977826,-0.22759701378977826,AMD,0.04595070224825323,-0.35646087637630963,-0.24538513599935996
B_mom6m_top10_then_avg_accel_3m_top3,B_6m_momentum_filter_then_acceleration,2018-11,2018-11-01,"AMD,FTNT,XYZ",avg_accel_3m,0.03823859885964626,0.002553857435415696,0.03083751858742671,3.0,avg_accel,avg_accel_3m,10.0,,AMD,0.04859390359162459,0.1726013793093042,0.21216622459002643,FTNT,0.04353561934277972,-0.1025212371715769,-0.05723509899626611,XYZ,0.02258627364453448,-0.0624185698314802,-0.0624185698314802
B_mom6m_top10_then_avg_accel_3m_top3,B_6m_momentum_filter_then_acceleration,2018-12,2018-12-03,"MDB,FTNT,DXCM",avg_accel_3m,-0.012618376130751119,-0.09607697010062866,0.14452850580833232,3.0,avg_accel,avg_accel_3m,10.0,,MDB,-0.009977879099061449,-0.059190470816579466,0.22570015942004384,FTNT,-0.010441923890704197,-0.07229399679742698,0.15736914642087418,DXCM,-0.01743532540248771,-0.15674644268787952,0.05051621158407893
B_mom6m_top10_then_avg_accel_3m_top3,B_6m_momentum_filter_then_acceleration,2019-01,2019-01-02,"MKC,CIEN,LLY",avg_accel_3m,-0.008477961140085257,0.029388605805978758,0.16597247772040266,3.0,avg_accel,avg_accel_3m,10.0,,MKC,0.007971884093966538,-0.0926116429818582,0.1086123938277257,CIEN,-0.015305312177616031,0.12846201493126963,0.25987036098119765,LLY,-0.018100455336606276,0.052315445468524846,0.12943467835228462
B_mom6m_top10_then_avg_accel_3m_top3,B_6m_momentum_filter_then_acceleration,2019-02,2019-02-01,"SBUX,LLY,MRK",avg_accel_3m,-0.002207508660645348,0.06173826093404541,0.10479298413628772,3.0,avg_accel,avg_accel_3m,10.0,,SBUX,0.005679056106186832,0.04565789297442824,0.1440986789810188,LLY,-0.0034449300942791337,0.07153843594570497,0.07328528077379293,MRK,-0.008856651993843742,0.068018453882003,0.09699499265405143
B_mom6m_top10_then_avg_accel_3m_top3,B_6m_momentum_filter_then_acceleration,2019-03,2019-03-01,"ZS,AMD,KEYS",avg_accel_3m,0.056330417451383695,0.10626627088842522,0.12343968442490838,3.0,avg_accel,avg_accel_3m,10.0,,ZS,0.058921155927119384,0.16790487403311571,0.16790487403311571,AMD,0.05542391172401634,0.11317568710461567,0.16469592771406516,KEYS,0.054646184703015355,0.037718251527544266,0.037718251527544266
B_mom6m_top10_then_avg_accel_3m_top3,B_6m_momentum_filter_then_acceleration,2019-04,2019-04-01,"LEU,ENPH,ZS",avg_accel_3m,0.10133581951951039,0.15762887600844688,0.39832778530520957,3.0,avg_accel,avg_accel_3m,10.0,,LEU,0.1301533294887881,0.1357616186821642,0.1357616186821642,ENPH,0.09260924248845427,0.4017277776896653,0.9762417694097951,ZS,0.0812448865812888,-0.06460276834648881,0.08297996782366934
B_mom6m_top10_then_avg_accel_3m_top3,B_6m_momentum_filter_then_acceleration,2019-05,2019-05-01,"PLUG,MDB,MELI",avg_accel_3m,0.11210857446264756,0.060782205314359815,0.14313012657369528,3.0,avg_accel,avg_accel_3m,10.0,,PLUG,0.1611691957031071,0.03187247968526474,0.03187247968526474,MDB,0.0922144843013141,-0.022900745924366084,0.10514895648241618,MELI,0.0829420433835215,0.17337488218218078,0.2923689435534049
B_mom6m_top10_then_avg_accel_3m_top3,B_6m_momentum_filter_then_acceleration,2019-06,2019-06-03,"CVNA,MDB,SHOP",avg_accel_3m,0.05966630494735487,0.13526225000414746,0.3207936161576808,3.0,avg_accel,avg_accel_3m,10.0,,CVNA,0.1173787792066955,0.12500002044055125,0.36522637092732246,MDB,0.03727412978555773,0.13105086496859664,0.1484375401747,SHOP,0.0243460058498114,0.14973586460329447,0.44871693737102003
B_mom6m_top10_then_avg_accel_3m_top3,B_6m_momentum_filter_then_acceleration,2019-07,2019-07-01,"SHOP,ENPH,ERIE",avg_accel_3m,-0.021524768575234676,0.2102952374707866,0.2568139767368121,3.0,avg_accel,avg_accel_3m,10.0,,SHOP,-0.015275326757355392,0.12048705124518855,0.260043269043265,ENPH,-0.018452143672011534,0.6448088325879386,0.6448088325879386,ERIE,-0.0308468352963371,-0.1344101714207674,-0.1344101714207674
B_mom6m_top10_then_avg_accel_3m_top3,B_6m_momentum_filter_then_acceleration,2019-08,2019-08-01,"ERIE,VEEV,ENPH",avg_accel_3m,0.014868014058140143,-0.05151759219768296,-0.05151759219768296,3.0,avg_accel,avg_accel_3m,10.0,,ERIE,0.025337409930183498,-0.029853624944134793,-0.029853624944134793,VEEV,0.009665922430584992,-0.04496494606372847,-0.04496494606372847,ENPH,0.009600709813651936,-0.07973420558518562,-0.07973420558518562
B_mom6m_top10_then_avg_accel_3m_top3,B_6m_momentum_filter_then_acceleration,2019-09,2019-09-03,"ENPH,SEDG,ZS",avg_accel_3m,0.03890774271076874,-0.14263049644764814,-0.1175690722487061,3.0,avg_accel,avg_accel_3m,10.0,,ENPH,0.06506029132038409,-0.21624554200305202,-0.2032491304349623,SEDG,0.02587136328514599,0.0723497619823752,0.07286563656394662,ZS,0.02579157352677613,-0.2839957093222676,-0.2223237228751026
B_mom6m_top10_then_avg_accel_3m_top3,B_6m_momentum_filter_then_acceleration,2019-10,2019-10-01,"PODD,CVNA,TGT",avg_accel_3m,0.034837646507586605,0.05045787499570072,0.2534457075413747,3.0,avg_accel,avg_accel_3m,10.0,,PODD,0.03783199355182314,-0.1004115084422813,0.11711596051700535,CVNA,0.0334317141130412,0.23403934489800982,0.44615150661408887,TGT,0.03324923185789548,0.017745788531373652,0.1970696554930298
B_mom6m_top10_then_avg_accel_3m_top3,B_6m_momentum_filter_then_acceleration,2019-11,2019-11-01,"TGT,QCOM,TER",avg_accel_3m,0.016983274085579106,0.049001021387793754,0.12133099732671375,3.0,avg_accel,avg_accel_3m,10.0,,TGT,0.023349524104816537,0.15669818123036539,0.1761971103023907,QCOM,0.02039174697304027,-0.013520131442921413,0.06936713375039005,TER,0.007208551178880512,0.0038250143759372968,0.11842874792736047
B_mom6m_top10_then_avg_accel_3m_top3,B_6m_momentum_filter_then_acceleration,2019-12,2019-12-02,"LEU,BLDR,TSLA",avg_accel_3m,0.05538259352622621,0.16495288131407415,0.6244041108507458,3.0,avg_accel,avg_accel_3m,10.0,,LEU,0.14164903809462803,0.19926197573866644,0.5332103879413339,BLDR,0.012969583623038808,0.010739875271231769,0.010739875271231769,TSLA,0.011529158861011801,0.28485679293232424,1.3292620693396717
B_mom6m_top10_then_avg_accel_3m_top3,B_6m_momentum_filter_then_acceleration,2020-01,2020-01-02,"LEU,TSLA,DXCM",avg_accel_3m,0.070781070937333,0.29427184932276884,0.4645874047908711,3.0,avg_accel,avg_accel_3m,10.0,,LEU,0.09616538808491705,-0.010769257178673386,0.27846160301795364,TSLA,0.059607790855089444,0.8128573411078648,0.8128573411078648,DXCM,0.05657003387199251,0.08072746403911513,0.30244327024679474
B_mom6m_top10_then_avg_accel_3m_top3,B_6m_momentum_filter_then_acceleration,2020-02,2020-02-03,"ENPH,AMD,DXCM",avg_accel_3m,0.08819045017818439,0.2516177992657393,0.34685350104840107,3.0,avg_accel,avg_accel_3m,10.0,,ENPH,0.13290867464387324,0.5613610080442375,0.5613610080442375,AMD,0.06870629065081425,-0.011661836067318854,0.038733873232415617,DXCM,0.06295638523986566,0.20515422582029919,0.4404656218685501
B_mom6m_top10_then_avg_accel_3m_top3,B_6m_momentum_filter_then_acceleration,2020-03,2020-03-02,"TSLA,TDG,PODD",avg_accel_3m,0.06441492979010893,-0.3320180522663878,0.01778261442430022,3.0,avg_accel,avg_accel_3m,10.0,,TSLA,0.12163581999926658,-0.35241120487373445,0.20774045142001563,TDG,0.036295280444129295,-0.5205643501184674,-0.22810758411395393,PODD,0.03531368892693092,-0.12307860180696162,0.07371497596683896
B_mom6m_top10_then_avg_accel_3m_top3,B_6m_momentum_filter_then_acceleration,2020-04,2020-04-01,"ENPH,PCG,TSLA",avg_accel_3m,0.09178918188649632,0.3711434949932781,0.9131491886966613,3.0,avg_accel,avg_accel_3m,10.0,,ENPH,0.10732842507972354,0.4528048147450028,1.0047027002853781,PCG,0.09854473151081142,0.20427551943047617,0.4097386959144069,TSLA,0.069494389068954,0.45635015080435526,1.325006169890199
B_mom6m_top10_then_avg_accel_3m_top3,B_6m_momentum_filter_then_acceleration,2020-05,2020-05-01,"DPZ,BIIB,GEN",avg_accel_3m,0.014640157770484242,0.047607622771479084,0.05756643355479126,3.0,avg_accel,avg_accel_3m,10.0,,DPZ,0.02569452635794498,0.07355190858182281,0.08541921105976868,BIIB,0.018850109493180205,0.028523716174545743,0.028523716174545743,GEN,-0.000624162539672457,0.04074724355806869,0.05875637343005935
B_mom6m_top10_then_avg_accel_3m_top3,B_6m_momentum_filter_then_acceleration,2020-06,2020-06-01,"EQT,DXCM,NEM",avg_accel_3m,0.0931614458202575,-0.011857685636912437,0.17404847270150547,3.0,avg_accel,avg_accel_3m,10.0,,EQT,0.2286941653162511,-0.11111100533560725,0.21911435281297642,DXCM,0.028604375036254646,0.056799520873233034,0.17156059975299076,NEM,0.022185797108266757,0.018738427551636905,0.13147046553854924
B_mom6m_top10_then_avg_accel_3m_top3,B_6m_momentum_filter_then_acceleration,2020-07,2020-07-01,"EQT,SHOP,DDOG",avg_accel_3m,0.13937872822811465,0.16906673134039427,0.2151154777031236,3.0,avg_accel,avg_accel_3m,10.0,,EQT,0.20970229840778248,0.3715034837091924,0.3715034837091924,SHOP,0.10649806340406098,0.06532301251813832,0.11575383195760458,DDOG,0.10193582287250048,0.07037369779385205,0.1580891174425738
B_mom6m_top10_then_avg_accel_3m_top3,B_6m_momentum_filter_then_acceleration,2020-08,2020-08-03,"PLUG,XYZ,DDOG",avg_accel_3m,0.19213119019905736,0.2251486240204232,0.34024630726270466,3.0,avg_accel,avg_accel_3m,10.0,,PLUG,0.21210411240408347,0.5425764574038652,0.6888646861057979,XYZ,0.18716009555433175,0.23635014754501604,0.2499258284769521,DDOG,0.1771293626387569,-0.10348073288761162,0.081948407205364
B_mom6m_top10_then_avg_accel_3m_top3,B_6m_momentum_filter_then_acceleration,2020-09,2020-09-01,"PLUG,LEU,CVNA",avg_accel_3m,0.1376189203097329,-0.03217240671826849,0.39057903537833255,3.0,avg_accel,avg_accel_3m,10.0,,PLUG,0.19360998346750669,-0.00920029111026388,0.7317762997288337,LEU,0.13257179243098902,-0.135338391691059,0.33458640517587,CVNA,0.086674985030703,0.04802146264651741,0.10537440123029396
B_mom6m_top10_then_avg_accel_3m_top3,B_6m_momentum_filter_then_acceleration,2020-10,2020-10-01,"PLUG,TSLA,CVNA",avg_accel_3m,0.02626936546236558,-0.0747657485163659,0.6603170836406892,3.0,avg_accel,avg_accel_3m,10.0,,PLUG,0.049857348097620185,0.10500001907348633,1.2978570120675221,TSLA,0.031481783463538415,-0.106323718451248,0.6283692731663943,CVNA,-0.002531035174061863,-0.22297354617133602,0.05472496568815122
B_mom6m_top10_then_avg_accel_3m_top3,B_6m_momentum_filter_then_acceleration,2020-11,2020-11-02,"ENPH,BLDR,SEDG",avg_accel_3m,0.016125991493043848,0.12149183169991562,0.3922648378550096,3.0,avg_accel,avg_accel_3m,10.0,,ENPH,0.036863039392735567,0.24097085458181788,0.7946642882766275,BLDR,0.006940118425201688,0.09978580713020313,0.21916143444768732,SEDG,0.004574816661194289,0.023718833387725846,0.16296879084071403
B_mom6m_top10_then_avg_accel_3m_top3,B_6m_momentum_filter_then_acceleration,2020-12,2020-12-01,"ALGN,ENPH,SEDG",avg_accel_3m,0.03281426331380039,0.17516042026190073,0.23768297776386435,3.0,avg_accel,avg_accel_3m,10.0,,ALGN,0.05682606059268843,0.05270948919701546,0.12999395811762993,ENPH,0.037914645896464316,0.33674813608304954,0.44703133966832587,SEDG,0.003702083452248414,0.13602363550563723,0.13602363550563723
B_mom6m_top10_then_avg_accel_3m_top3,B_6m_momentum_filter_then_acceleration,2021-01,2021-01-04,"MSTR,TPR,IVZ",avg_accel_3m,0.09931807575795952,0.24285171967925237,0.5461594395536823,3.0,avg_accel,avg_accel_3m,10.0,,MSTR,0.13502358271919448,0.4923099157639259,0.8400828859214236,TPR,0.09201807981865578,-0.026291507771165068,0.2687255947927061,IVZ,0.07091256473602826,0.2625367510449963,0.5296698379469174
B_mom6m_top10_then_avg_accel_3m_top3,B_6m_momentum_filter_then_acceleration,2021-02,2021-02-01,"LEU,UUUU,MSTR",avg_accel_3m,0.21599521268834718,0.1812460682679109,0.2641252591991479,3.0,avg_accel,avg_accel_3m,10.0,,LEU,0.24081284325382146,0.09523811583358932,0.12607713300837742,UUUU,0.23165049035715077,0.21545669330291695,0.43325524892184,MSTR,0.1755223044540692,0.23304339566722643,0.23304339566722643
B_mom6m_top10_then_avg_accel_3m_top3,B_6m_momentum_filter_then_acceleration,2021-03,2021-03-01,"UUUU,PLUG,MSTR",avg_accel_3m,0.17854050541309185,-0.09215530867034465,-0.015084030826094478,3.0,avg_accel,avg_accel_3m,10.0,,UUUU,0.22075541297685716,0.1522157905863526,0.3834296241191031,PLUG,0.20060662386044242,-0.32786887272421594,-0.32786887272421594,MSTR,0.11425947940197598,-0.10081284387317058,-0.10081284387317058
B_mom6m_top10_then_avg_accel_3m_top3,B_6m_momentum_filter_then_acceleration,2021-04,2021-04-01,"PSKY,PLUG,UUUU",avg_accel_3m,0.03526845846815601,-0.11096705987830346,0.052682959442650334,3.0,avg_accel,avg_accel_3m,10.0,,PSKY,0.0691432122113443,-0.11155927913517283,0.012683390636176295,PLUG,0.019935087842803956,-0.24475324933570064,-0.05530337609379088,UUUU,0.01672707535031978,0.023411348835963075,0.2006688637855656
B_mom6m_top10_then_avg_accel_3m_top3,B_6m_momentum_filter_then_acceleration,2021-05,2021-05-03,"TPL,TPR,DVN",avg_accel_3m,-0.005662207804918898,0.04561532552659723,0.07199879519846397,3.0,avg_accel,avg_accel_3m,10.0,,TPL,0.03438578687839837,-0.0681842722739282,0.006281460315332721,TPR,-0.01031613907095319,-0.07354716158381192,-0.07354716158381192,DVN,-0.04105627122220187,0.2785774104375318,0.2832620868638711
B_mom6m_top10_then_avg_accel_3m_top3,B_6m_momentum_filter_then_acceleration,2021-06,2021-06-01,"TPL,TRGP,DVN",avg_accel_3m,-0.005687797404784717,0.06881573504134202,0.06881573504134202,3.0,avg_accel,avg_accel_3m,10.0,,TPL,0.016723737040966427,0.07991465519795526,0.07991465519795526,TRGP,-0.011757046441933282,0.12286857433249576,0.12286857433249576,DVN,-0.022030082813387294,0.0036639755935750085,0.0036639755935750085
B_mom6m_top10_then_avg_accel_3m_top3,B_6m_momentum_filter_then_acceleration,2021-07,2021-07-01,"NUE,FCX,COF",avg_accel_3m,0.011001721166192217,0.021453080875114255,0.08663483108971722,3.0,avg_accel,avg_accel_3m,10.0,,NUE,0.029417809645755938,0.05618248573778817,0.20289729562105285,FCX,0.0024708646138370885,-0.01059522427244719,-0.01059522427244719,COF,0.0011164892389836228,0.018771981160001783,0.067602421920546
B_mom6m_top10_then_avg_accel_3m_top3,B_6m_momentum_filter_then_acceleration,2021-08,2021-08-02,"F,TRGP,GNRC",avg_accel_3m,0.014309016477395636,0.03122701609250141,0.30073588927267236,3.0,avg_accel,avg_accel_3m,10.0,,F,0.026356124053809195,-0.05751238918270196,0.29043873536320985,TRGP,0.01645616401717942,0.05441845882251095,0.3472689629723853,GNRC,0.00011476136119829144,0.09677497863769524,0.26449996948242194
B_mom6m_top10_then_avg_accel_3m_top3,B_6m_momentum_filter_then_acceleration,2021-09,2021-09-01,"GNRC,FTNT,IT",avg_accel_3m,0.028361531043300192,-0.04031639004372826,0.08844848260315745,3.0,avg_accel,avg_accel_3m,10.0,,GNRC,0.052133584261836195,-0.07695283879009551,0.15292561747994826,FTNT,0.02263646391032289,-0.03394174087809165,0.050701824159114395,IT,0.010314544957741492,-0.010054590462997615,0.06171800617040968
B_mom6m_top10_then_avg_accel_3m_top3,B_6m_momentum_filter_then_acceleration,2021-10,2021-10-01,"MSCI,FTNT,BX",avg_accel_3m,0.01668878497283945,0.12049689378136781,0.13080741348286504,3.0,avg_accel,avg_accel_3m,10.0,,MSCI,0.020354410759690564,0.07599485638563852,0.07599485638563852,FTNT,0.01834263898094464,0.08761745395577081,0.11785238682925825,BX,0.011369305177883149,0.19787837100269412,0.1985749972336983
B_mom6m_top10_then_avg_accel_3m_top3,B_6m_momentum_filter_then_acceleration,2021-11,2021-11-01,"LEU,RKLB,DVN",avg_accel_3m,0.07285480556615828,-0.02454930466764771,0.07644151787287894,3.0,avg_accel,avg_accel_3m,10.0,,LEU,0.10367989706189,-0.11147811866310575,-0.11147811866310575,RKLB,0.08955818301631711,0.06521734478081331,0.06521734478081331,DVN,0.025326336620267727,-0.027387140120650688,0.27558532750092923
B_mom6m_top10_then_avg_accel_3m_top3,B_6m_momentum_filter_then_acceleration,2021-12,2021-12-01,"LEU,PLUG,DVN",avg_accel_3m,0.11945665563349261,-0.03297322295604007,0.08081021857147919,3.0,avg_accel,avg_accel_3m,10.0,,LEU,0.13946497947464867,-0.020260226171844198,-0.020260226171844198,PLUG,0.11680978828116137,-0.21574498410421528,-0.21574498410421528,DVN,0.1020951991446678,0.13708554140793927,0.47843586599049703
B_mom6m_top10_then_avg_accel_3m_top3,B_6m_momentum_filter_then_acceleration,2022-01,2022-01-03,"ENPH,TSLA,NVDA",avg_accel_3m,0.07220838741049644,-0.2107865887913686,-0.030932483217342432,3.0,avg_accel,avg_accel_3m,10.0,,ENPH,0.09451799265871907,-0.22651124679075274,0.11623747788633709,TSLA,0.0639663274427331,-0.2238160575856306,-0.09600927049842889,NVDA,0.05814084213003711,-0.1820324619977225,-0.1130256570399355
B_mom6m_top10_then_avg_accel_3m_top3,B_6m_momentum_filter_then_acceleration,2022-02,2022-02-01,"ANET,MRVL,AMD",avg_accel_3m,0.05488724224828077,-0.060019593743516765,0.026073819498365475,3.0,avg_accel,avg_accel_3m,10.0,,ANET,0.07202791858122956,-0.05164928109990963,0.12212383188325737,MRVL,0.05025054749844329,-0.10314835114041487,-0.01864122439793514,AMD,0.04238326066516945,-0.0252611489902258,-0.0252611489902258
B_mom6m_top10_then_avg_accel_3m_top3,B_6m_momentum_filter_then_acceleration,2022-03,2022-03-01,"HAL,CF,OXY",avg_accel_3m,0.0071328618669368226,0.2193900389117014,0.33782102847275475,3.0,avg_accel,avg_accel_3m,10.0,,HAL,0.027406530344976126,0.20149495727443223,0.29306971259349157,CF,-0.002371942077964609,0.21177911709796748,0.21177911709796748,OXY,-0.0036360026662010485,0.24489604236270446,0.5086142557268052
B_mom6m_top10_then_avg_accel_3m_top3,B_6m_momentum_filter_then_acceleration,2022-04,2022-04-01,"OXY,MOS,HAL",avg_accel_3m,0.0684282918527373,-0.039154969774090866,0.07841116133027955,3.0,avg_accel,avg_accel_3m,10.0,,OXY,0.08445096799320642,0.0032695995057594462,0.2118395467492904,MOS,0.060840295418429446,-0.05282340746274816,-0.05282340746274816,HAL,0.05999361214657602,-0.06791110136528389,0.07621734470429642
B_mom6m_top10_then_avg_accel_3m_top3,B_6m_momentum_filter_then_acceleration,2022-05,2022-05-02,"OXY,EQT,MOS",avg_accel_3m,0.08385517410927334,0.13912734305371052,0.13912734305371052,3.0,avg_accel,avg_accel_3m,10.0,,OXY,0.0884822875101682,0.20789022945206215,0.20789022945206215,EQT,0.08729647825920761,0.2666893858823096,0.2666893858823096,MOS,0.07578675655844423,-0.05719758617324022,-0.05719758617324022
B_mom6m_top10_then_avg_accel_3m_top3,B_6m_momentum_filter_then_acceleration,2022-06,2022-06-01,"EQT,DLTR,VLO",avg_accel_3m,0.03738843099151488,-0.1755500907540577,-0.06316169701140861,3.0,avg_accel,avg_accel_3m,10.0,,EQT,0.0638787601233872,-0.3118472504767288,-0.06676933087658621,DLTR,0.02506409200945718,-0.029439105621320683,0.03527736245173996,VLO,0.023222440841700255,-0.18536391616412362,-0.1579931226093796
B_mom6m_top10_then_avg_accel_3m_top3,B_6m_momentum_filter_then_acceleration,2022-07,2022-07-01,"EQT,VLO,MPC",avg_accel_3m,0.030257493147446347,0.10948766225871716,0.20982958877362146,3.0,avg_accel,avg_accel_3m,10.0,,EQT,0.03929759092081607,0.23460724174779646,0.3561388365736011,VLO,0.03886651155623449,0.024726792108036966,0.04920001648548289,MPC,0.012608376965288492,0.06912895292031807,0.22414991326178035
B_mom6m_top10_then_avg_accel_3m_top3,B_6m_momentum_filter_then_acceleration,2022-08,2022-08-01,"XOM,EOG,DVN",avg_accel_3m,-0.010035288265836705,0.07122921018167516,0.2568915480692174,3.0,avg_accel,avg_accel_3m,10.0,,XOM,-0.0002518226062754869,0.003197204111084151,0.19599233387680592,EOG,-0.009903227383741348,0.1034578872850953,0.2903112396722636,DVN,-0.019950814807493278,0.10703253914884603,0.2843710706585827
B_mom6m_top10_then_avg_accel_3m_top3,B_6m_momentum_filter_then_acceleration,2022-09,2022-09-01,"SEDG,ENPH,FSLR",avg_accel_3m,0.08020821791599693,-0.01168937879448484,0.17686840976106732,3.0,avg_accel,avg_accel_3m,10.0,,SEDG,0.08775715252422693,-0.12060006721753613,0.09821023678204321,ENPH,0.08053817299933563,0.016852338915988252,0.11402829886743038,FSLR,0.07232932822442822,0.06867959191809336,0.3183666936337284
B_mom6m_top10_then_avg_accel_3m_top3,B_6m_momentum_filter_then_acceleration,2022-10,2022-10-03,"FSLR,ENPH,CAH",avg_accel_3m,0.09991227188735209,0.08051301339973693,0.16510303179093766,3.0,avg_accel,avg_accel_3m,10.0,,FSLR,0.1509790372372943,0.08746898429311889,0.23364075032769205,ENPH,0.0894871245982756,0.04490431699013886,0.09556545845686526,CAH,0.05927065382648641,0.10916573891595305,0.16610288658825567
B_mom6m_top10_then_avg_accel_3m_top3,B_6m_momentum_filter_then_acceleration,2022-11,2022-11-01,"FSLR,LEU,CEG",avg_accel_3m,0.06239316075460161,-0.026103203171028582,0.0346732843661689,3.0,avg_accel,avg_accel_3m,10.0,,FSLR,0.07160472897215729,0.13441465287360677,0.21255963529267263,LEU,0.06324045791302087,-0.20324509877777397,-0.0990606185852474,CEG,0.05233429537862669,-0.00947916360891854,-0.00947916360891854
B_mom6m_top10_then_avg_accel_3m_top3,B_6m_momentum_filter_then_acceleration,2022-12,2022-12-01,"DVN,TPL,CEG",avg_accel_3m,0.03140351638571934,-0.1467952181416962,-0.11564122561657979,3.0,avg_accel,avg_accel_3m,10.0,,DVN,0.0523347251817334,-0.13030946359378348,-0.07389634458615757,TPL,0.022905562922629404,-0.17712384406407655,-0.17712384406407655,CEG,0.01897026105279522,-0.13295234676722856,-0.09590348819950523
B_mom6m_top10_then_avg_accel_3m_top3,B_6m_momentum_filter_then_acceleration,2023-01,2023-01-03,"FICO,DXCM,AXON",avg_accel_3m,0.0534847227189455,0.09092556881782503,0.17429768887638578,3.0,avg_accel,avg_accel_3m,10.0,,FICO,0.056352165304425175,0.15475564515054985,0.16686686853071375,DXCM,0.05356602791084658,-0.0611871704616026,0.004445171201200804,AXON,0.05053597494156473,0.17920823176452783,0.3515810268972428
B_mom6m_top10_then_avg_accel_3m_top3,B_6m_momentum_filter_then_acceleration,2023-02,2023-02-01,"URI,SMCI,AXON",avg_accel_3m,0.027218855818866624,0.14171618265234676,0.19716413031733815,3.0,avg_accel,avg_accel_3m,10.0,,URI,0.038655000423321206,0.031721443511042224,0.031721443511042224,SMCI,0.02309523099056112,0.27915724085060467,0.4135942243741886,AXON,0.01990633604271754,0.11426986359539337,0.14617672306678364
B_mom6m_top10_then_avg_accel_3m_top3,B_6m_momentum_filter_then_acceleration,2023-03,2023-03-01,"CVNA,MELI,LVS",avg_accel_3m,0.144644174796977,0.04400412787441188,0.32249459463605873,3.0,avg_accel,avg_accel_3m,10.0,,CVNA,0.3552552403956126,0.042648763598271744,0.7732885422141715,MELI,0.04640487179782554,0.08680260646664051,0.08680260646664051,LVS,0.03227241219749281,0.0025610135583233884,0.1073926352273642
B_mom6m_top10_then_avg_accel_3m_top3,B_6m_momentum_filter_then_acceleration,2023-04,2023-04-03,"MSTR,NVDA,FSLR",avg_accel_3m,0.06602794018287374,-0.021628367816442062,0.26284058486209577,3.0,avg_accel,avg_accel_3m,10.0,,MSTR,0.14848554225366836,0.033894865641243,0.2705201919906497,NVDA,0.03314267197054821,0.03379233011518212,0.5168024643491358,FSLR,0.016455606324404643,-0.1325722992057513,0.001199098246501773
B_mom6m_top10_then_avg_accel_3m_top3,B_6m_momentum_filter_then_acceleration,2023-05,2023-05-01,"MSTR,NVDA,SMCI",avg_accel_3m,0.05702952574946161,0.5163487674856729,1.07834954115291,3.0,avg_accel,avg_accel_3m,10.0,,MSTR,0.10220976651124725,-0.02449020280847425,0.4147071735651293,NVDA,0.035846231141582446,0.3756485795575497,0.608848580721099,SMCI,0.033032579595555146,1.1978879257079433,2.2114928691725018
B_mom6m_top10_then_avg_accel_3m_top3,B_6m_momentum_filter_then_acceleration,2023-06,2023-06-01,"META,WST,AMD",avg_accel_3m,0.007694038389063869,0.04212996068785576,0.1208155554596025,3.0,avg_accel,avg_accel_3m,10.0,,META,0.017789171371462964,0.049191191267607515,0.18377917322878212,WST,0.002984428875531131,0.1077503061687266,0.19431998103380366,AMD,0.002308514920197513,-0.03055161537276685,-0.015652487883778265
B_mom6m_top10_then_avg_accel_3m_top3,B_6m_momentum_filter_then_acceleration,2023-07,2023-07-03,"SMCI,PLTR,APP",avg_accel_3m,0.09819558308077704,0.2850557451313572,0.4362902910022208,3.0,avg_accel,avg_accel_3m,10.0,,SMCI,0.15005794639045722,0.35457465551576983,0.35457465551576983,PLTR,0.09603925389588816,0.28801541117986473,0.28801541117986473,APP,0.04848954895598574,0.212577168698437,0.6662808063110277
B_mom6m_top10_then_avg_accel_3m_top3,B_6m_momentum_filter_then_acceleration,2023-08,2023-08-01,"CVNA,CCL,PLTR",avg_accel_3m,0.22751412977908747,-0.11027165590910475,-0.0985991560378356,3.0,avg_accel,avg_accel_3m,10.0,,CVNA,0.3688541941668898,0.03543072107277556,0.03543072107277556,CCL,0.16222769118088506,-0.12562540260619293,-0.12562540260619293,PLTR,0.15146050398948746,-0.24062028619389686,-0.20560278658008946
B_mom6m_top10_then_avg_accel_3m_top3,B_6m_momentum_filter_then_acceleration,2023-09,2023-09-01,"CVNA,CCL,SMCI",avg_accel_3m,0.15550005175594808,-0.11241455399302318,-0.06748978597702344,3.0,avg_accel,avg_accel_3m,10.0,,CVNA,0.2912979119782806,-0.2281219424048233,-0.2281219424048233,CCL,0.10925498303230094,-0.13286711529704243,0.0019071887509567453,SMCI,0.06594726025726269,0.023745395722796214,0.023745395722796214
B_mom6m_top10_then_avg_accel_3m_top3,B_6m_momentum_filter_then_acceleration,2023-10,2023-10-02,"DELL,APP,ADBE",avg_accel_3m,0.012617602300161594,-0.012010614518566923,0.07875360828121662,3.0,avg_accel,avg_accel_3m,10.0,,DELL,0.024254706890962097,0.020054200669976652,0.11096345256095574,APP,0.00820006517706684,-0.10093089080564499,-0.04997552500682645,ADBE,0.005398034832455843,0.04484484657996757,0.17527289728952056
B_mom6m_top10_then_avg_accel_3m_top3,B_6m_momentum_filter_then_acceleration,2023-11,2023-11-01,"LEU,DELL,APP",avg_accel_3m,0.007121836173593204,0.009623268290317566,0.12730534116791925,3.0,avg_accel,avg_accel_3m,10.0,,LEU,0.04880791998062799,-0.06083796206861247,0.01109619306060794,DELL,0.00529941926275964,0.04747345618102772,0.25474358431306654,APP,-0.032741830722608015,0.04223431075853745,0.11607624613008327
B_mom6m_top10_then_avg_accel_3m_top3,B_6m_momentum_filter_then_acceleration,2023-12,2023-12-01,"JBL,DELL,LEU",avg_accel_3m,-0.027769970001884678,0.07080392479826554,0.35869225882450856,3.0,avg_accel,avg_accel_3m,10.0,,JBL,-0.02099756767798949,0.09605686129900048,0.2596439256708838,DELL,-0.028749928280821457,0.03976093652529533,0.7398388742321411,LEU,-0.033562414046843084,0.07659397657050082,0.07659397657050082
B_mom6m_top10_then_avg_accel_3m_top3,B_6m_momentum_filter_then_acceleration,2024-01,2024-01-02,"COIN,MSTR,CCL",avg_accel_3m,0.09546267902432308,-0.1571759935387309,0.6558541959403537,3.0,avg_accel,avg_accel_3m,10.0,,COIN,0.12433178441050552,-0.17803421127780872,0.607024431180218,MSTR,0.09540263918610266,-0.2651536156860753,1.3888783102931517,CCL,0.06665361347636105,-0.028340153652308686,-0.028340153652308686
B_mom6m_top10_then_avg_accel_3m_top3,B_6m_momentum_filter_then_acceleration,2024-02,2024-02-01,"COIN,CVNA,MSTR",avg_accel_3m,0.1568337715302113,0.8967389168838981,1.417894653957438,3.0,avg_accel,avg_accel_3m,10.0,,COIN,0.1829851040238018,0.595734851820529,0.9550989265361769,CVNA,0.15590176571134906,0.9506230780899649,1.0477310319875568,MSTR,0.13161444485548307,1.1438588207412002,2.2508540033485804
B_mom6m_top10_then_avg_accel_3m_top3,B_6m_momentum_filter_then_acceleration,2024-03,2024-03-01,"SMCI,KKR,ZS",avg_accel_3m,0.09252544297952996,0.010871956586060402,0.0221490437909867,3.0,avg_accel,avg_accel_3m,10.0,,SMCI,0.20095646250493387,0.1454145903034021,0.1454145903034021,KKR,0.042638715334191266,0.010815708925491885,0.04464697054027078,ZS,0.03398115109946471,-0.12361442947071277,-0.12361442947071277
B_mom6m_top10_then_avg_accel_3m_top3,B_6m_momentum_filter_then_acceleration,2024-04,2024-04-01,"SMCI,CVNA,ARM",avg_accel_3m,0.18100287569316623,-0.17794724148077054,0.15583630786979305,3.0,avg_accel,avg_accel_3m,10.0,,SMCI,0.2756340031489125,-0.2881453556578677,-0.2167766945326116,CVNA,0.13405973343545252,0.00345658869847032,0.43276881688233204,ARM,0.13331489049513362,-0.24915295748291422,0.2515168012596587
B_mom6m_top10_then_avg_accel_3m_top3,B_6m_momentum_filter_then_acceleration,2024-05,2024-05-01,"MSTR,SMCI,ARM",avg_accel_3m,0.1253188435418625,0.3201454740035032,0.44991061383890646,3.0,avg_accel,avg_accel_3m,10.0,,MSTR,0.18750922924126004,0.582667896645291,0.582667896645291,SMCI,0.09495573974074631,0.04373555731780132,0.10025735126194513,ARM,0.09349156164358122,0.3340329680474172,0.6668065936094834
B_mom6m_top10_then_avg_accel_3m_top3,B_6m_momentum_filter_then_acceleration,2024-06,2024-06-03,"WSM,VST,MSTR",avg_accel_3m,0.029722068272287877,-0.09714342588993659,-0.051477536454632045,3.0,avg_accel,avg_accel_3m,10.0,,WSM,0.03729328743542946,-0.06984016105599178,-0.022457278664222424,VST,0.03331736517196171,-0.06094223056291359,-0.06094223056291359,MSTR,0.01855555220947247,-0.1606478860509044,-0.07103310013676012
B_mom6m_top10_then_avg_accel_3m_top3,B_6m_momentum_filter_then_acceleration,2024-07,2024-07-01,"VST,COHR,NVDA",avg_accel_3m,-0.03789161857290472,-0.11686224049556822,0.1895373027777321,3.0,avg_accel,avg_accel_3m,10.0,,VST,-0.018065537286233058,-0.1293793474474858,0.40647386621611425,COHR,-0.043924342277892006,-0.09980746109496397,0.22078644019300242,NVDA,-0.051684976154589085,-0.1213999129442549,-0.05864839807592037
B_mom6m_top10_then_avg_accel_3m_top3,B_6m_momentum_filter_then_acceleration,2024-08,2024-08-01,"COHR,NVDA,DELL",avg_accel_3m,-0.004216511668004942,0.03608029964065096,0.28681589097763394,3.0,avg_accel,avg_accel_3m,10.0,,COHR,0.013579399486435828,0.0977396696453694,0.4092851870558962,NVDA,0.010342945373993898,-0.011079492516068101,0.23991931322051085,DELL,-0.03657187986444455,0.02158072179265158,0.21124317265649473
B_mom6m_top10_then_avg_accel_3m_top3,B_6m_momentum_filter_then_acceleration,2024-09,2024-09-03,"CVNA,ARM,PLTR",avg_accel_3m,0.06054170032603013,0.17039463534664775,0.6944731464670673,3.0,avg_accel,avg_accel_3m,10.0,,CVNA,0.06420533135937982,0.21644065403107549,0.7640465038319864,ARM,0.06125058948831217,0.09972526410474636,0.14336510562494298,PLTR,0.0561691801303984,0.1950179879041214,1.1760078299442727
B_mom6m_top10_then_avg_accel_3m_top3,B_6m_momentum_filter_then_acceleration,2024-10,2024-10-01,"MMM,TRGP,NEM",avg_accel_3m,0.02373902407463392,-0.04443135891183614,0.03616389807482101,3.0,avg_accel,avg_accel_3m,10.0,,MMM,0.03829727350856642,-0.07179329734947681,-0.025268068370632224,TRGP,0.016524631775454494,0.10251843148835427,0.2977789734694811,NEM,0.016395166939880853,-0.16401921087438587,-0.16401921087438587
B_mom6m_top10_then_avg_accel_3m_top3,B_6m_momentum_filter_then_acceleration,2024-11,2024-11-01,"RKLB,LEU,VST",avg_accel_3m,0.08897176385608968,0.38586959795692194,0.5501728026226165,3.0,avg_accel,avg_accel_3m,10.0,,RKLB,0.0952837056736135,1.1151489076420713,1.4851137452861187,LEU,0.09402572678039074,-0.24705558166872332,-0.24705558166872332,VST,0.07760585911426482,0.28951546789741767,0.41246024425045413
B_mom6m_top10_then_avg_accel_3m_top3,B_6m_momentum_filter_then_acceleration,2024-12,2024-12-02,"LEU,APP,MSTR",avg_accel_3m,0.18088785045252007,-0.10324217046273991,0.0013960180282525474,3.0,avg_accel,avg_accel_3m,10.0,,LEU,0.27281706133395095,-0.10209770879488689,0.018552185723901493,APP,0.13720209185514984,0.003493944197426435,0.07296164411964301,MSTR,0.1326443981684594,-0.21112274679075926,-0.08732577575878686
B_mom6m_top10_then_avg_accel_3m_top3,B_6m_momentum_filter_then_acceleration,2025-01,2025-01-02,"APP,MSTR,RKLB",avg_accel_3m,0.1925134693092655,0.12105770670736475,0.12105770670736475,3.0,avg_accel,avg_accel_3m,10.0,,APP,0.21257619357580054,0.06922582873957994,0.06922582873957994,MSTR,0.19194195662896654,0.15692805253079944,0.15692805253079944,RKLB,0.17302225772302934,0.13701923885171485,0.13701923885171485
B_mom6m_top10_then_avg_accel_3m_top3,B_6m_momentum_filter_then_acceleration,2025-02,2025-02-03,"ALAB,APP,RKLB",avg_accel_3m,0.07201550451628375,-0.24320690304702686,-0.19733625052831405,3.0,avg_accel,avg_accel_3m,10.0,,ALAB,0.07709608891160093,-0.3102323847261268,-0.2945373085702001,APP,0.07168394928275015,-0.07689362389390075,-0.07689362389390075,RKLB,0.06726647535450014,-0.342494700521053,-0.2205778191208413
B_mom6m_top10_then_avg_accel_3m_top3,B_6m_momentum_filter_then_acceleration,2025-03,2025-03-03,"SHOP,PLTR,AXON",avg_accel_3m,-0.018936829980089314,-0.013129914405544932,0.341764184688516,3.0,avg_accel,avg_accel_3m,10.0,,SHOP,-0.015370654991669785,-0.08388067449630454,-0.0003753135188601098,PLTR,-0.016418187576877963,0.015104317476472007,0.5828338070533214,AXON,-0.02502164737172019,0.029386613803197736,0.44283406053108654
B_mom6m_top10_then_avg_accel_3m_top3,B_6m_momentum_filter_then_acceleration,2025-04,2025-04-01,"ECHO,TPR,VST",avg_accel_3m,-0.013063110980158143,0.0013762038841949413,0.2800155326598066,3.0,avg_accel,avg_accel_3m,10.0,,ECHO,0.04886591432289922,-0.08614529695464046,0.12584358908639204,TPR,-0.020864209413589796,-0.03292641162481735,0.19804927615373047,VST,-0.06719103784978385,0.12320032023204264,0.5161537327392973
B_mom6m_top10_then_avg_accel_3m_top3,B_6m_momentum_filter_then_acceleration,2025-05,2025-05-01,"LEU,TPL,EQT",avg_accel_3m,-0.00997313329843671,0.2440100532529115,0.6367047797229876,3.0,avg_accel,avg_accel_3m,10.0,,LEU,0.02465137514475794,0.7524266176485106,1.930510797058739,TPL,-0.008513120204295451,-0.14883151776783377,-0.14883151776783377,EQT,-0.04605765483577262,0.1284350598780577,0.1284350598780577
B_mom6m_top10_then_avg_accel_3m_top3,B_6m_momentum_filter_then_acceleration,2025-06,2025-06-02,"MSTR,SMCI,PLTR",avg_accel_3m,0.05324303019775233,0.04603265227958542,0.1890797725619918,3.0,avg_accel,avg_accel_3m,10.0,,MSTR,0.08679399127213291,0.0027668058390253325,0.0027668058390253325,SMCI,0.049423911364620245,0.14563106526437664,0.3747572412813567,PLTR,0.02351118795650383,-0.010299914264645715,0.18971527056559334
B_mom6m_top10_then_avg_accel_3m_top3,B_6m_momentum_filter_then_acceleration,2025-07,2025-07-01,"LEU,AVGO,GEV",avg_accel_3m,0.10492407390364807,0.20770463168509012,0.50735427795069,3.0,avg_accel,avg_accel_3m,10.0,,LEU,0.11933568591947274,0.23484081287711134,0.9625983769482405,AVGO,0.10536691412548413,0.0902774068440182,0.26146878156968856,GEV,0.09006962166598735,0.29799567533414084,0.29799567533414084
B_mom6m_top10_then_avg_accel_3m_top3,B_6m_momentum_filter_then_acceleration,2025-08,2025-08-01,"LEU,CVNA,NRG",avg_accel_3m,0.1231644276872005,-0.05314507412842303,0.25501336960922827,3.0,avg_accel,avg_accel_3m,10.0,,LEU,0.21798365079146184,-0.02131235252907482,0.6463782807073697,CVNA,0.08260665601664079,-0.0037794317098863717,0.07512644780716626,NRG,0.06890297625349891,-0.1343434381463079,0.04353538031314885
B_mom6m_top10_then_avg_accel_3m_top3,B_6m_momentum_filter_then_acceleration,2025-09,2025-09-02,"LEU,SEDG,UUUU",avg_accel_3m,0.09723062255672095,0.4105838542242303,0.4913323691732845,3.0,avg_accel,avg_accel_3m,10.0,,LEU,0.12018738152966334,0.62396383512066,0.6822305716863362,SEDG,0.0857949640748639,0.22486514718796746,0.22486514718796746,UUUU,0.08570952206563565,0.38292258036406346,0.5669013886455498
B_mom6m_top10_then_avg_accel_3m_top3,B_6m_momentum_filter_then_acceleration,2025-10,2025-10-01,"ECHO,UUUU,ALAB",avg_accel_3m,0.1404982610045691,0.021990295511607028,0.1763299079166123,3.0,avg_accel,avg_accel_3m,10.0,,ECHO,0.2778746494454258,-0.051949650986389595,0.4110691862286262,UUUU,0.08543909722584433,0.1330362313073612,0.1330362313073612,ALAB,0.05818103634243717,-0.01511569378615052,-0.01511569378615052
B_mom6m_top10_then_avg_accel_3m_top3,B_6m_momentum_filter_then_acceleration,2025-11,2025-11-03,"ECHO,CIEN,APP",avg_accel_3m,0.12787291889653318,0.004985962133497075,0.3164103447410562,3.0,avg_accel,avg_accel_3m,10.0,,ECHO,0.21545286280135664,-0.031444907260395616,0.5463712193780337,CIEN,0.09211007932556389,0.05992825889776765,0.4163852800820158,APP,0.07605581456267903,-0.013525465236880807,-0.013525465236880807
B_mom6m_top10_then_avg_accel_3m_top3,B_6m_momentum_filter_then_acceleration,2025-12,2025-12-01,"CIEN,MU,PLUG",avg_accel_3m,0.09539485867823276,0.2327969148734744,0.5811408113665729,3.0,avg_accel,avg_accel_3m,10.0,,CIEN,0.13070460881687157,0.22466653295353933,0.7605515339936006,MU,0.12116724998287828,0.3122658424388256,0.8214125308780598,PLUG,0.03431271723494844,0.16145836922805823,0.16145836922805823
B_mom6m_top10_then_avg_accel_3m_top3,B_6m_momentum_filter_then_acceleration,2026-01,2026-01-02,"COHR,MU,AMD",avg_accel_3m,0.04932462346189351,0.2115561634753834,0.3427247950130981,3.0,avg_accel,avg_accel_3m,10.0,,COHR,0.05823237337942177,0.14465085342195194,0.5381567480350962,MU,0.05263220453680788,0.3879905061713662,0.3879905061713662,AMD,0.03710929246945089,0.10202713083283199,0.10202713083283199
B_mom6m_top10_then_avg_accel_3m_top3,B_6m_momentum_filter_then_acceleration,2026-02,2026-02-02,"RKLB,COHR,TER",avg_accel_3m,0.030151326901672267,0.20240427072710934,0.3096683894320054,3.0,avg_accel,avg_accel_3m,10.0,,RKLB,0.07787072356153074,-0.042886045040281484,0.06284552848037994,COHR,0.044536953734140385,0.3437780991791095,0.4812983113808176,TER,-0.03195369659065432,0.30632075804250003,0.3848613284348188
B_mom6m_top10_then_avg_accel_3m_top3,B_6m_momentum_filter_then_acceleration,2026-03,2026-03-02,"RKLB,ECHO,UUUU",avg_accel_3m,0.052486564596439494,-0.09751213125536447,0.24166802502034726,3.0,avg_accel,avg_accel_3m,10.0,,RKLB,0.10109731416151331,-0.07679307431161297,0.7245314539172538,ECHO,0.0681732765202355,0.016177942062758577,0.07364339266342568,UUUU,-0.011810896892430346,-0.23192126151723902,-0.07317077151963769
B_mom6m_top10_then_avg_accel_4m_top3,B_6m_momentum_filter_then_acceleration,2016-01,2016-01-04,"NVDA,LDOS,GPN",avg_accel_4m,0.03293158138435329,-0.09947702870502866,0.03935520775573483,4.0,avg_accel,avg_accel_4m,10.0,,NVDA,0.04662527236371958,-0.09484083753346129,0.12084351338143162,LDOS,0.03716188063461078,-0.1562905152519075,-0.044043623063586224,GPN,0.015007591154729494,-0.04729973332971715,0.04126573294935909
B_mom6m_top10_then_avg_accel_4m_top3,B_6m_momentum_filter_then_acceleration,2016-02,2016-02-01,"FSLR,LDOS,NVDA",avg_accel_4m,0.03558406514061522,0.03066074087219243,0.1232439569521075,4.0,avg_accel,avg_accel_4m,10.0,,FSLR,0.04618246846878852,-0.0015912138683923382,-0.0015912138683923382,LDOS,0.031564034958008545,-0.028246316035714925,0.13303974201716495,NVDA,0.02900569199504859,0.12181975252068455,0.23828334270754992
B_mom6m_top10_then_avg_accel_4m_top3,B_6m_momentum_filter_then_acceleration,2016-03,2016-03-01,"NEM,FSLR,TSN",avg_accel_4m,0.022676652817026282,0.02179805374175244,0.12324605269847755,4.0,avg_accel,avg_accel_4m,10.0,,NEM,0.031514899583704986,0.04943309427942655,0.3537770911496019,FSLR,0.02133924691393388,-0.022312277036129258,-0.022312277036129258,TSN,0.015175811953439977,0.03827334398196003,0.03827334398196003
B_mom6m_top10_then_avg_accel_4m_top3,B_6m_momentum_filter_then_acceleration,2016-04,2016-04-01,"SMCI,TSN,NEM",avg_accel_4m,0.013335004419030587,0.01877944076005611,0.09426758600054308,4.0,avg_accel,avg_accel_4m,10.0,,SMCI,0.014162859093535615,-0.2128153066806837,-0.2128153066806837,TSN,0.013550264759851013,-0.020854374912084195,-0.020854374912084195,NEM,0.012291889403705134,0.29000800387293624,0.5164724395943971
B_mom6m_top10_then_avg_accel_4m_top3,B_6m_momentum_filter_then_acceleration,2016-05,2016-05-02,"LEU,NEM,LVS",avg_accel_4m,0.0894145774516026,-0.0341420772590495,0.15404278293879062,4.0,avg_accel,avg_accel_4m,10.0,,LEU,0.23554848958935248,-0.04516124864274451,0.08387096724574694,NEM,0.022914150937998173,-0.0489228356874053,0.286871635803541,LVS,0.009781091827457122,-0.008342147446998682,0.09138574576708391
B_mom6m_top10_then_avg_accel_4m_top3,B_6m_momentum_filter_then_acceleration,2016-06,2016-06-01,"LEU,FCX,NEM",avg_accel_4m,0.12387577438019694,0.14730412956235575,0.23761955702918316,4.0,avg_accel,avg_accel_4m,10.0,,LEU,0.2068648542563535,0.13513508506549265,0.18243241719384562,FCX,0.13185828273833014,0.07075484295812862,0.17735871732463182,NEM,0.03290418614590718,0.236022460663446,0.3530675365690721
B_mom6m_top10_then_avg_accel_4m_top3,B_6m_momentum_filter_then_acceleration,2016-07,2016-07-01,"LEU,TRGP,FCX",avg_accel_4m,0.14015461594120696,-0.023595972716915603,0.14332733486790014,4.0,avg_accel,avg_accel_4m,10.0,,LEU,0.20228460182317012,-0.05654756688510587,0.1517857161863727,TRGP,0.1171686744241462,-0.11379990503986737,0.17863673464310126,FCX,0.10101057157630455,0.09955955377422643,0.09955955377422643
B_mom6m_top10_then_avg_accel_4m_top3,B_6m_momentum_filter_then_acceleration,2016-08,2016-08-01,"TRGP,OKE,AMD",avg_accel_4m,0.05965982362122432,0.13163731110575574,0.21398729381147766,4.0,avg_accel,avg_accel_4m,10.0,,TRGP,0.062136548758778325,0.17489169346108557,0.3299894023325787,OKE,0.06055118552957107,0.11309252111772339,0.20504476036339603,AMD,0.05629173657532357,0.1069277187384583,0.1069277187384583
B_mom6m_top10_then_avg_accel_4m_top3,B_6m_momentum_filter_then_acceleration,2016-09,2016-09-01,"DHR,AMD,NVDA",avg_accel_4m,0.043661698627723365,-0.0037707661555329195,0.16352140243763244,4.0,avg_accel,avg_accel_4m,10.0,,DHR,0.053095344870054295,-0.040817474946013066,-0.040817474946013066,AMD,0.045767192446376226,-0.05442178238877515,0.14149666016113716,NVDA,0.032122558566739574,0.08392695886818946,0.3898850220977732
B_mom6m_top10_then_avg_accel_4m_top3,B_6m_momentum_filter_then_acceleration,2016-10,2016-10-03,"DHR,WMB,NVDA",avg_accel_4m,0.024937619173025297,-0.02359953300048075,0.1793114744637286,4.0,avg_accel,avg_accel_4m,10.0,,DHR,0.0450939636028782,-0.012309865608527426,0.011734094288292862,WMB,0.02085691664706583,-0.06725439707614445,0.033683456593670114,NVDA,0.008861977269131857,0.008765663683229619,0.4925168725092228
B_mom6m_top10_then_avg_accel_4m_top3,B_6m_momentum_filter_then_acceleration,2016-11,2016-11-01,"DHR,MU,TPL",avg_accel_4m,0.023150780618079275,0.06354800514765924,0.24849025505028396,4.0,avg_accel,avg_accel_4m,10.0,,DHR,0.041874675727028125,-0.00012924385886237122,0.08623558772500295,MU,0.015470677830040275,0.0883392230218214,0.45759723744777636,TPL,0.012106988297169422,0.10243403628001868,0.20163793997807256
B_mom6m_top10_then_avg_accel_4m_top3,B_6m_momentum_filter_then_acceleration,2016-12,2016-12-01,"TPL,MU,GEN",avg_accel_4m,0.017009921877392076,0.08384831256012097,0.218936326419196,4.0,avg_accel,avg_accel_4m,10.0,,TPL,0.03496474383232945,0.02078457504227149,0.08998624900297991,MU,0.008333827407866784,0.22023804043493533,0.3392857728684022,GEN,0.007731194391979991,0.010522322203156076,0.22753695738620583
B_mom6m_top10_then_avg_accel_4m_top3,B_6m_momentum_filter_then_acceleration,2017-01,2017-01-03,"LEU,TPL,FCX",avg_accel_4m,0.04567469582646597,0.013614009882269906,0.024154205013161605,4.0,avg_accel,avg_accel_4m,10.0,,LEU,0.05320609577756063,-0.24901189793498735,-0.21739131254231225,TPL,0.044546216067757126,0.06779263289498916,0.06779263289498916,FCX,0.039271775634080186,0.2220612946868079,0.2220612946868079
B_mom6m_top10_then_avg_accel_4m_top3,B_6m_momentum_filter_then_acceleration,2017-02,2017-02-01,"LEU,RF,CFG",avg_accel_4m,0.038088360732514086,0.07577894868256418,0.07577894868256418,4.0,avg_accel,avg_accel_4m,10.0,,LEU,0.05214354874562943,0.04210530806776713,0.04210530806776713,RF,0.033203668056837325,0.10027659406166278,0.10027659406166278,CFG,0.028917865395075487,0.08495494391826264,0.08495494391826264
B_mom6m_top10_then_avg_accel_4m_top3,B_6m_momentum_filter_then_acceleration,2017-03,2017-03-01,"URI,LEU,CSX",avg_accel_4m,0.03347661648913241,-0.04767242516191461,0.007829283078789754,4.0,avg_accel,avg_accel_4m,10.0,,URI,0.040075819850541004,-0.07146051362027261,-0.07146051362027261,LEU,0.031906305415965674,-0.018518540817300533,-0.018518540817300533,CSX,0.02844772420089055,-0.053038221048170686,0.11346690367394241
B_mom6m_top10_then_avg_accel_4m_top3,B_6m_momentum_filter_then_acceleration,2017-04,2017-04-03,"AMD,URI,CSX",avg_accel_4m,0.032014842422787924,-0.028274223324063857,0.0067986310789109146,4.0,avg_accel,avg_accel_4m,10.0,,AMD,0.048772387297987184,-0.06967216078166893,-0.06967216078166893,URI,0.02634094880576071,-0.12073009454962347,-0.08576282788520995,CSX,0.020931191164615875,0.10557958535910084,0.17583088190361162
B_mom6m_top10_then_avg_accel_4m_top3,B_6m_momentum_filter_then_acceleration,2017-05,2017-05-01,"SHOP,NRG,ANET",avg_accel_4m,0.034189146617437015,0.08913614261210727,0.2910093697180714,4.0,avg_accel,avg_accel_4m,10.0,,SHOP,0.045234984230246994,0.20942273694906666,0.3471395571425713,NRG,0.04258448660404915,0.005398888279310787,0.4733017494036986,ANET,0.014747969018014914,0.05258680260794435,0.05258680260794435
B_mom6m_top10_then_avg_accel_4m_top3,B_6m_momentum_filter_then_acceleration,2017-06,2017-06-01,"PLUG,SHOP,BLDR",avg_accel_4m,0.06180004665014471,0.040722957745460676,0.20587088063225178,4.0,avg_accel,avg_accel_4m,10.0,,PLUG,0.11379675396643936,0.10215050352144872,0.24193544355565155,SHOP,0.036830295707728306,-0.07962323331932353,0.18642985931466516,BLDR,0.034773090276266454,0.09964160303425684,0.18924733902643864
B_mom6m_top10_then_avg_accel_4m_top3,B_6m_momentum_filter_then_acceleration,2017-07,2017-07-03,"PLUG,VRTX,SHOP",avg_accel_4m,0.04592717788913588,0.17726333629780408,0.33013696712640694,4.0,avg_accel,avg_accel_4m,10.0,,PLUG,0.09679768359724893,0.12682926659070604,0.34146344583705446,VRTX,0.021120422175587423,0.19472823873252687,0.26522663104418176,SHOP,0.019863427894571295,0.2102325035701793,0.3837208244979846
B_mom6m_top10_then_avg_accel_4m_top3,B_6m_momentum_filter_then_acceleration,2017-08,2017-08-01,"PLUG,ALGN,SEDG",avg_accel_4m,0.032926081703127774,0.04929009385113603,0.33911962150174824,4.0,avg_accel,avg_accel_4m,10.0,,PLUG,0.07576356199292685,-0.051948003693320643,0.22077922211963008,ALGN,0.011941986130191725,0.04101996404102248,0.38670841707370585,SEDG,0.011072696986264757,0.15879832120570625,0.4098712253119088
B_mom6m_top10_then_avg_accel_4m_top3,B_6m_momentum_filter_then_acceleration,2017-09,2017-09-01,"FSLR,SEDG,XYZ",avg_accel_4m,0.032882093370547795,0.06148498962122247,0.34110291726933406,4.0,avg_accel,avg_accel_4m,10.0,,FSLR,0.0650209183266294,-0.013795983388524391,0.2604514850487232,SEDG,0.018841229786587043,0.06481481481481488,0.288888860631872,XYZ,0.01478413199842695,0.13343613743737692,0.473968406127407
B_mom6m_top10_then_avg_accel_4m_top3,B_6m_momentum_filter_then_acceleration,2017-10,2017-10-02,"NRG,FSLR,NVDA",avg_accel_4m,0.026274457478673113,0.11412300211913758,0.26049357838220283,4.0,avg_accel,avg_accel_4m,10.0,,NRG,0.035993978914737185,-0.027762540608555097,0.13114568807059812,FSLR,0.022711686180172903,0.21259005329418268,0.49279355340422515,NVDA,0.020117707341109247,0.15754149367178516,0.15754149367178516
B_mom6m_top10_then_avg_accel_4m_top3,B_6m_momentum_filter_then_acceleration,2017-11,2017-11-01,"NRG,TPL,SEDG",avg_accel_4m,0.02679706205750465,0.05852727650603965,0.20548203002611398,4.0,avg_accel,avg_accel_4m,10.0,,NRG,0.038692767481450736,0.12520138233631384,0.1634459021756054,TPL,0.03332690947694265,-0.008980309394048036,0.2947048757420385,SEDG,0.008371509214120573,0.05936075657585316,0.15829531216069803
B_mom6m_top10_then_avg_accel_4m_top3,B_6m_momentum_filter_then_acceleration,2017-12,2017-12-01,"MU,IBKR,SEDG",avg_accel_4m,0.020832519949731097,0.05284616077228469,0.23841731834148697,4.0,avg_accel,avg_accel_4m,10.0,,MU,0.03870147164866552,0.04000978072545025,0.13407968031000217,IBKR,0.015426168778360025,0.025137894946244854,0.15013778250603282,SEDG,0.008369919422167749,0.09339080664515897,0.43103449220842593
B_mom6m_top10_then_avg_accel_4m_top3,B_6m_momentum_filter_then_acceleration,2018-01,2018-01-02,"ENPH,ANET,IBKR",avg_accel_4m,0.05791213927299758,0.048957253284580525,0.34895728385106617,4.0,avg_accel,avg_accel_4m,10.0,,ENPH,0.13990355403190632,-0.16538455542727826,0.7346155362721787,ANET,0.018341231601546843,0.19032160954434185,0.19032160954434185,IBKR,0.015491632185539561,0.12193470573667797,0.12193470573667797
B_mom6m_top10_then_avg_accel_4m_top3,B_6m_momentum_filter_then_acceleration,2018-02,2018-02-01,"ENPH,TKO,FSLR",avg_accel_4m,0.029523928007162466,0.1709335237484312,0.41045808291204877,4.0,avg_accel,avg_accel_4m,10.0,,ENPH,0.05361137118720908,0.5253455421220792,1.0783410462290313,TKO,0.0194353729234646,0.06828408393445384,0.12579417578966567,FSLR,0.01552503991081372,-0.08082905481123936,0.027239026717449377
B_mom6m_top10_then_avg_accel_4m_top3,B_6m_momentum_filter_then_acceleration,2018-03,2018-03-01,"GWW,PODD,TKO",avg_accel_4m,0.018788438018146173,0.05805315433665851,0.3599803784927566,4.0,avg_accel,avg_accel_4m,10.0,,GWW,0.02751668659735071,0.08185079283180996,0.21664991418208457,PODD,0.01672345841954691,0.16646077667379977,0.30122129986157775,TKO,0.012125169037540906,-0.0741521064956342,0.5620699214346074
B_mom6m_top10_then_avg_accel_4m_top3,B_6m_momentum_filter_then_acceleration,2018-04,2018-04-02,"AXON,MELI,NFLX",avg_accel_4m,0.04250264752354457,0.0489655426304475,0.3507698640676362,4.0,avg_accel,avg_accel_4m,10.0,,AXON,0.048593662923664384,0.05141840939296749,0.6540021228191464,MELI,0.04569990910557969,-0.0222926857137834,-0.0222926857137834,NFLX,0.033214370541389655,0.11777090421215841,0.4206001550975458
B_mom6m_top10_then_avg_accel_4m_top3,B_6m_momentum_filter_then_acceleration,2018-05,2018-05-01,"DXCM,AXON,NFLX",avg_accel_4m,0.0309049627770685,0.32608398425786617,0.4202211324037961,4.0,avg_accel,avg_accel_4m,10.0,,DXCM,0.0376506114131839,0.2563019173596952,0.3414633842077457,AXON,0.02973666558695497,0.5731150491972823,0.6482775460256431,NFLX,0.02532761133106663,0.14883498621662095,0.2709224669779995
B_mom6m_top10_then_avg_accel_4m_top3,B_6m_momentum_filter_then_acceleration,2018-06,2018-06-01,"AXON,CMG,CVNA",avg_accel_4m,0.02752220054728534,0.17009142954093584,0.5164143556116042,4.0,avg_accel,avg_accel_4m,10.0,,AXON,0.03372869738982657,-0.013323165481209154,0.07013773334788342,CMG,0.030975957076145217,0.009575445114696546,0.08861885292951222,CVNA,0.01786194717588423,0.5140220089893202,1.390486480557417
B_mom6m_top10_then_avg_accel_4m_top3,B_6m_momentum_filter_then_acceleration,2018-07,2018-07-02,"AXON,MDB,DXCM",avg_accel_4m,0.03887277187198612,0.03750171270304966,0.3814793100965712,4.0,avg_accel,avg_accel_4m,10.0,,AXON,0.04593733624465149,0.06192763999488937,0.08458787711358084,MDB,0.043209793599998186,0.08115133864386759,0.5762542981109353,DXCM,0.027471185771308693,-0.030573840529607987,0.4835957550651975
B_mom6m_top10_then_avg_accel_4m_top3,B_6m_momentum_filter_then_acceleration,2018-08,2018-08-01,"CVNA,TKO,ALGN",avg_accel_4m,0.04678374492347825,0.2575545467509029,0.28744949348362964,4.0,avg_accel,avg_accel_4m,10.0,,CVNA,0.05714503369229875,0.5395519191605136,0.5395519191605136,TKO,0.04988822595286957,0.14368572936584934,0.21586985645185974,ALGN,0.03331797512526641,0.0894259917263458,0.10692670483851563
B_mom6m_top10_then_avg_accel_4m_top3,B_6m_momentum_filter_then_acceleration,2018-09,2018-09-04,"TKO,UUUU,CVNA",avg_accel_4m,0.0454407773933023,-0.017236096046549854,0.0018115294886493771,4.0,avg_accel,avg_accel_4m,10.0,,TKO,0.05571276253711,0.06311535173743499,0.06311535173743499,UUUU,0.05077731712940017,0.03174600050953447,0.08888887711513216,CVNA,0.029832252513396756,-0.14656964038661902,-0.14656964038661902
B_mom6m_top10_then_avg_accel_4m_top3,B_6m_momentum_filter_then_acceleration,2018-10,2018-10-01,"AMD,CVNA,UUUU",avg_accel_4m,0.055620891956044284,-0.18237828281853366,-0.13919917128794843,4.0,avg_accel,avg_accel_4m,10.0,,AMD,0.07694408182853424,-0.35646087637630963,-0.24538513599935996,CVNA,0.055739447761477656,-0.22759701378977826,-0.22759701378977826,UUUU,0.034179146278120964,0.03692304171048688,0.05538463592529297
B_mom6m_top10_then_avg_accel_4m_top3,B_6m_momentum_filter_then_acceleration,2018-11,2018-11-01,"AMD,XYZ,FTNT",avg_accel_4m,0.027370456455087223,0.002553857435415696,0.03083751858742671,4.0,avg_accel,avg_accel_4m,10.0,,AMD,0.04955060876151932,0.1726013793093042,0.21216622459002643,XYZ,0.017501319904235518,-0.0624185698314802,-0.0624185698314802,FTNT,0.01505944069950684,-0.1025212371715769,-0.05723509899626611
B_mom6m_top10_then_avg_accel_4m_top3,B_6m_momentum_filter_then_acceleration,2018-12,2018-12-03,"MDB,DXCM,FTNT",avg_accel_4m,0.015050142996087437,-0.09607697010062866,0.14452850580833232,4.0,avg_accel,avg_accel_4m,10.0,,MDB,0.02355950276092514,-0.059190470816579466,0.22570015942004384,DXCM,0.01284947113431826,-0.15674644268787952,0.05051621158407893,FTNT,0.008741455093018916,-0.07229399679742698,0.15736914642087418
B_mom6m_top10_then_avg_accel_4m_top3,B_6m_momentum_filter_then_acceleration,2019-01,2019-01-02,"MKC,CIEN,LLY",avg_accel_4m,-0.00014269495892298956,0.029388605805978758,0.16597247772040266,4.0,avg_accel,avg_accel_4m,10.0,,MKC,0.0051839474503880545,-0.0926116429818582,0.1086123938277257,CIEN,0.003278322905072415,0.12846201493126963,0.25987036098119765,LLY,-0.008890355232229438,0.052315445468524846,0.12943467835228462
B_mom6m_top10_then_avg_accel_4m_top3,B_6m_momentum_filter_then_acceleration,2019-02,2019-02-01,"SBUX,NRG,MRK",avg_accel_4m,0.002858083555777472,0.04933010689460127,0.09180254848748093,4.0,avg_accel,avg_accel_4m,10.0,,SBUX,0.0172236542200719,0.04565789297442824,0.1440986789810188,NRG,-0.0036241408577763847,0.03431397382737256,0.03431397382737256,MRK,-0.005025262694963099,0.068018453882003,0.09699499265405143
B_mom6m_top10_then_avg_accel_4m_top3,B_6m_momentum_filter_then_acceleration,2019-03,2019-03-01,"ENPH,KEYS,ZS",avg_accel_4m,0.030456266762142265,0.07440184187937586,0.31066556125237094,4.0,avg_accel,avg_accel_4m,10.0,,ENPH,0.06493002044910158,0.017582400077467586,0.7263735581964528,KEYS,0.015317898110435593,0.037718251527544266,0.037718251527544266,ZS,0.011120881726889631,0.16790487403311571,0.16790487403311571
B_mom6m_top10_then_avg_accel_4m_top3,B_6m_momentum_filter_then_acceleration,2019-04,2019-04-01,"LEU,ENPH,ZS",avg_accel_4m,0.05214625945888133,0.15762887600844688,0.39832778530520957,4.0,avg_accel,avg_accel_4m,10.0,,LEU,0.06688784849493717,0.1357616186821642,0.1357616186821642,ENPH,0.05791372466811431,0.4017277776896653,0.9762417694097951,ZS,0.031637205213592506,-0.06460276834648881,0.08297996782366934
B_mom6m_top10_then_avg_accel_4m_top3,B_6m_momentum_filter_then_acceleration,2019-05,2019-05-01,"LEU,PLUG,ZS",avg_accel_4m,0.06582735984023783,0.013329757159570447,0.10581880616671913,4.0,avg_accel,avg_accel_4m,10.0,,LEU,0.06905925534671023,-0.002915449057909525,-0.002915449057909525,PLUG,0.0656557282525614,0.03187247968526474,0.03187247968526474,ZS,0.06276709592144183,0.011032240851356123,0.28849938787280216
B_mom6m_top10_then_avg_accel_4m_top3,B_6m_momentum_filter_then_acceleration,2019-06,2019-06-03,"CVNA,SMCI,ENPH",avg_accel_4m,0.07518053676268478,0.09627561914179776,0.4267224063665725,4.0,avg_accel,avg_accel_4m,10.0,,CVNA,0.10802882494787376,0.12500002044055125,0.36522637092732246,SMCI,0.05909692099414988,-0.0010362561166566975,-0.0010362561166566975,ENPH,0.05841586434603069,0.16486309310149871,0.9159771042890517
B_mom6m_top10_then_avg_accel_4m_top3,B_6m_momentum_filter_then_acceleration,2019-07,2019-07-01,"PLUG,CVNA,ENPH",avg_accel_4m,0.04051083688627992,0.18731797274207396,0.3262930225772516,4.0,avg_accel,avg_accel_4m,10.0,,PLUG,0.05968087474582676,-0.04017853294024054,0.12053570525758728,CVNA,0.04697921517199102,-0.04267638142147623,0.213534529886229,ENPH,0.014872420741021972,0.6448088325879386,0.6448088325879386
B_mom6m_top10_then_avg_accel_4m_top3,B_6m_momentum_filter_then_acceleration,2019-08,2019-08-01,"ENPH,SHOP,CVNA",avg_accel_4m,0.012440142829222485,0.10414929854608461,0.12065409414660089,4.0,avg_accel,avg_accel_4m,10.0,,ENPH,0.016911598008629524,-0.07973420558518562,-0.07973420558518562,SHOP,0.014852686089250777,0.12454960335595922,0.12454960335595922,CVNA,0.00555614438978715,0.2676324978674802,0.31714688466902907
B_mom6m_top10_then_avg_accel_4m_top3,B_6m_momentum_filter_then_acceleration,2019-09,2019-09-03,"SEDG,ENPH,PCG",avg_accel_4m,0.017628600168602678,-0.06909430071941591,-0.06459020533619553,4.0,avg_accel,avg_accel_4m,10.0,,SEDG,0.0313973667651995,0.0723497619823752,0.07286563656394662,ENPH,0.023304073824186273,-0.21624554200305202,-0.2032491304349623,PCG,-0.001815640083577726,-0.06338712213757092,-0.06338712213757092
B_mom6m_top10_then_avg_accel_4m_top3,B_6m_momentum_filter_then_acceleration,2019-10,2019-10-01,"PODD,SEDG,TGT",avg_accel_4m,0.02860898198948583,-0.027394883526954,0.1795330914472688,4.0,avg_accel,avg_accel_4m,10.0,,PODD,0.03708276828926205,-0.1004115084422813,0.11711596051700535,SEDG,0.03013214957503363,0.0004810693300456581,0.2244136583317713,TGT,0.01861202810416181,0.017745788531373652,0.1970696554930298
B_mom6m_top10_then_avg_accel_4m_top3,B_6m_momentum_filter_then_acceleration,2019-11,2019-11-01,"BLDR,PODD,TER",avg_accel_4m,0.01409537625880878,0.09340022428422756,0.16475175367502973,4.0,avg_accel,avg_accel_4m,10.0,,BLDR,0.0156749380915495,0.03456790859922276,0.04567903889719771,PODD,0.01542166382567256,0.24180774987752263,0.33014747420053103,TER,0.011189526859204277,0.0038250143759372968,0.11842874792736047
B_mom6m_top10_then_avg_accel_4m_top3,B_6m_momentum_filter_then_acceleration,2019-12,2019-12-02,"LEU,TSLA,TGT",avg_accel_4m,0.03761034051160384,0.16699205770827805,0.6264432872449497,4.0,avg_accel,avg_accel_4m,10.0,,LEU,0.054633022671918524,0.19926197573866644,0.5332103879413339,TSLA,0.04056356364618777,0.28485679293232424,1.3292620693396717,TGT,0.017634435216705224,0.016857404453843428,0.016857404453843428
B_mom6m_top10_then_avg_accel_4m_top3,B_6m_momentum_filter_then_acceleration,2020-01,2020-01-02,"LEU,TSLA,CVNA",avg_accel_4m,0.03950828889130508,0.2305739812682901,0.3269842680004991,4.0,avg_accel,avg_accel_4m,10.0,,LEU,0.06402918493789073,-0.010769257178673386,0.27846160301795364,TSLA,0.031099359357665113,0.8128573411078648,0.8128573411078648,CVNA,0.023396322378359407,-0.11036614012432111,-0.11036614012432111
B_mom6m_top10_then_avg_accel_4m_top3,B_6m_momentum_filter_then_acceleration,2020-02,2020-02-03,"LEU,PLUG,AMD",avg_accel_4m,0.04896784035294292,0.13772844337392587,0.15452701314050402,4.0,avg_accel,avg_accel_4m,10.0,,LEU,0.06566251660549315,0.2923795709904131,0.2923795709904131,PLUG,0.042256047641460404,0.13246759519868334,0.13246759519868334,AMD,0.03898495681187519,-0.011661836067318854,0.038733873232415617
B_mom6m_top10_then_avg_accel_4m_top3,B_6m_momentum_filter_then_acceleration,2020-03,2020-03-02,"TSLA,DXCM,AMD",avg_accel_4m,0.055545985158128856,-0.18023090220134033,0.22104060193989938,4.0,avg_accel,avg_accel_4m,10.0,,TSLA,0.09062180542717801,-0.35241120487373445,0.20774045142001563,DXCM,0.03991693515302098,-0.10821409106099766,0.32537709602073117,AMD,0.036099214894187576,-0.08006741066928891,0.13000425837895135
B_mom6m_top10_then_avg_accel_4m_top3,B_6m_momentum_filter_then_acceleration,2020-04,2020-04-01,"PCG,ENPH,TSLA",avg_accel_4m,0.10650723769732846,0.3711434949932781,0.9131491886966613,4.0,avg_accel,avg_accel_4m,10.0,,PCG,0.13932183328408299,0.20427551943047617,0.4097386959144069,ENPH,0.12011854986179837,0.4528048147450028,1.0047027002853781,TSLA,0.06008132994610402,0.45635015080435526,1.325006169890199
B_mom6m_top10_then_avg_accel_4m_top3,B_6m_momentum_filter_then_acceleration,2020-05,2020-05-01,"ENPH,GEN,TSLA",avg_accel_4m,0.01601092230732015,0.23373895122508248,0.5304840730236184,4.0,avg_accel,avg_accel_4m,10.0,,ENPH,0.03661658029757517,0.3798844001196713,0.4152600944386742,GEN,0.013325164295965483,0.04074724355806869,0.05875637343005935,TSLA,-0.001908977671580205,0.28058520999750747,1.1174357512021218
B_mom6m_top10_then_avg_accel_4m_top3,B_6m_momentum_filter_then_acceleration,2020-06,2020-06-01,"EQT,ENPH,NEM",avg_accel_4m,0.043009981535802676,-0.0901072068796156,0.22315069616401564,4.0,avg_accel,avg_accel_4m,10.0,,EQT,0.09510757033030592,-0.11111100533560725,0.21911435281297642,ENPH,0.018711176828480492,-0.17794904285487645,0.3188672701405213,NEM,0.015211197448621622,0.018738427551636905,0.13147046553854924
B_mom6m_top10_then_avg_accel_4m_top3,B_6m_momentum_filter_then_acceleration,2020-07,2020-07-01,"EQT,ZS,MDB",avg_accel_4m,0.066998979356826,0.17347221991967762,0.29883765371734045,4.0,avg_accel,avg_accel_4m,10.0,,EQT,0.12219214167069263,0.3715034837091924,0.3715034837091924,ZS,0.05299253220519135,0.18895165717137408,0.4291094750017428,MDB,0.02581226419459402,-0.04003848112153363,0.0959000024410861
B_mom6m_top10_then_avg_accel_4m_top3,B_6m_momentum_filter_then_acceleration,2020-08,2020-08-03,"PLUG,DDOG,XYZ",avg_accel_4m,0.08307671014841121,0.2251486240204232,0.34024630726270466,4.0,avg_accel,avg_accel_4m,10.0,,PLUG,0.09793215496257174,0.5425764574038652,0.6888646861057979,DDOG,0.08092295331540024,-0.10348073288761162,0.081948407205364,XYZ,0.07037502216726167,0.23635014754501604,0.2499258284769521
B_mom6m_top10_then_avg_accel_4m_top3,B_6m_momentum_filter_then_acceleration,2020-09,2020-09-01,"CVNA,LEU,PLUG",avg_accel_4m,0.10264869964504482,-0.03217240671826849,0.39057903537833255,4.0,avg_accel,avg_accel_4m,10.0,,CVNA,0.11560288861523049,0.04802146264651741,0.10537440123029396,LEU,0.09925591246153977,-0.135338391691059,0.33458640517587,PLUG,0.09308729785836423,-0.00920029111026388,0.7317762997288337
B_mom6m_top10_then_avg_accel_4m_top3,B_6m_momentum_filter_then_acceleration,2020-10,2020-10-01,"PLUG,TSLA,CVNA",avg_accel_4m,0.10212753772291311,-0.0747657485163659,0.6603170836406892,4.0,avg_accel,avg_accel_4m,10.0,,PLUG,0.13098073025085186,0.10500001907348633,1.2978570120675221,TSLA,0.09293277163067774,-0.106323718451248,0.6283692731663943,CVNA,0.08246911128720973,-0.22297354617133602,0.05472496568815122
B_mom6m_top10_then_avg_accel_4m_top3,B_6m_momentum_filter_then_acceleration,2020-11,2020-11-02,"PLUG,TSLA,CVNA",avg_accel_4m,0.03984477369501099,0.4663985952598257,1.550813973605461,4.0,avg_accel,avg_accel_4m,10.0,,PLUG,0.0442307934933898,0.5817710983177786,3.1273430751132247,TSLA,0.04039144509844633,0.46003851290975684,1.0968516930661902,CVNA,0.03491208249319685,0.35738617455194155,0.4282471526369682
B_mom6m_top10_then_avg_accel_4m_top3,B_6m_momentum_filter_then_acceleration,2020-12,2020-12-01,"FDX,ENPH,ALGN",avg_accel_4m,0.00046256692628381227,0.09043106375479686,0.16328628941330026,4.0,avg_accel,avg_accel_4m,10.0,,FDX,0.013395507417052014,-0.11816443401567445,-0.08716642954605502,ENPH,-0.005970371726154537,0.33674813608304954,0.44703133966832587,ALGN,-0.00603743491204604,0.05270948919701546,0.12999395811762993
B_mom6m_top10_then_avg_accel_4m_top3,B_6m_momentum_filter_then_acceleration,2021-01,2021-01-04,"MSTR,TPR,IVZ",avg_accel_4m,0.06121646823578866,0.24285171967925237,0.5461594395536823,4.0,avg_accel,avg_accel_4m,10.0,,MSTR,0.08780112136379474,0.4923099157639259,0.8400828859214236,TPR,0.07381099130639406,-0.026291507771165068,0.2687255947927061,IVZ,0.022037292037177202,0.2625367510449963,0.5296698379469174
B_mom6m_top10_then_avg_accel_4m_top3,B_6m_momentum_filter_then_acceleration,2021-02,2021-02-01,"MSTR,UUUU,TPR",avg_accel_4m,0.08329096198195209,0.25049435698650635,0.3967724139730966,4.0,avg_accel,avg_accel_4m,10.0,,MSTR,0.09680838122839996,0.23304339566722643,0.23304339566722643,UUUU,0.0871087475599898,0.21545669330291695,0.43325524892184,TPR,0.06595575715746649,0.3029829819893757,0.5240185973302234
B_mom6m_top10_then_avg_accel_4m_top3,B_6m_momentum_filter_then_acceleration,2021-03,2021-03-01,"MSTR,PLUG,UUUU",avg_accel_4m,0.11393030694624506,-0.09215530867034465,-0.015084030826094478,4.0,avg_accel,avg_accel_4m,10.0,,MSTR,0.12464153106058523,-0.10081284387317058,-0.10081284387317058,PLUG,0.10959499427232589,-0.32786887272421594,-0.32786887272421594,UUUU,0.10755439550582409,0.1522157905863526,0.3834296241191031
B_mom6m_top10_then_avg_accel_4m_top3,B_6m_momentum_filter_then_acceleration,2021-04,2021-04-01,"UUUU,OXY,LEU",avg_accel_4m,0.10088090892728863,0.00380488177237955,0.1600980048540762,4.0,avg_accel,avg_accel_4m,10.0,,UUUU,0.12418878285373529,0.023411348835963075,0.2006688637855656,OXY,0.09052722534762385,-0.0452883895030507,0.2005573370338949,LEU,0.08792671858050675,0.03329168598422627,0.07906781374276806
B_mom6m_top10_then_avg_accel_4m_top3,B_6m_momentum_filter_then_acceleration,2021-05,2021-05-03,"TPL,FANG,UUUU",avg_accel_4m,0.0395509040234684,0.047424111455917704,0.12410263055369646,4.0,avg_accel,avg_accel_4m,10.0,,TPL,0.05720804474531752,-0.0681842722739282,0.006281460315332721,FANG,0.03337893795066449,0.03725399837354293,0.19282382307761825,UUUU,0.0280657293744232,0.17320260826813838,0.17320260826813838
B_mom6m_top10_then_avg_accel_4m_top3,B_6m_momentum_filter_then_acceleration,2021-06,2021-06-01,"TPL,FANG,DVN",avg_accel_4m,-0.00896193859052444,0.07785367070201803,0.07785367070201803,4.0,avg_accel,avg_accel_4m,10.0,,TPL,0.014826582588142104,0.07991465519795526,0.07991465519795526,FANG,-0.01858784927673109,0.1499823813145238,0.1499823813145238,DVN,-0.023124549082984336,0.0036639755935750085,0.0036639755935750085
B_mom6m_top10_then_avg_accel_4m_top3,B_6m_momentum_filter_then_acceleration,2021-07,2021-07-01,"NUE,COF,EOG",avg_accel_4m,0.01361786966562203,-0.025705777934137936,0.08797739938911431,4.0,avg_accel,avg_accel_4m,10.0,,NUE,0.05410149218684379,0.05618248573778817,0.20289729562105285,COF,-0.0012214312178099502,0.018771981160001783,0.067602421920546,EOG,-0.012026451972167748,-0.15207180070020376,-0.006567519374255926
B_mom6m_top10_then_avg_accel_4m_top3,B_6m_momentum_filter_then_acceleration,2021-08,2021-08-02,"NUE,TRGP,F",avg_accel_4m,0.0015050939549644505,0.04527218126342836,0.2588727241620237,4.0,avg_accel,avg_accel_4m,10.0,,NUE,0.007463988307450033,0.13891047415047608,0.13891047415047608,TRGP,0.0023495587876230704,0.05441845882251095,0.3472689629723853,F,-0.005298265230179751,-0.05751238918270196,0.29043873536320985
B_mom6m_top10_then_avg_accel_4m_top3,B_6m_momentum_filter_then_acceleration,2021-09,2021-09-01,"IT,FTNT,BX",avg_accel_4m,0.00872165056298074,-0.04543181597415228,0.06678913805401236,4.0,avg_accel,avg_accel_4m,10.0,,IT,0.010507710098183215,-0.010054590462997615,0.06171800617040968,FTNT,0.008081955979920489,-0.03394174087809165,0.050701824159114395,BX,0.007575285610838515,-0.09229911658136758,0.087947583832513
B_mom6m_top10_then_avg_accel_4m_top3,B_6m_momentum_filter_then_acceleration,2021-10,2021-10-01,"NVDA,MSCI,WST",avg_accel_4m,0.01727658122860718,0.11261690248439223,0.21818817947936706,4.0,avg_accel,avg_accel_4m,10.0,,NVDA,0.019875946682444235,0.24515481204899836,0.5157095426160287,MSCI,0.01656071625039962,0.07599485638563852,0.07599485638563852,WST,0.015393080752977692,0.01670103901853981,0.06286013943643387
B_mom6m_top10_then_avg_accel_4m_top3,B_6m_momentum_filter_then_acceleration,2021-11,2021-11-01,"RKLB,LEU,MDB",avg_accel_4m,0.05571272392755072,-0.04310268935847972,-0.02258504257634882,4.0,avg_accel,avg_accel_4m,10.0,,RKLB,0.06735468127662868,0.06521734478081331,0.06521734478081331,LEU,0.05211664589202658,-0.11147811866310575,-0.11147811866310575,MDB,0.047666844613996916,-0.08304729419314671,-0.021494353846754022
B_mom6m_top10_then_avg_accel_4m_top3,B_6m_momentum_filter_then_acceleration,2021-12,2021-12-01,"LEU,TSLA,PLUG",avg_accel_4m,0.06297877503592858,-0.0467719045579873,-0.0467719045579873,4.0,avg_accel,avg_accel_4m,10.0,,LEU,0.0878187596704902,-0.020260226171844198,-0.020260226171844198,TSLA,0.051413667977871065,0.09568949660209758,0.09568949660209758,PLUG,0.04970389745942447,-0.21574498410421528,-0.21574498410421528
B_mom6m_top10_then_avg_accel_4m_top3,B_6m_momentum_filter_then_acceleration,2022-01,2022-01-03,"LEU,RKLB,TSLA",avg_accel_4m,0.05153682819562335,-0.20841003261346122,-0.16580777025106064,4.0,avg_accel,avg_accel_4m,10.0,,LEU,0.06749057371341968,-0.17928288611416876,-0.17928288611416876,RKLB,0.04739352403521937,-0.22213115414058426,-0.22213115414058426,TSLA,0.03972638683823099,-0.2238160575856306,-0.09600927049842889
B_mom6m_top10_then_avg_accel_4m_top3,B_6m_momentum_filter_then_acceleration,2022-02,2022-02-01,"F,ANET,TSLA",avg_accel_4m,0.03988959702900199,-0.10504708832019145,0.031703247400824384,4.0,avg_accel,avg_accel_4m,10.0,,F,0.049469469484594686,-0.19167452659944884,-0.19167452659944884,ANET,0.03745739969223971,-0.05164928109990963,0.12212383188325737,TSLA,0.03274192191017156,-0.07181745726121591,0.1646604369186646
B_mom6m_top10_then_avg_accel_4m_top3,B_6m_momentum_filter_then_acceleration,2022-03,2022-03-01,"HAL,EOG,F",avg_accel_4m,0.020495241124564634,0.08037019899187008,0.1699517541442681,4.0,avg_accel,avg_accel_4m,10.0,,HAL,0.026120117789194697,0.20149495727443223,0.29306971259349157,EOG,0.01815473742547351,0.042609740494437,0.21977965063257177,F,0.01721086815902569,-0.0029941007932590136,-0.0029941007932590136
B_mom6m_top10_then_avg_accel_4m_top3,B_6m_momentum_filter_then_acceleration,2022-04,2022-04-01,"HAL,OXY,MOS",avg_accel_4m,0.014683960260832489,-0.039154969774090866,0.07841116133027955,4.0,avg_accel,avg_accel_4m,10.0,,HAL,0.01773612615055208,-0.06791110136528389,0.07621734470429642,OXY,0.016383528513740087,0.0032695995057594462,0.2118395467492904,MOS,0.009932226118205304,-0.05282340746274816,-0.05282340746274816
B_mom6m_top10_then_avg_accel_4m_top3,B_6m_momentum_filter_then_acceleration,2022-05,2022-05-02,"EQT,OXY,MOS",avg_accel_4m,0.0436057987418047,0.13912734305371052,0.13912734305371052,4.0,avg_accel,avg_accel_4m,10.0,,EQT,0.05092697411099057,0.2666893858823096,0.2666893858823096,OXY,0.04242314242198358,0.20789022945206215,0.20789022945206215,MOS,0.03746727969243995,-0.05719758617324022,-0.05719758617324022
B_mom6m_top10_then_avg_accel_4m_top3,B_6m_momentum_filter_then_acceleration,2022-06,2022-06-01,"EQT,OXY,MOS",avg_accel_4m,0.03723442462898286,-0.2174981076754684,-0.06364546185528908,4.0,avg_accel,avg_accel_4m,10.0,,EQT,0.051558318532141136,-0.3118472504767288,-0.06676933087658621,OXY,0.0347222787623468,-0.1401015861667264,-0.026852132967281173,MOS,0.02542267659246065,-0.20054548638295,-0.09731492172199985
B_mom6m_top10_then_avg_accel_4m_top3,B_6m_momentum_filter_then_acceleration,2022-07,2022-07-01,"EQT,VLO,OXY",avg_accel_4m,0.04048490857635907,0.11286203336468088,0.17901327357624694,4.0,avg_accel,avg_accel_4m,10.0,,EQT,0.06329703459001183,0.23460724174779646,0.3561388365736011,VLO,0.03430817408287177,0.024726792108036966,0.04920001648548289,OXY,0.023849517056193602,0.07925206623820924,0.13170096766965678
B_mom6m_top10_then_avg_accel_4m_top3,B_6m_momentum_filter_then_acceleration,2022-08,2022-08-01,"VLO,MPC,XOM",avg_accel_4m,-0.014844341769944302,0.029894396121420197,0.23631290323640294,4.0,avg_accel,avg_accel_4m,10.0,,VLO,-0.008183805014860296,0.008657923620139174,0.18515490143341884,MPC,-0.01577684591512644,0.07782806063303727,0.32779147439898404,XOM,-0.02057237437984617,0.003197204111084151,0.19599233387680592
B_mom6m_top10_then_avg_accel_4m_top3,B_6m_momentum_filter_then_acceleration,2022-09,2022-09-01,"SMCI,FSLR,ENPH",avg_accel_4m,0.03902260016169531,-0.00429610480714208,0.2874175909973819,4.0,avg_accel,avg_accel_4m,10.0,,SMCI,0.04721896096603956,-0.09842024525550785,0.4298577804909869,FSLR,0.035209941805714184,0.06867959191809336,0.3183666936337284,ENPH,0.03463889771333218,0.016852338915988252,0.11402829886743038
B_mom6m_top10_then_avg_accel_4m_top3,B_6m_momentum_filter_then_acceleration,2022-10,2022-10-03,"FSLR,ENPH,SMCI",avg_accel_4m,0.0368261247993097,0.13050958351235686,0.3050510966559539,4.0,avg_accel,avg_accel_4m,10.0,,FSLR,0.062141564579890236,0.08746898429311889,0.23364075032769205,ENPH,0.024242977538180093,0.04490431699013886,0.09556545845686526,SMCI,0.024093832279858774,0.25915544925381284,0.5859470811833045
B_mom6m_top10_then_avg_accel_4m_top3,B_6m_momentum_filter_then_acceleration,2022-11,2022-11-01,"LEU,FSLR,ENPH",avg_accel_4m,0.0626562865610663,-0.00678214845551095,0.05399433908168653,4.0,avg_accel,avg_accel_4m,10.0,,LEU,0.08709208228933592,-0.20324509877777397,-0.0990606185852474,FSLR,0.07196702859829275,0.13441465287360677,0.21255963529267263,ENPH,0.028909748795570216,0.04848400053763435,0.04848400053763435
B_mom6m_top10_then_avg_accel_4m_top3,B_6m_momentum_filter_then_acceleration,2022-12,2022-12-01,"NFLX,FSLR,LEU",avg_accel_4m,0.05800747120216651,-0.10257931034402927,0.16070900585884051,4.0,avg_accel,avg_accel_4m,10.0,,NFLX,0.0684660524681938,-0.06941154367482383,0.14210448527523223,FSLR,0.053377922805877415,-0.13409274798271897,0.16103002533987554,LEU,0.05217843833242832,-0.104233639374545,0.17899250696141378
B_mom6m_top10_then_avg_accel_4m_top3,B_6m_momentum_filter_then_acceleration,2023-01,2023-01-03,"AXON,DXCM,NFLX",avg_accel_4m,0.035719397083106695,0.11510461078601524,0.19443965638452135,4.0,avg_accel,avg_accel_4m,10.0,,AXON,0.04622807632726631,0.17920823176452783,0.3515810268972428,DXCM,0.04534839132123827,-0.0611871704616026,0.004445171201200804,NFLX,0.015581723600815509,0.22729277105512047,0.22729277105512047
B_mom6m_top10_then_avg_accel_4m_top3,B_6m_momentum_filter_then_acceleration,2023-02,2023-02-01,"RCL,AXON,URI",avg_accel_4m,0.028901837675052455,0.06962414949675082,0.08025976932054757,4.0,avg_accel,avg_accel_4m,10.0,,RCL,0.04681305146256771,0.06288114138381684,0.06288114138381684,AXON,0.022627166707244056,0.11426986359539337,0.14617672306678364,URI,0.017265294855345597,0.031721443511042224,0.031721443511042224
B_mom6m_top10_then_avg_accel_4m_top3,B_6m_momentum_filter_then_acceleration,2023-03,2023-03-01,"CVNA,SHOP,LVS",avg_accel_4m,0.05132639340177547,0.07807908714436589,0.4418563262413831,4.0,avg_accel,avg_accel_4m,10.0,,CVNA,0.07579973418327418,0.042648763598271744,0.7732885422141715,SHOP,0.04768517313558742,0.1890274842765025,0.4448878012826136,LVS,0.030494272886464818,0.0025610135583233884,0.1073926352273642
B_mom6m_top10_then_avg_accel_4m_top3,B_6m_momentum_filter_then_acceleration,2023-04,2023-04-03,"NVDA,MSTR,URI",avg_accel_4m,0.0419615763128299,-0.0009381483329243453,0.3151445453949053,4.0,avg_accel,avg_accel_4m,10.0,,NVDA,0.0538375723432829,0.03379233011518212,0.5168024643491358,MSTR,0.04799036642275267,0.033894865641243,0.2705201919906497,URI,0.02405679017245413,-0.07050164075519816,0.15811097984493028
B_mom6m_top10_then_avg_accel_4m_top3,B_6m_momentum_filter_then_acceleration,2023-05,2023-05-01,"MSTR,META,NVDA",avg_accel_4m,0.0655370316894635,0.1573932911389506,0.45019921826110015,4.0,avg_accel,avg_accel_4m,10.0,,MSTR,0.08564119869285974,-0.02449020280847425,0.4147071735651293,META,0.06654564727197944,0.12102149666777628,0.32704190049707216,NVDA,0.044424249103551326,0.3756485795575497,0.608848580721099
B_mom6m_top10_then_avg_accel_4m_top3,B_6m_momentum_filter_then_acceleration,2023-06,2023-06-01,"META,MSTR,WST",avg_accel_4m,0.03926588032901449,0.1388867142803504,0.27610753132803273,4.0,avg_accel,avg_accel_4m,10.0,,META,0.04290655960880827,0.049191191267607515,0.18377917322878212,MSTR,0.04179987637230035,0.2597186454047171,0.45022343972151235,WST,0.03309120500593487,0.1077503061687266,0.19431998103380366
B_mom6m_top10_then_avg_accel_4m_top3,B_6m_momentum_filter_then_acceleration,2023-07,2023-07-03,"SMCI,APP,PLTR",avg_accel_4m,0.0797398715835117,0.2850557451313572,0.4362902910022208,4.0,avg_accel,avg_accel_4m,10.0,,SMCI,0.09154526299300618,0.35457465551576983,0.35457465551576983,APP,0.0741643758504549,0.212577168698437,0.6662808063110277,PLTR,0.07350997590707405,0.28801541117986473,0.28801541117986473
B_mom6m_top10_then_avg_accel_4m_top3,B_6m_momentum_filter_then_acceleration,2023-08,2023-08-01,"SMCI,PLTR,CCL",avg_accel_4m,0.07021154438278204,-0.1767882282805865,-0.15849962000393106,4.0,avg_accel,avg_accel_4m,10.0,,SMCI,0.08770956196865225,-0.16411899604166968,-0.14427067082551082,PLTR,0.0692215636934652,-0.24062028619389686,-0.20560278658008946,CCL,0.05370350748622868,-0.12562540260619293,-0.12562540260619293
B_mom6m_top10_then_avg_accel_4m_top3,B_6m_momentum_filter_then_acceleration,2023-09,2023-09-01,"SMCI,CVNA,PLTR",avg_accel_4m,0.09437340301394932,-0.05275441773036219,0.043644358182396724,4.0,avg_accel,avg_accel_4m,10.0,,SMCI,0.10800260332385996,0.023745395722796214,0.023745395722796214,CVNA,0.09899065971123126,-0.2281219424048233,-0.2281219424048233,PLTR,0.07612694600675678,0.04611329349094051,0.33530962122921726
B_mom6m_top10_then_avg_accel_4m_top3,B_6m_momentum_filter_then_acceleration,2023-10,2023-10-02,"CVNA,DELL,APP",avg_accel_4m,0.08046553818708028,-0.1395703609423495,0.10202783515448673,4.0,avg_accel,avg_accel_4m,10.0,,CVNA,0.17717821175748857,-0.33783439269138016,0.2450955779093309,DELL,0.03252371979544875,0.020054200669976652,0.11096345256095574,APP,0.031694683008303526,-0.10093089080564499,-0.04997552500682645
B_mom6m_top10_then_avg_accel_4m_top3,B_6m_momentum_filter_then_acceleration,2023-11,2023-11-01,"LEU,DELL,ZS",avg_accel_4m,0.027676951670409667,0.0835970989420181,0.26184446847463266,4.0,avg_accel,avg_accel_4m,10.0,,LEU,0.07993190440746235,-0.06083796206861247,0.01109619306060794,DELL,0.010436339241405523,0.04747345618102772,0.25474358431306654,ZS,-0.007337388637638868,0.26415580271363903,0.5196936280502236
B_mom6m_top10_then_avg_accel_4m_top3,B_6m_momentum_filter_then_acceleration,2023-12,2023-12-01,"LEU,DELL,JBL",avg_accel_4m,0.007002665212584601,0.07080392479826554,0.35869225882450856,4.0,avg_accel,avg_accel_4m,10.0,,LEU,0.03215738584320488,0.07659397657050082,0.07659397657050082,DELL,-0.0022476106949296804,0.03976093652529533,0.7398388742321411,JBL,-0.008901779510521393,0.09605686129900048,0.2596439256708838
B_mom6m_top10_then_avg_accel_4m_top3,B_6m_momentum_filter_then_acceleration,2024-01,2024-01-02,"WSM,MSTR,COIN",avg_accel_4m,0.007672034159318688,-0.15667580457799168,0.850594515312646,4.0,avg_accel,avg_accel_4m,10.0,,WSM,0.01489587755014705,-0.026839586770091017,0.555880804464568,MSTR,0.006888379161647741,-0.2651536156860753,1.3888783102931517,COIN,0.0012318457661612732,-0.17803421127780872,0.607024431180218
B_mom6m_top10_then_avg_accel_4m_top3,B_6m_momentum_filter_then_acceleration,2024-02,2024-02-01,"COIN,MSTR,CRWD",avg_accel_4m,0.04605191915488421,0.5968224037028191,1.0911649243078212,4.0,avg_accel,avg_accel_4m,10.0,,COIN,0.055123631033627885,0.595734851820529,0.9550989265361769,MSTR,0.05092638637607146,1.1438588207412002,2.2508540033485804,CRWD,0.032105740054953286,0.05087353854672827,0.06754184303870558
B_mom6m_top10_then_avg_accel_4m_top3,B_6m_momentum_filter_then_acceleration,2024-03,2024-03-01,"SMCI,COIN,CRWD",avg_accel_4m,0.05889339990371606,0.12882628141165045,0.12882628141165045,4.0,avg_accel,avg_accel_4m,10.0,,SMCI,0.07978565865085364,0.1454145903034021,0.1454145903034021,COIN,0.06183089423442283,0.22520287396471894,0.22520287396471894,CRWD,0.03506364682587171,0.015861379966830347,0.015861379966830347
B_mom6m_top10_then_avg_accel_4m_top3,B_6m_momentum_filter_then_acceleration,2024-04,2024-04-01,"SMCI,CVNA,MSTR",avg_accel_4m,0.13328182465113347,-0.21881533461544578,0.07009725827616431,4.0,avg_accel,avg_accel_4m,10.0,,SMCI,0.16013881723918313,-0.2881453556578677,-0.2167766945326116,CVNA,0.1449807495734008,0.00345658869847032,0.43276881688233204,MSTR,0.09472590714081651,-0.37175723688693996,-0.0057003475212275
B_mom6m_top10_then_avg_accel_4m_top3,B_6m_momentum_filter_then_acceleration,2024-05,2024-05-01,"SMCI,CVNA,MSTR",avg_accel_4m,0.1050018048703449,0.25423309240003805,0.4551076291722214,4.0,avg_accel,avg_accel_4m,10.0,,SMCI,0.1479561011228401,0.04373555731780132,0.10025735126194513,CVNA,0.08988726817494175,0.13629582323702194,0.6823976396094282,MSTR,0.07716204531325284,0.582667896645291,0.582667896645291
B_mom6m_top10_then_avg_accel_4m_top3,B_6m_momentum_filter_then_acceleration,2024-06,2024-06-03,"APP,CVNA,VST",avg_accel_4m,0.04897674545591243,0.07375366423938594,0.1617716874631601,4.0,avg_accel,avg_accel_4m,10.0,,APP,0.05700352553329391,0.02563485882482963,0.06565901457740253,CVNA,0.04961346346879426,0.25656836445624176,0.48059827837499136,VST,0.04031324736564912,-0.06094223056291359,-0.06094223056291359
B_mom6m_top10_then_avg_accel_4m_top3,B_6m_momentum_filter_then_acceleration,2024-07,2024-07-01,"MSTR,VST,APP",avg_accel_4m,0.027607231013113145,-0.04577542704019599,0.3792720868155641,4.0,avg_accel,avg_accel_4m,10.0,,MSTR,0.0381050691792322,0.10676661728117032,0.19102178156195126,VST,0.02865742177311102,-0.1293793474474858,0.40647386621611425,APP,0.01605920208699622,-0.11471355095427249,0.5403206126686269
B_mom6m_top10_then_avg_accel_4m_top3,B_6m_momentum_filter_then_acceleration,2024-08,2024-08-01,"VST,NVDA,CEG",avg_accel_4m,-0.021596498606191273,-0.003992417942176456,0.4513313658121016,4.0,avg_accel,avg_accel_4m,10.0,,VST,-0.01871890553857807,-0.003945288826038951,0.6154841515562124,NVDA,-0.021603597181121547,-0.011079492516068101,0.23991931322051085,CEG,-0.024466993098874207,0.003047527515577686,0.4985906326595815
B_mom6m_top10_then_avg_accel_4m_top3,B_6m_momentum_filter_then_acceleration,2024-09,2024-09-03,"TPL,HWM,PLTR",avg_accel_4m,0.008318639809605599,0.13392688264976296,0.7616010524134184,4.0,avg_accel,avg_accel_4m,10.0,,TPL,0.02975721595909921,0.12183472688725305,0.8426728103280665,HWM,0.01545553555749347,0.08492793315791447,0.266122516967916,PLTR,-0.020256832087775883,0.1950179879041214,1.1760078299442727
B_mom6m_top10_then_avg_accel_4m_top3,B_6m_momentum_filter_then_acceleration,2024-10,2024-10-01,"VTR,TPL,NEM",avg_accel_4m,0.016493413265149182,0.041051068895485786,0.16107639507452745,4.0,avg_accel,avg_accel_4m,10.0,,VTR,0.025330233699267374,0.004695561741594023,0.004695561741594023,TPL,0.01711834075844425,0.2824768558192492,0.6425528343563742,NEM,0.007031665337735925,-0.16401921087438587,-0.16401921087438587
B_mom6m_top10_then_avg_accel_4m_top3,B_6m_momentum_filter_then_acceleration,2024-11,2024-11-01,"RKLB,PLTR,LEU",avg_accel_4m,0.04946544171917482,0.4839414322069753,0.7452242345765919,4.0,avg_accel,avg_accel_4m,10.0,,RKLB,0.07253385580626776,1.1151489076420713,1.4851137452861187,PLTR,0.043681483700784944,0.5837309706475777,0.9976145401123806,LEU,0.032180985650471755,-0.24705558166872332,-0.24705558166872332
B_mom6m_top10_then_avg_accel_4m_top3,B_6m_momentum_filter_then_acceleration,2024-12,2024-12-02,"LEU,RKLB,APP",avg_accel_4m,0.08230625413067884,-0.02175913280767139,0.08880859606554063,4.0,avg_accel,avg_accel_4m,10.0,,LEU,0.11750286080843882,-0.10209770879488689,0.018552185723901493,RKLB,0.07211205257498747,0.03332636617444629,0.17491195835307738,APP,0.05730384900861022,0.003493944197426435,0.07296164411964301
B_mom6m_top10_then_avg_accel_4m_top3,B_6m_momentum_filter_then_acceleration,2025-01,2025-01-02,"APP,RKLB,LEU",avg_accel_4m,0.1285058008003326,0.10394979350745359,0.11353789688641491,4.0,avg_accel,avg_accel_4m,10.0,,APP,0.1433430474854326,0.06922582873957994,0.06922582873957994,RKLB,0.1341529816983214,0.13701923885171485,0.13701923885171485,LEU,0.10802137321724375,0.10560431293106598,0.13436862306794994
B_mom6m_top10_then_avg_accel_4m_top3,B_6m_momentum_filter_then_acceleration,2025-02,2025-02-03,"ALAB,APP,MSTR",avg_accel_4m,0.10941623478893263,-0.2214003721566453,-0.09066808053552715,4.0,avg_accel,avg_accel_4m,10.0,,ALAB,0.13204094387835252,-0.3102323847261268,-0.2945373085702001,APP,0.10444302056895,-0.07689362389390075,-0.07689362389390075,MSTR,0.09176473991949537,-0.2770751078499083,0.09942669085751943
B_mom6m_top10_then_avg_accel_4m_top3,B_6m_momentum_filter_then_acceleration,2025-03,2025-03-03,"APP,ALAB,PLTR",avg_accel_4m,0.04332854649539152,-0.07688178181728873,0.3823915001215216,4.0,avg_accel,avg_accel_4m,10.0,,APP,0.05117025628252945,-0.16197303825227471,0.19140928447613836,ALAB,0.04069996673796536,-0.0837766246760635,0.372931408835105,PLTR,0.03811541646567975,0.015104317476472007,0.5828338070533214
B_mom6m_top10_then_avg_accel_4m_top3,B_6m_momentum_filter_then_acceleration,2025-04,2025-04-01,"TPR,ECHO,PLTR",avg_accel_4m,-0.005758812299019929,0.08438436563912748,0.2943915943899044,4.0,avg_accel,avg_accel_4m,10.0,,TPR,0.007189508801678106,-0.03292641162481735,0.19804927615373047,ECHO,-0.001783241606550597,-0.08614529695464046,0.12584358908639204,PLTR,-0.022682704092187294,0.3722248054968402,0.5592819179295907
B_mom6m_top10_then_avg_accel_4m_top3,B_6m_momentum_filter_then_acceleration,2025-05,2025-05-01,"EQT,TPR,TPL",avg_accel_4m,-0.030899570761711247,0.03136263633607176,0.16481780020625558,4.0,avg_accel,avg_accel_4m,10.0,,EQT,-0.01623219078124649,0.1284350598780577,0.1284350598780577,TPR,-0.03151328039220106,0.11448436689799135,0.5148498585085428,TPL,-0.044953241111686186,-0.14883151776783377,-0.14883151776783377
B_mom6m_top10_then_avg_accel_4m_top3,B_6m_momentum_filter_then_acceleration,2025-06,2025-06-02,"SMCI,HWM,NFLX",avg_accel_4m,0.007183631081791527,0.075841309623921,0.16773939905700655,4.0,avg_accel,avg_accel_4m,10.0,,SMCI,0.023228550722346485,0.14563106526437664,0.3747572412813567,HWM,0.00472373250676512,0.020677767172825545,0.0672458594551022,NFLX,-0.006401389983737025,0.0612150964345608,0.0612150964345608
B_mom6m_top10_then_avg_accel_4m_top3,B_6m_momentum_filter_then_acceleration,2025-07,2025-07-01,"LEU,MOS,ZS",avg_accel_4m,0.047566193659855906,0.03570872488588317,0.3046080955503226,4.0,avg_accel,avg_accel_4m,10.0,,LEU,0.07199353053211534,0.23484081287711134,0.9625983769482405,MOS,0.03975834869054665,-0.03969557774218724,-0.03969557774218724,ZS,0.030946701756905726,-0.08801906047727459,-0.009078512555085405
B_mom6m_top10_then_avg_accel_4m_top3,B_6m_momentum_filter_then_acceleration,2025-08,2025-08-01,"LEU,CVNA,ZS",avg_accel_4m,0.06473183686441504,-0.015143083790084408,0.3071040216647256,4.0,avg_accel,avg_accel_4m,10.0,,LEU,0.0976951726514101,-0.02131235252907482,0.6463782807073697,CVNA,0.05045435867490653,-0.0037794317098863717,0.07512644780716626,ZS,0.04604597926692847,-0.02033746713129203,0.19980733647964088
B_mom6m_top10_then_avg_accel_4m_top3,B_6m_momentum_filter_then_acceleration,2025-09,2025-09-02,"LEU,UUUU,RKLB",avg_accel_4m,0.10123927846409275,0.32657046597906464,0.4976995566026153,4.0,avg_accel,avg_accel_4m,10.0,,LEU,0.11976153372456803,0.62396383512066,0.6822305716863362,UUUU,0.0980219548284681,0.38292258036406346,0.5669013886455498,RKLB,0.08593434683924213,-0.0271750175475296,0.2439667094759599
B_mom6m_top10_then_avg_accel_4m_top3,B_6m_momentum_filter_then_acceleration,2025-10,2025-10-01,"ECHO,UUUU,ALAB",avg_accel_4m,0.11641296909086028,0.021990295511607028,0.1763299079166123,4.0,avg_accel,avg_accel_4m,10.0,,ECHO,0.17309730036994742,-0.051949650986389595,0.4110691862286262,UUUU,0.08950527856279468,0.1330362313073612,0.1330362313073612,ALAB,0.08663632833983877,-0.01511569378615052,-0.01511569378615052
B_mom6m_top10_then_avg_accel_4m_top3,B_6m_momentum_filter_then_acceleration,2025-11,2025-11-03,"ECHO,PLUG,UUUU",avg_accel_4m,0.12632581958805858,-0.18093788324885207,0.17920581977482974,4.0,avg_accel,avg_accel_4m,10.0,,ECHO,0.1729229626387023,-0.031444907260395616,0.5463712193780337,PLUG,0.1285738579722648,-0.3018181974237615,-0.18909090215509583,UUUU,0.07748063815320866,-0.20955054506239912,0.18033714210155138
B_mom6m_top10_then_avg_accel_4m_top3,B_6m_momentum_filter_then_acceleration,2025-12,2025-12-01,"ECHO,PLUG,CIEN",avg_accel_4m,0.07251771526531701,0.30761241170973697,0.5159211106865611,4.0,avg_accel,avg_accel_4m,10.0,,ECHO,0.11057606856469922,0.5367123329476133,0.6257534288380244,PLUG,0.05353051207841919,0.16145836922805823,0.16145836922805823,CIEN,0.053446565152832665,0.22466653295353933,0.7605515339936006
B_mom6m_top10_then_avg_accel_4m_top3,B_6m_momentum_filter_then_acceleration,2026-01,2026-01-02,"CIEN,INTC,MU",avg_accel_4m,0.04985130398270051,0.2395362542305778,0.4385392424876478,4.0,avg_accel,avg_accel_4m,10.0,,CIEN,0.05830656718590352,0.09115659960307076,0.6881655643742808,INTC,0.050488599709395725,0.23946165691729648,0.23946165691729648,MU,0.04075874505280228,0.3879905061713662,0.3879905061713662
B_mom6m_top10_then_avg_accel_4m_top3,B_6m_momentum_filter_then_acceleration,2026-02,2026-02-02,"COHR,MU,CIEN",avg_accel_4m,0.03327870334026609,0.2012856187999552,0.5713373649351988,4.0,avg_accel,avg_accel_4m,10.0,,COHR,0.0341281727948504,0.3437780991791095,0.4812983113808176,MU,0.033062435738911676,-0.05740056734379806,0.23900825436550543,CIEN,0.03264550148703622,0.3174793245645542,0.9937055290592733
B_mom6m_top10_then_avg_accel_4m_top3,B_6m_momentum_filter_then_acceleration,2026-03,2026-03-02,"COHR,MU,RKLB",avg_accel_4m,0.015348927668329198,-0.11867211573837837,0.8163107122985475,4.0,avg_accel,avg_accel_4m,10.0,,COHR,0.018789087344166344,-0.17098792273318086,0.21407778077146555,MU,0.01577949985857724,-0.10823535017034125,1.510322902206923,RKLB,0.01147819580224401,-0.07679307431161297,0.7245314539172538
B_mom6m_top10_then_avg_accel_5m_top3,B_6m_momentum_filter_then_acceleration,2016-01,2016-01-04,"NVDA,LDOS,GOOG",avg_accel_5m,0.023812781269403994,-0.07914530539596176,0.030165108971776305,5.0,avg_accel,avg_accel_5m,10.0,,NVDA,0.030435481954294068,-0.09484083753346129,0.12084351338143162,LDOS,0.02604058310136506,-0.1562905152519075,-0.044043623063586224,GOOG,0.014962278752552854,0.013695436597483512,0.013695436597483512
B_mom6m_top10_then_avg_accel_5m_top3,B_6m_momentum_filter_then_acceleration,2016-02,2016-02-01,"FSLR,NVDA,TAP",avg_accel_5m,0.02675780584071531,0.020600664357680192,0.09884817420086944,5.0,avg_accel,avg_accel_5m,10.0,,FSLR,0.036305818697802986,-0.0015912138683923382,-0.0015912138683923382,NVDA,0.0232540906374405,0.12181975252068455,0.23828334270754992,TAP,0.02071350818690244,-0.05842654557925164,0.05985239376345075
B_mom6m_top10_then_avg_accel_5m_top3,B_6m_momentum_filter_then_acceleration,2016-03,2016-03-01,"FSLR,NEM,KLAC",avg_accel_5m,0.0327520588933663,0.028707637307420358,0.1331985805766005,5.0,avg_accel,avg_accel_5m,10.0,,FSLR,0.03600314973512703,-0.022312277036129258,-0.022312277036129258,NEM,0.034397867476651016,0.04943309427942655,0.3537770911496019,KLAC,0.027855159468320838,0.05900209467896378,0.06813092761632888
B_mom6m_top10_then_avg_accel_5m_top3,B_6m_momentum_filter_then_acceleration,2016-04,2016-04-01,"NEM,SMCI,TRMB",avg_accel_5m,0.026819618687640424,0.010827386542511327,0.10813854495129305,5.0,avg_accel,avg_accel_5m,10.0,,NEM,0.03807853165033398,0.29000800387293624,0.5164724395943971,SMCI,0.02138842154408068,-0.2128153066806837,-0.2128153066806837,TRMB,0.02099190286850662,-0.044710537564718544,0.020758501940165708
B_mom6m_top10_then_avg_accel_5m_top3,B_6m_momentum_filter_then_acceleration,2016-05,2016-05-02,"LEU,NEM,AMD",avg_accel_5m,0.0527768715370448,0.03013594845344632,0.38204787744727176,5.0,avg_accel,avg_accel_5m,10.0,,LEU,0.11844623787588347,-0.04516124864274451,0.08387096724574694,NEM,0.024351757437501557,-0.0489228356874053,0.286871635803541,AMD,0.015532619297749378,0.18449192969048878,0.7754010292925273
B_mom6m_top10_then_avg_accel_5m_top3,B_6m_momentum_filter_then_acceleration,2016-06,2016-06-01,"LEU,FCX,NEM",avg_accel_5m,0.07202505800705712,0.14730412956235575,0.23761955702918316,5.0,avg_accel,avg_accel_5m,10.0,,LEU,0.1280283320572866,0.13513508506549265,0.18243241719384562,FCX,0.06074193329368254,0.07075484295812862,0.17735871732463182,NEM,0.027304908670202216,0.236022460663446,0.3530675365690721
B_mom6m_top10_then_avg_accel_5m_top3,B_6m_momentum_filter_then_acceleration,2016-07,2016-07-01,"LEU,TRGP,FCX",avg_accel_5m,0.09282229274988991,-0.023595972716915603,0.14332733486790014,5.0,avg_accel,avg_accel_5m,10.0,,LEU,0.13466739014455267,-0.05654756688510587,0.1517857161863727,TRGP,0.0758260187535021,-0.11379990503986737,0.17863673464310126,FCX,0.06797346935161498,0.09955955377422643,0.09955955377422643
B_mom6m_top10_then_avg_accel_5m_top3,B_6m_momentum_filter_then_acceleration,2016-08,2016-08-01,"LEU,TRGP,FCX",avg_accel_5m,0.08130362194597802,0.03610646579018806,0.15754337058955503,5.0,avg_accel,avg_accel_5m,10.0,,LEU,0.12776121533276683,0.10410091979930125,0.24921133843524013,TRGP,0.062422319591918796,0.17489169346108557,0.3299894023325787,FCX,0.05372733091324843,-0.17067321588982265,-0.1065706289991537
B_mom6m_top10_then_avg_accel_5m_top3,B_6m_momentum_filter_then_acceleration,2016-09,2016-09-01,"TRGP,AMD,OKE",avg_accel_5m,0.04452354299997487,0.053399378620888616,0.17665972490597573,5.0,avg_accel,avg_accel_5m,10.0,,TRGP,0.04867663274700615,0.1320102182479428,0.22117833776573237,AMD,0.04583361894658068,-0.05442178238877515,0.14149666016113716,OKE,0.03906037730633777,0.08260970000349821,0.1673041767910577
B_mom6m_top10_then_avg_accel_5m_top3,B_6m_momentum_filter_then_acceleration,2016-10,2016-10-03,"WMB,DHR,DVN",avg_accel_5m,0.04149204864623251,-0.07561646939367712,0.04266556992048794,5.0,avg_accel,avg_accel_5m,10.0,,WMB,0.05933574719658859,-0.06725439707614445,0.033683456593670114,DHR,0.03432340518223625,-0.012309865608527426,0.011734094288292862,DVN,0.03081699355987269,-0.14728514549635952,0.08257915887950085
B_mom6m_top10_then_avg_accel_5m_top3,B_6m_momentum_filter_then_acceleration,2016-11,2016-11-01,"WMB,MU,DHR",avg_accel_5m,0.029389448906392116,0.04632085493374494,0.21734955675262588,5.0,avg_accel,avg_accel_5m,10.0,,WMB,0.03011879685496094,0.05075258563827578,0.1082158450850983,MU,0.029914503775809967,0.0883392230218214,0.45759723744777636,DHR,0.028135046088405443,-0.00012924385886237122,0.08623558772500295
B_mom6m_top10_then_avg_accel_5m_top3,B_6m_momentum_filter_then_acceleration,2016-12,2016-12-01,"DHR,TPL,WMB",avg_accel_5m,0.012405158720895407,0.033316108460947014,0.09314201663225259,5.0,avg_accel,avg_accel_5m,10.0,,DHR,0.021810380309126725,0.024476033905480588,0.13475208445868891,TPL,0.008406014205395183,0.02078457504227149,0.08998624900297991,WMB,0.006999081648164313,0.05468771643508896,0.05468771643508896
B_mom6m_top10_then_avg_accel_5m_top3,B_6m_momentum_filter_then_acceleration,2017-01,2017-01-03,"ZBRA,CFG,TPL",avg_accel_5m,0.026191946541794926,0.01569075037155998,0.07870436882205219,5.0,avg_accel,avg_accel_5m,10.0,,ZBRA,0.031052036659142933,-0.04220289147418477,0.06005797455276274,CFG,0.024480938464857122,0.02148250969387555,0.10826249901840468,TPL,0.023042864501384718,0.06779263289498916,0.06779263289498916
B_mom6m_top10_then_avg_accel_5m_top3,B_6m_momentum_filter_then_acceleration,2017-02,2017-02-01,"LEU,TPL,ZBRA",avg_accel_5m,0.03569282832366973,0.02409709670291656,0.054641407398563345,5.0,avg_accel,avg_accel_5m,10.0,,LEU,0.059046236722617614,0.04210530806776713,0.04210530806776713,TPL,0.02511725974440915,-0.06786508216765419,-0.026347140506336242,ZBRA,0.022914988503982436,0.09805106420863674,0.14816605463425914
B_mom6m_top10_then_avg_accel_5m_top3,B_6m_momentum_filter_then_acceleration,2017-03,2017-03-01,"CSX,LEU,COHR",avg_accel_5m,0.021227353995875876,-0.03942002585695056,0.01608168238375381,5.0,avg_accel,avg_accel_5m,10.0,,CSX,0.022829384065379182,-0.053038221048170686,0.11346690367394241,LEU,0.021093596782765518,-0.018518540817300533,-0.018518540817300533,COHR,0.019759081139482926,-0.046703315705380444,-0.046703315705380444
B_mom6m_top10_then_avg_accel_5m_top3,B_6m_momentum_filter_then_acceleration,2017-04,2017-04-03,"URI,LUV,RF",avg_accel_5m,0.0236684700812405,-0.042401407023288394,0.030654211065003694,5.0,avg_accel,avg_accel_5m,10.0,,URI,0.027447462458997457,-0.12073009454962347,-0.08576282788520995,LUV,0.023843569776791695,0.04222249514740706,0.15182976910925805,RF,0.01971437800793236,-0.048696621667648765,0.025895691970962975
B_mom6m_top10_then_avg_accel_5m_top3,B_6m_momentum_filter_then_acceleration,2017-05,2017-05-01,"NRG,SHOP,AMD",avg_accel_5m,0.02421718693599199,0.005772661101926091,0.27568308244014456,5.0,avg_accel,avg_accel_5m,10.0,,NRG,0.04513377788603438,0.005398888279310787,0.4733017494036986,SHOP,0.014807099417172682,0.20942273694906666,0.3471395571425713,AMD,0.0127106835047689,-0.19750364192259917,0.006607940774163712
B_mom6m_top10_then_avg_accel_5m_top3,B_6m_momentum_filter_then_acceleration,2017-06,2017-06-01,"PLUG,TSLA,NRG",avg_accel_5m,0.03754941575203516,0.05420128659198853,0.2560701285441518,5.0,avg_accel,avg_accel_5m,10.0,,PLUG,0.052788939671261435,0.10215050352144872,0.24193544355565155,TSLA,0.0321901618433736,0.035990200385078275,0.044157778978100914,NRG,0.027669145741470447,0.02446315586943859,0.4821171630987029
B_mom6m_top10_then_avg_accel_5m_top3,B_6m_momentum_filter_then_acceleration,2017-07,2017-07-03,"PLUG,VRTX,SHOP",avg_accel_5m,0.037943525282455697,0.17726333629780408,0.33013696712640694,5.0,avg_accel,avg_accel_5m,10.0,,PLUG,0.05221932793530777,0.12682926659070604,0.34146344583705446,VRTX,0.03194333597739737,0.19472823873252687,0.26522663104418176,SHOP,0.029667911934661957,0.2102325035701793,0.3837208244979846
B_mom6m_top10_then_avg_accel_5m_top3,B_6m_momentum_filter_then_acceleration,2017-08,2017-08-01,"PLUG,SEDG,VRTX",avg_accel_5m,0.03990052255720223,0.05528606912075092,0.22988611242713533,5.0,avg_accel,avg_accel_5m,10.0,,PLUG,0.06922061915614552,-0.051948003693320643,0.22077922211963008,SEDG,0.03225488664938525,0.15879832120570625,0.4098712253119088,VRTX,0.018226061866075918,0.05900788984986716,0.05900788984986716
B_mom6m_top10_then_avg_accel_5m_top3,B_6m_momentum_filter_then_acceleration,2017-09,2017-09-01,"PLUG,FSLR,SEDG",avg_accel_5m,0.037908256707511655,0.10224218705805226,0.2790038381434043,5.0,avg_accel,avg_accel_5m,10.0,,PLUG,0.05539437230182931,0.25570772974786626,0.2876711687496176,FSLR,0.040368375994403544,-0.013795983388524391,0.2604514850487232,SEDG,0.01796202182630211,0.06481481481481488,0.288888860631872
B_mom6m_top10_then_avg_accel_5m_top3,B_6m_momentum_filter_then_acceleration,2017-10,2017-10-02,"FSLR,SEDG,NVDA",avg_accel_5m,0.020989434687783217,0.1709133965146976,0.3246044271361837,5.0,avg_accel,avg_accel_5m,10.0,,FSLR,0.031549442651875474,0.21259005329418268,0.49279355340422515,SEDG,0.016444654695176992,0.142608642578125,0.32347823433254086,NVDA,0.014974206716297173,0.15754149367178516,0.15754149367178516
B_mom6m_top10_then_avg_accel_5m_top3,B_6m_momentum_filter_then_acceleration,2017-11,2017-11-01,"TPL,FSLR,SEDG",avg_accel_5m,0.015722655976934032,0.03479732905265979,0.22802623190687746,5.0,avg_accel,avg_accel_5m,10.0,,TPL,0.01795412928699829,-0.008980309394048036,0.2947048757420385,FSLR,0.0155460377507094,0.05401153997617425,0.23107850781789585,SEDG,0.013667800893094412,0.05936075657585316,0.15829531216069803
B_mom6m_top10_then_avg_accel_5m_top3,B_6m_momentum_filter_then_acceleration,2017-12,2017-12-01,"CF,IBKR,NRG",avg_accel_5m,0.023008051275646983,0.06892420285849066,0.11059083204508664,5.0,avg_accel,avg_accel_5m,10.0,,CF,0.02798143412017075,0.14764566914380128,0.14764566914380128,IBKR,0.020775767457160067,0.025137894946244854,0.15013778250603282,NRG,0.02026695224961013,0.033989044485425834,0.033989044485425834
B_mom6m_top10_then_avg_accel_5m_top3,B_6m_momentum_filter_then_acceleration,2018-01,2018-01-02,"ENPH,IBKR,DHI",avg_accel_5m,0.0461651989658774,-0.033937574041591145,0.2660624565248945,5.0,avg_accel,avg_accel_5m,10.0,,ENPH,0.10445554688573457,-0.16538455542727826,0.7346155362721787,IBKR,0.018915901486130714,0.12193470573667797,0.12193470573667797,DHI,0.015124148525766922,-0.05836287243417315,-0.05836287243417315
B_mom6m_top10_then_avg_accel_5m_top3,B_6m_momentum_filter_then_acceleration,2018-02,2018-02-01,"ENPH,TKO,FCX",avg_accel_5m,0.03861036555011519,0.18228100284023785,0.38578286816095914,5.0,avg_accel,avg_accel_5m,10.0,,ENPH,0.08497409348180043,0.5253455421220792,1.0783410462290313,TKO,0.019692416837587285,0.06828408393445384,0.12579417578966567,FCX,0.011164586330957854,-0.046786617535819475,-0.046786617535819475
B_mom6m_top10_then_avg_accel_5m_top3,B_6m_momentum_filter_then_acceleration,2018-03,2018-03-01,"ENPH,GWW,TKO",avg_accel_5m,0.028978694373810527,0.123412181129871,0.5083144980482698,5.0,avg_accel,avg_accel_5m,10.0,,ENPH,0.04139759742448831,0.3625378570534372,0.7462236585281175,GWW,0.026317241066503537,0.08185079283180996,0.21664991418208457,TKO,0.01922124463043974,-0.0741521064956342,0.5620699214346074
B_mom6m_top10_then_avg_accel_5m_top3,B_6m_momentum_filter_then_acceleration,2018-04,2018-04-02,"AXON,MELI,ENPH",avg_accel_5m,0.02851866552410431,-0.023550868401458074,0.40495262863834885,5.0,avg_accel,avg_accel_5m,10.0,,AXON,0.03171155953688409,0.05141840939296749,0.6540021228191464,MELI,0.02749242056248325,-0.0222926857137834,-0.0222926857137834,ENPH,0.026352016472945584,-0.09977832888355831,0.5831484488096834
B_mom6m_top10_then_avg_accel_5m_top3,B_6m_momentum_filter_then_acceleration,2018-05,2018-05-01,"DXCM,AXON,CVNA",avg_accel_5m,0.03154634667690937,0.2910456253458053,0.5367804167993395,5.0,avg_accel,avg_accel_5m,10.0,,DXCM,0.03507432192863039,0.2563019173596952,0.3414633842077457,AXON,0.03210714387520779,0.5731150491972823,0.6482775460256431,CVNA,0.02745757422688994,0.04371990948043836,0.6206003201646297
B_mom6m_top10_then_avg_accel_5m_top3,B_6m_momentum_filter_then_acceleration,2018-06,2018-06-01,"AXON,CMG,NFLX",avg_accel_5m,0.025499694494713867,0.03417432149347969,0.08834242370811578,5.0,avg_accel,avg_accel_5m,10.0,,AXON,0.0267257489151835,-0.013323165481209154,0.07013773334788342,CMG,0.0266858102660026,0.009575445114696546,0.08861885292951222,NFLX,0.023087524302955503,0.10627068484695168,0.10627068484695168
B_mom6m_top10_then_avg_accel_5m_top3,B_6m_momentum_filter_then_acceleration,2018-07,2018-07-02,"AXON,DXCM,CVNA",avg_accel_5m,0.03290803592528798,0.018970235570558214,0.38236057897942805,5.0,avg_accel,avg_accel_5m,10.0,,AXON,0.046177829775412974,0.06192763999488937,0.08458787711358084,DXCM,0.03476999099382736,-0.030573840529607987,0.4835957550651975,CVNA,0.01777628700662361,0.025556907246393257,0.5788981047595059
B_mom6m_top10_then_avg_accel_5m_top3,B_6m_momentum_filter_then_acceleration,2018-08,2018-08-01,"CVNA,MDB,AXON",avg_accel_5m,0.032084663416186196,0.30750341452139734,0.3522436752951079,5.0,avg_accel,avg_accel_5m,10.0,,CVNA,0.03638206382873526,0.5395519191605136,0.5395519191605136,MDB,0.033237579149695766,0.36161954738606483,0.4958403297071965,AXON,0.026634347270127562,0.021338777017613664,0.021338777017613664
B_mom6m_top10_then_avg_accel_5m_top3,B_6m_momentum_filter_then_acceleration,2018-09,2018-09-04,"TKO,CVNA,UUUU",avg_accel_5m,0.023572368142614247,-0.017236096046549854,0.0018115294886493771,5.0,avg_accel,avg_accel_5m,10.0,,TKO,0.02755430859841831,0.06311535173743499,0.06311535173743499,CVNA,0.02164623676529911,-0.14656964038661902,-0.14656964038661902,UUUU,0.021516559064125307,0.03174600050953447,0.08888887711513216
B_mom6m_top10_then_avg_accel_5m_top3,B_6m_momentum_filter_then_acceleration,2018-10,2018-10-01,"AMD,CVNA,TKO",avg_accel_5m,0.04576928672105246,-0.2742160263924201,-0.2280965432582747,5.0,avg_accel,avg_accel_5m,10.0,,AMD,0.05774908250848354,-0.35646087637630963,-0.24538513599935996,CVNA,0.04376025395234698,-0.22759701378977826,-0.22759701378977826,TKO,0.035798523702326855,-0.23859018901117246,-0.2113074799856859
B_mom6m_top10_then_avg_accel_5m_top3,B_6m_momentum_filter_then_acceleration,2018-11,2018-11-01,"AMD,UUUU,CVNA",avg_accel_5m,0.03259416838667178,0.051979428907942084,0.06516771066818283,5.0,avg_accel,avg_accel_5m,10.0,,AMD,0.04181664181183459,0.1726013793093042,0.21216622459002643,UUUU,0.030342211581361155,0.017804208675266997,0.017804208675266997,CVNA,0.025623651766819584,-0.03446730126074493,-0.03446730126074493
B_mom6m_top10_then_avg_accel_5m_top3,B_6m_momentum_filter_then_acceleration,2018-12,2018-12-03,"AMD,HCA,UUUU",avg_accel_5m,0.01243250764537604,-0.18766853684641635,-0.040675210307543654,5.0,avg_accel,avg_accel_5m,10.0,,AMD,0.017001662500246033,-0.2058203015268123,0.03374108710670898,HCA,0.013405812468698725,-0.16768091171895327,-0.044979514809201704,UUUU,0.0068900479671833575,-0.18950439729348345,-0.11078720322013824
B_mom6m_top10_then_avg_accel_5m_top3,B_6m_momentum_filter_then_acceleration,2019-01,2019-01-02,"MKC,CIEN,AMD",avg_accel_5m,0.007498704782001749,0.11249889948658158,0.25612552646852565,5.0,avg_accel,avg_accel_5m,10.0,,MKC,0.008535621235781176,-0.0926116429818582,0.1086123938277257,CIEN,0.007011859637761359,0.12846201493126963,0.25987036098119765,AMD,0.0069486334724627105,0.3016463265103333,0.3998938245966537
B_mom6m_top10_then_avg_accel_5m_top3,B_6m_momentum_filter_then_acceleration,2019-02,2019-02-01,"SBUX,CASY,CIEN",avg_accel_5m,0.006731136900854399,0.07427747410757261,0.1070910694431028,5.0,avg_accel,avg_accel_5m,10.0,,SBUX,0.013261465705396082,0.04565789297442824,0.1440986789810188,CASY,0.004725948186941515,0.06072546477084195,0.06072546477084195,CIEN,0.002205996810225602,0.11644906457744764,0.11644906457744764
B_mom6m_top10_then_avg_accel_5m_top3,B_6m_momentum_filter_then_acceleration,2019-03,2019-03-01,"SBUX,ENPH,CIEN",avg_accel_5m,0.006801991493668444,-0.018406579210678564,0.23928332198063787,5.0,avg_accel,avg_accel_5m,10.0,,SBUX,0.014073805234125568,0.04389566536914313,0.0941424405324105,ENPH,0.006222754206274796,0.017582400077467586,0.7263735581964528,CIEN,0.00010941504060497063,-0.11669780307864641,-0.10266603278694963
B_mom6m_top10_then_avg_accel_5m_top3,B_6m_momentum_filter_then_acceleration,2019-04,2019-04-01,"LEU,ENPH,KEYS",avg_accel_5m,0.034645364814873666,0.16689778621954035,0.38446632443792295,5.0,avg_accel,avg_accel_5m,10.0,,LEU,0.04531380818456934,0.1357616186821642,0.1357616186821642,ENPH,0.04219331250885899,0.4017277776896653,0.9762417694097951,KEYS,0.01642897375119266,-0.036796037713208385,0.04139558522180953
B_mom6m_top10_then_avg_accel_5m_top3,B_6m_momentum_filter_then_acceleration,2019-05,2019-05-01,"ENPH,LEU,ZS",avg_accel_5m,0.039672809842765576,0.07281347071566757,0.5348454280641801,5.0,avg_accel,avg_accel_5m,10.0,,ENPH,0.04648169474088985,0.21032362035355612,1.3189523453776477,LEU,0.043783762877505475,-0.002915449057909525,-0.002915449057909525,ZS,0.02875297190990141,0.011032240851356123,0.28849938787280216
B_mom6m_top10_then_avg_accel_5m_top3,B_6m_momentum_filter_then_acceleration,2019-06,2019-06-03,"ENPH,LEU,CVNA",avg_accel_5m,0.04801675200177796,0.09272240617476701,0.4231691933995417,5.0,avg_accel,avg_accel_5m,10.0,,ENPH,0.05429371650678472,0.16486309310149871,0.9159771042890517,LEU,0.05227347818221957,-0.011695895017748925,-0.011695895017748925,CVNA,0.037483061316329586,0.12500002044055125,0.36522637092732246
B_mom6m_top10_then_avg_accel_5m_top3,B_6m_momentum_filter_then_acceleration,2019-07,2019-07-01,"CVNA,PLUG,ENPH",avg_accel_5m,0.054381330070652524,0.18731797274207396,0.3262930225772516,5.0,avg_accel,avg_accel_5m,10.0,,CVNA,0.06339630726620393,-0.04267638142147623,0.213534529886229,PLUG,0.0548977315164966,-0.04017853294024054,0.12053570525758728,ENPH,0.04484995142925705,0.6448088325879386,0.6448088325879386
B_mom6m_top10_then_avg_accel_5m_top3,B_6m_momentum_filter_then_acceleration,2019-08,2019-08-01,"CVNA,PLUG,SHOP",avg_accel_5m,0.032135529133707035,0.12917698102491573,0.2449065577257666,5.0,avg_accel,avg_accel_5m,10.0,,CVNA,0.04581738081471109,0.2676324978674802,0.31714688466902907,PLUG,0.03008803817784673,-0.004651158148692214,0.2930231851523115,SHOP,0.020501168408563288,0.12454960335595922,0.12454960335595922
B_mom6m_top10_then_avg_accel_5m_top3,B_6m_momentum_filter_then_acceleration,2019-09,2019-09-03,"PCG,ENPH,SEDG",avg_accel_5m,0.03311303622997571,-0.06909430071941591,-0.06459020533619553,5.0,avg_accel,avg_accel_5m,10.0,,PCG,0.036808455721288845,-0.06338712213757092,-0.06338712213757092,ENPH,0.0335279260004279,-0.21624554200305202,-0.2032491304349623,SEDG,0.029002726968210397,0.0723497619823752,0.07286563656394662
B_mom6m_top10_then_avg_accel_5m_top3,B_6m_momentum_filter_then_acceleration,2019-10,2019-10-01,"PODD,SEDG,ENPH",avg_accel_5m,0.027250624807938443,-0.07752938915008474,0.2309935423780928,5.0,avg_accel,avg_accel_5m,10.0,,PODD,0.03246950236666856,-0.1004115084422813,0.11711596051700535,SEDG,0.03184719079018805,0.0004810693300456581,0.2244136583317713,ENPH,0.017435181266958713,-0.1326577283380186,0.3514510082855018
B_mom6m_top10_then_avg_accel_5m_top3,B_6m_momentum_filter_then_acceleration,2019-11,2019-11-01,"PODD,GNRC,SEDG",avg_accel_5m,0.013471923194311142,0.0954096035355398,0.228012562180078,5.0,avg_accel,avg_accel_5m,10.0,,PODD,0.014529022788318868,0.24180774987752263,0.33014747420053103,GNRC,0.01376119699591768,0.0620914679602842,0.13006529863925853,SEDG,0.012125549798696879,-0.0176704072311874,0.22382491370044444
B_mom6m_top10_then_avg_accel_5m_top3,B_6m_momentum_filter_then_acceleration,2019-12,2019-12-02,"TSLA,LEU,KLAC",avg_accel_5m,0.029479883004077362,0.20589043943206473,0.6653416689687364,5.0,avg_accel,avg_accel_5m,10.0,,TSLA,0.043015661054519094,0.28485679293232424,1.3292620693396717,LEU,0.0263683624412086,0.19926197573866644,0.5332103879413339,KLAC,0.01905562551650439,0.13355254962520346,0.13355254962520346
B_mom6m_top10_then_avg_accel_5m_top3,B_6m_momentum_filter_then_acceleration,2020-01,2020-01-02,"LEU,TSLA,DXCM",avg_accel_5m,0.02595267333267727,0.29427184932276884,0.4645874047908711,5.0,avg_accel,avg_accel_5m,10.0,,LEU,0.029048643501958883,-0.010769257178673386,0.27846160301795364,TSLA,0.028730343137422728,0.8128573411078648,0.8128573411078648,DXCM,0.020079033358650203,0.08072746403911513,0.30244327024679474
B_mom6m_top10_then_avg_accel_5m_top3,B_6m_momentum_filter_then_acceleration,2020-02,2020-02-03,"TSLA,LEU,PLUG",avg_accel_5m,0.03760069080309375,0.12606872773147668,0.12606872773147668,5.0,avg_accel,avg_accel_5m,10.0,,TSLA,0.04244149746857383,-0.04664098299466646,-0.04664098299466646,LEU,0.04159252881555955,0.2923795709904131,0.2923795709904131,PLUG,0.028768046125147877,0.13246759519868334,0.13246759519868334
B_mom6m_top10_then_avg_accel_5m_top3,B_6m_momentum_filter_then_acceleration,2020-03,2020-03-02,"TSLA,LEU,PLUG",avg_accel_5m,0.04774689437082035,-0.3257039412602412,0.09762719014897987,5.0,avg_accel,avg_accel_5m,10.0,,TSLA,0.07106228035427667,-0.35241120487373445,0.20774045142001563,LEU,0.039004819557257694,-0.38387489446176903,0.10348972481964225,PLUG,0.03317358320092669,-0.2408257244452202,-0.018348605792718242
B_mom6m_top10_then_avg_accel_5m_top3,B_6m_momentum_filter_then_acceleration,2020-04,2020-04-01,"PCG,TSLA,ENPH",avg_accel_5m,0.04846991470264664,0.3711434949932781,0.9131491886966613,5.0,avg_accel,avg_accel_5m,10.0,,PCG,0.0732767187382613,0.20427551943047617,0.4097386959144069,TSLA,0.038575086108710174,0.45635015080435526,1.325006169890199,ENPH,0.03355793926096844,0.4528048147450028,1.0047027002853781
B_mom6m_top10_then_avg_accel_5m_top3,B_6m_momentum_filter_then_acceleration,2020-05,2020-05-01,"ENPH,TSLA,GEN",avg_accel_5m,0.01569780826775746,0.23373895122508248,0.5304840730236184,5.0,avg_accel,avg_accel_5m,10.0,,ENPH,0.018789831842157535,0.3798844001196713,0.4152600944386742,TSLA,0.016957972677913047,0.28058520999750747,1.1174357512021218,GEN,0.011345620283201793,0.04074724355806869,0.05875637343005935
B_mom6m_top10_then_avg_accel_5m_top3,B_6m_momentum_filter_then_acceleration,2020-06,2020-06-01,"EQT,ENPH,PCG",avg_accel_5m,0.04988274117672744,-0.17610623579005225,0.1021017467108452,5.0,avg_accel,avg_accel_5m,10.0,,EQT,0.059411132960955106,-0.11111100533560725,0.21911435281297642,ENPH,0.04859689919505453,-0.17794904285487645,0.3188672701405213,PCG,0.041640191374172686,-0.23925865917967304,-0.23167638282096215
B_mom6m_top10_then_avg_accel_5m_top3,B_6m_momentum_filter_then_acceleration,2020-07,2020-07-01,"ZS,EQT,ENPH",avg_accel_5m,0.048864642443014805,0.2693703396023824,0.5417045208929111,5.0,avg_accel,avg_accel_5m,10.0,,ZS,0.054613591564937246,0.18895165717137408,0.4291094750017428,EQT,0.05094713256088271,0.3715034837091924,0.3715034837091924,ENPH,0.04103320320322447,0.24765587792658073,0.8245006039677982
B_mom6m_top10_then_avg_accel_5m_top3,B_6m_momentum_filter_then_acceleration,2020-08,2020-08-03,"ZS,PLUG,CRWD",avg_accel_5m,0.030431018867641855,0.3296174685236645,0.3783802114243087,5.0,avg_accel,avg_accel_5m,10.0,,ZS,0.034639122345758465,0.20199123856871215,0.20199123856871215,PLUG,0.029617577232194832,0.5425764574038652,0.6888646861057979,CRWD,0.02703635702497227,0.2442847095984162,0.2442847095984162
B_mom6m_top10_then_avg_accel_5m_top3,B_6m_momentum_filter_then_acceleration,2020-09,2020-09-01,"EQT,CVNA,LEU",avg_accel_5m,0.06381773870776714,-0.0914988445652805,0.14387583344769092,5.0,avg_accel,avg_accel_5m,10.0,,EQT,0.0744821622536088,-0.1871796046512999,-0.00833330606309124,CVNA,0.06692168988441871,0.04802146264651741,0.10537440123029396,LEU,0.05004936398527386,-0.135338391691059,0.33458640517587
B_mom6m_top10_then_avg_accel_5m_top3,B_6m_momentum_filter_then_acceleration,2020-10,2020-10-01,"PLUG,CVNA,XYZ",avg_accel_5m,0.08137818751044629,-0.06555753835842819,0.5550607036695251,5.0,avg_accel,avg_accel_5m,10.0,,PLUG,0.09034962197740408,0.10500001907348633,1.2978570120675221,CVNA,0.08789541549719555,-0.22297354617133602,0.05472496568815122,XYZ,0.06588952505673923,-0.07869908797743486,0.31260013325290203
B_mom6m_top10_then_avg_accel_5m_top3,B_6m_momentum_filter_then_acceleration,2020-11,2020-11-02,"PLUG,CVNA,XYZ",avg_accel_5m,0.0524433111332794,0.4156314051296392,1.3284465623131643,5.0,avg_accel,avg_accel_5m,10.0,,PLUG,0.06871484499468423,0.5817710983177786,3.1273430751132247,CVNA,0.05740084691086776,0.35738617455194155,0.4282471526369682,XYZ,0.031214241494286202,0.30773694251919737,0.42974945918929963
B_mom6m_top10_then_avg_accel_5m_top3,B_6m_momentum_filter_then_acceleration,2020-12,2020-12-01,"FDX,GNRC,PLUG",avg_accel_5m,0.02798657680351177,0.08355994608251205,0.71586177063813,5.0,avg_accel,avg_accel_5m,10.0,,FDX,0.033340833968378024,-0.11816443401567445,-0.08716642954605502,GNRC,0.025453799152383272,0.05417328445535419,0.6254341989268422,PLUG,0.02516509728977402,0.3146709878078564,1.6093175425336028
B_mom6m_top10_then_avg_accel_5m_top3,B_6m_momentum_filter_then_acceleration,2021-01,2021-01-04,"MSTR,TPR,IVZ",avg_accel_5m,0.05507740715601248,0.24285171967925237,0.5461594395536823,5.0,avg_accel,avg_accel_5m,10.0,,MSTR,0.06981623691296998,0.4923099157639259,0.8400828859214236,TPR,0.05883102249247189,-0.026291507771165068,0.2687255947927061,IVZ,0.03658496206259561,0.2625367510449963,0.5296698379469174
B_mom6m_top10_then_avg_accel_5m_top3,B_6m_momentum_filter_then_acceleration,2021-02,2021-02-01,"MSTR,TPR,UUUU",avg_accel_5m,0.04065164772124054,0.25049435698650635,0.3967724139730966,5.0,avg_accel,avg_accel_5m,10.0,,MSTR,0.0642442435509134,0.23304339566722643,0.23304339566722643,TPR,0.03348247009230779,0.3029829819893757,0.5240185973302234,UUUU,0.024228229520500424,0.21545669330291695,0.43325524892184
B_mom6m_top10_then_avg_accel_5m_top3,B_6m_momentum_filter_then_acceleration,2021-03,2021-03-01,"MSTR,UUUU,TPR",avg_accel_5m,0.061313645314587606,0.01335914456694128,0.15075164157202417,5.0,avg_accel,avg_accel_5m,10.0,,MSTR,0.08269644423984503,-0.10081284387317058,-0.10081284387317058,UUUU,0.05978639831995166,0.1522157905863526,0.3834296241191031,TPR,0.04145809338396613,-0.01132551301235818,0.16963814447014003
B_mom6m_top10_then_avg_accel_5m_top3,B_6m_momentum_filter_then_acceleration,2021-04,2021-04-01,"MSTR,UUUU,OXY",avg_accel_5m,0.08128420903279275,-0.039481036135331014,0.10877379101852058,5.0,avg_accel,avg_accel_5m,10.0,,MSTR,0.08839467605001229,-0.09656606773890541,-0.07490482776389873,UUUU,0.0797697571127285,0.023411348835963075,0.2006688637855656,OXY,0.07568819393563744,-0.0452883895030507,0.2005573370338949
B_mom6m_top10_then_avg_accel_5m_top3,B_6m_momentum_filter_then_acceleration,2021-05,2021-05-03,"UUUU,TPL,OXY",avg_accel_5m,0.06649051993920253,0.06471790919050431,0.1456639701894388,5.0,avg_accel,avg_accel_5m,10.0,,UUUU,0.0729737332080415,0.17320260826813838,0.17320260826813838,TPL,0.06643184170269703,-0.0681842722739282,0.006281460315332721,OXY,0.06006598490686909,0.08913539157730277,0.25750784198484533
B_mom6m_top10_then_avg_accel_5m_top3,B_6m_momentum_filter_then_acceleration,2021-06,2021-06-01,"TPL,FANG,UUUU",avg_accel_5m,0.024538869799097557,0.028350080568336693,0.028350080568336693,5.0,avg_accel,avg_accel_5m,10.0,,TPL,0.0349004143480009,0.07991465519795526,0.07991465519795526,FANG,0.023192378828801544,0.1499823813145238,0.1499823813145238,UUUU,0.01552381622049024,-0.14484679480746898,-0.14484679480746898
B_mom6m_top10_then_avg_accel_5m_top3,B_6m_momentum_filter_then_acceleration,2021-07,2021-07-01,"NUE,EOG,TPL",avg_accel_5m,0.02362456966392426,-0.060222822243494324,0.037183541492909845,5.0,avg_accel,avg_accel_5m,10.0,,NUE,0.03892810177133735,0.05618248573778817,0.20289729562105285,EOG,0.01839880786721588,-0.15207180070020376,-0.006567519374255926,TPL,0.013546799353219556,-0.08477915176806738,-0.08477915176806738
B_mom6m_top10_then_avg_accel_5m_top3,B_6m_momentum_filter_then_acceleration,2021-08,2021-08-02,"NUE,GNRC,EOG",avg_accel_5m,0.003605510250696916,0.05408066800893133,0.23811382568070694,5.0,avg_accel,avg_accel_5m,10.0,,NUE,0.022046016852324282,0.13891047415047608,0.13891047415047608,GNRC,-0.003917578803592357,0.09677497863769524,0.26449996948242194,EOG,-0.007311907296641176,-0.07344344876137732,0.3109310334092228
B_mom6m_top10_then_avg_accel_5m_top3,B_6m_momentum_filter_then_acceleration,2021-09,2021-09-01,"BX,NUE,FTNT",avg_accel_5m,0.0016562994320502115,-0.09433165290103022,0.027269000755094308,5.0,avg_accel,avg_accel_5m,10.0,,BX,0.005531702479386915,-0.09229911658136758,0.087947583832513,NUE,0.0010873936925646366,-0.15675410124363143,-0.05684240572634447,FTNT,-0.001650197875800917,-0.03394174087809165,0.050701824159114395
B_mom6m_top10_then_avg_accel_5m_top3,B_6m_momentum_filter_then_acceleration,2021-10,2021-10-01,"NVDA,WST,MSCI",avg_accel_5m,0.016372499336625487,0.11261690248439223,0.21818817947936706,5.0,avg_accel,avg_accel_5m,10.0,,NVDA,0.020994842974732995,0.24515481204899836,0.5157095426160287,WST,0.014218671009631763,0.01670103901853981,0.06286013943643387,MSCI,0.013903984025511707,0.07599485638563852,0.07599485638563852
B_mom6m_top10_then_avg_accel_5m_top3,B_6m_momentum_filter_then_acceleration,2021-11,2021-11-01,"MDB,DDOG,LEU",avg_accel_5m,0.03074479306301196,-0.06619369730664885,-0.04567605052451795,5.0,avg_accel,avg_accel_5m,10.0,,MDB,0.034571396776071586,-0.08304729419314671,-0.021494353846754022,DDOG,0.030008040352780548,-0.004055679063694084,-0.004055679063694084,LEU,0.02765494206018373,-0.11147811866310575,-0.11147811866310575
B_mom6m_top10_then_avg_accel_5m_top3,B_6m_momentum_filter_then_acceleration,2021-12,2021-12-01,"LEU,PLUG,TSLA",avg_accel_5m,0.049153556732044835,-0.0467719045579873,-0.0467719045579873,5.0,avg_accel,avg_accel_5m,10.0,,LEU,0.04975995272647492,-0.020260226171844198,-0.020260226171844198,PLUG,0.049010222818606716,-0.21574498410421528,-0.21574498410421528,TSLA,0.04869049465105289,0.09568949660209758,0.09568949660209758
B_mom6m_top10_then_avg_accel_5m_top3,B_6m_momentum_filter_then_acceleration,2022-01,2022-01-03,"LEU,RKLB,TSLA",avg_accel_5m,0.03848600923266839,-0.20841003261346122,-0.16580777025106064,5.0,avg_accel,avg_accel_5m,10.0,,LEU,0.047365794866613485,-0.17928288611416876,-0.17928288611416876,RKLB,0.03799859637487365,-0.22213115414058426,-0.22213115414058426,TSLA,0.03009363645651805,-0.2238160575856306,-0.09600927049842889
B_mom6m_top10_then_avg_accel_5m_top3,B_6m_momentum_filter_then_acceleration,2022-02,2022-02-01,"LEU,BLDR,TSLA",avg_accel_5m,0.030553815135424548,-0.01160670723037116,0.06721925749625568,5.0,avg_accel,avg_accel_5m,10.0,,LEU,0.0378167486202483,-0.005085469591808889,-0.005085469591808889,BLDR,0.026973541719083966,0.04208280516191132,0.04208280516191132,TSLA,0.026871155066941377,-0.07181745726121591,0.1646604369186646
B_mom6m_top10_then_avg_accel_5m_top3,B_6m_momentum_filter_then_acceleration,2022-03,2022-03-01,"EOG,HAL,FANG",avg_accel_5m,0.021481137055453004,0.08677744168691441,0.2207151346283541,5.0,avg_accel,avg_accel_5m,10.0,,EOG,0.023561553940335784,0.042609740494437,0.21977965063257177,HAL,0.022069915262970426,0.20149495727443223,0.29306971259349157,FANG,0.01881194196305281,0.01622762729187399,0.14929604065899893
B_mom6m_top10_then_avg_accel_5m_top3,B_6m_momentum_filter_then_acceleration,2022-04,2022-04-01,"HAL,MOS,EOG",avg_accel_5m,0.013167722841738437,-0.04942930774902247,0.06444106845421134,5.0,avg_accel,avg_accel_5m,10.0,,HAL,0.016049932856247492,-0.06791110136528389,0.07621734470429642,MOS,0.011960982963432593,-0.05282340746274816,-0.05282340746274816,EOG,0.011492252705535227,-0.02755341441903536,0.16992926812108577
B_mom6m_top10_then_avg_accel_5m_top3,B_6m_momentum_filter_then_acceleration,2022-05,2022-05-02,"EQT,OXY,HAL",avg_accel_5m,0.03420606702145553,0.20973637382304458,0.20973637382304458,5.0,avg_accel,avg_accel_5m,10.0,,EQT,0.04142204828131918,0.2666893858823096,0.2666893858823096,OXY,0.032832674034954906,0.20789022945206215,0.20789022945206215,HAL,0.028363478748092502,0.154629506134762,0.154629506134762
B_mom6m_top10_then_avg_accel_5m_top3,B_6m_momentum_filter_then_acceleration,2022-06,2022-06-01,"EQT,OXY,VLO",avg_accel_5m,0.0264277628742474,-0.21243758426919293,-0.083871528817749,5.0,avg_accel,avg_accel_5m,10.0,,EQT,0.0317919572673592,-0.3118472504767288,-0.06676933087658621,OXY,0.026993865749385233,-0.1401015861667264,-0.026852132967281173,VLO,0.02049746560599777,-0.18536391616412362,-0.1579931226093796
B_mom6m_top10_then_avg_accel_5m_top3,B_6m_momentum_filter_then_acceleration,2022-07,2022-07-01,"EQT,OXY,EXE",avg_accel_5m,0.02416215557714255,0.13485688310241897,0.2369301124492469,5.0,avg_accel,avg_accel_5m,10.0,,EQT,0.03928278130526118,0.23460724174779646,0.3561388365736011,OXY,0.019101671667104185,0.07925206623820924,0.13170096766965678,EXE,0.014102013759062292,0.09071134132125125,0.22295053310448276
B_mom6m_top10_then_avg_accel_5m_top3,B_6m_momentum_filter_then_acceleration,2022-08,2022-08-01,"EQT,VLO,OXY",avg_accel_5m,0.010714698617356544,0.051897610505422964,0.13908491313980886,5.0,avg_accel,avg_accel_5m,10.0,,EQT,0.022385858230170662,0.09843745501910073,0.09843745501910073,VLO,0.008328405667449478,0.008657923620139174,0.18515490143341884,OXY,0.0014298319544494911,0.04859745287702899,0.13366238296690702
B_mom6m_top10_then_avg_accel_5m_top3,B_6m_momentum_filter_then_acceleration,2022-09,2022-09-01,"FSLR,ENPH,SMCI",avg_accel_5m,0.029571081520960177,-0.00429610480714208,0.2874175909973819,5.0,avg_accel,avg_accel_5m,10.0,,FSLR,0.03497472664317226,0.06867959191809336,0.3183666936337284,ENPH,0.0336257080001885,0.016852338915988252,0.11402829886743038,SMCI,0.02011280991951976,-0.09842024525550785,0.4298577804909869
B_mom6m_top10_then_avg_accel_5m_top3,B_6m_momentum_filter_then_acceleration,2022-10,2022-10-03,"FSLR,ENPH,SMCI",avg_accel_5m,0.0352284806192607,0.13050958351235686,0.3050510966559539,5.0,avg_accel,avg_accel_5m,10.0,,FSLR,0.041798262511882046,0.08746898429311889,0.23364075032769205,ENPH,0.032019497029398616,0.04490431699013886,0.09556545845686526,SMCI,0.03186768231650142,0.25915544925381284,0.5859470811833045
B_mom6m_top10_then_avg_accel_5m_top3,B_6m_momentum_filter_then_acceleration,2022-11,2022-11-01,"LEU,FSLR,ENPH",avg_accel_5m,0.04399408486197576,-0.00678214845551095,0.05399433908168653,5.0,avg_accel,avg_accel_5m,10.0,,LEU,0.05840802664409975,-0.20324509877777397,-0.0990606185852474,FSLR,0.04686026213358242,0.13441465287360677,0.21255963529267263,ENPH,0.026713965808245105,0.04848400053763435,0.04848400053763435
B_mom6m_top10_then_avg_accel_5m_top3,B_6m_momentum_filter_then_acceleration,2022-12,2022-12-01,"NFLX,LEU,FSLR",avg_accel_5m,0.05593881795727402,-0.10257931034402927,0.16070900585884051,5.0,avg_accel,avg_accel_5m,10.0,,NFLX,0.05998105186158241,-0.06941154367482383,0.14210448527523223,LEU,0.05894325797679187,-0.104233639374545,0.17899250696141378,FSLR,0.04889214403344778,-0.13409274798271897,0.16103002533987554
B_mom6m_top10_then_avg_accel_5m_top3,B_6m_momentum_filter_then_acceleration,2023-01,2023-01-03,"AXON,NFLX,FSLR",avg_accel_5m,0.04317634298249973,0.21363744743110025,0.33582486884687096,5.0,avg_accel,avg_accel_5m,10.0,,AXON,0.04833035497444918,0.17920823176452783,0.3515810268972428,NFLX,0.0479986612539605,0.22729277105512047,0.22729277105512047,FSLR,0.03320001271908948,0.23441133947365245,0.42860080858824956
B_mom6m_top10_then_avg_accel_5m_top3,B_6m_momentum_filter_then_acceleration,2023-02,2023-02-01,"RCL,DXCM,AXON",avg_accel_5m,0.039250869903738585,0.06848927002752259,0.10289241490456484,5.0,avg_accel,avg_accel_5m,10.0,,RCL,0.04889226400179239,0.06288114138381684,0.06288114138381684,DXCM,0.03751509507282762,0.028316805103357545,0.09961938026309403,AXON,0.03134525063659575,0.11426986359539337,0.14617672306678364
B_mom6m_top10_then_avg_accel_5m_top3,B_6m_momentum_filter_then_acceleration,2023-03,2023-03-01,"RCL,SHOP,CVNA",avg_accel_5m,0.05487870591546165,0.043425875125116496,0.4607440463905798,5.0,avg_accel,avg_accel_5m,10.0,,RCL,0.061690251639713,-0.10139862249942477,0.1640557956749542,SHOP,0.052314687167885246,0.1890274842765025,0.4448878012826136,CVNA,0.050631178938786714,0.042648763598271744,0.7732885422141715
B_mom6m_top10_then_avg_accel_5m_top3,B_6m_momentum_filter_then_acceleration,2023-04,2023-04-03,"NVDA,RCL,FCX",avg_accel_5m,0.0365193181395467,-0.002341472877255909,0.37199000436757085,5.0,avg_accel,avg_accel_5m,10.0,,NVDA,0.04656590464617745,0.03379233011518212,0.5168024643491358,RCL,0.03521158618401868,0.04249007067595589,0.6062253598483254,FCX,0.027780463588443972,-0.08330681942290574,-0.007057811094748678
B_mom6m_top10_then_avg_accel_5m_top3,B_6m_momentum_filter_then_acceleration,2023-05,2023-05-01,"META,NVDA,GE",avg_accel_5m,0.030501382353146228,0.1770543629388024,0.35190464910055047,5.0,avg_accel,avg_accel_5m,10.0,,META,0.05330242966720621,0.12102149666777628,0.32704190049707216,NVDA,0.03042639186424051,0.3756485795575497,0.608848580721099,GE,0.007775325527991959,0.034493012591081174,0.11982346608348027
B_mom6m_top10_then_avg_accel_5m_top3,B_6m_momentum_filter_then_acceleration,2023-06,2023-06-01,"MSTR,META,NVDA",avg_accel_5m,0.04962385471424713,0.12515900570646007,0.2846223113402542,5.0,avg_accel,avg_accel_5m,10.0,,MSTR,0.06301998703042258,0.2597186454047171,0.45022343972151235,META,0.045295494006377425,0.049191191267607515,0.18377917322878212,NVDA,0.0405560831059414,0.06656718044705556,0.21986432107046805
B_mom6m_top10_then_avg_accel_5m_top3,B_6m_momentum_filter_then_acceleration,2023-07,2023-07-03,"CVNA,APP,SMCI",avg_accel_5m,0.08180382556081367,0.49021338845350787,0.6639285891511832,5.0,avg_accel,avg_accel_5m,10.0,,CVNA,0.11286902596102123,0.9034883411463168,0.9709303056267522,APP,0.07415066448030849,0.212577168698437,0.6662808063110277,SMCI,0.05839178624111131,0.35457465551576983,0.35457465551576983
B_mom6m_top10_then_avg_accel_5m_top3,B_6m_momentum_filter_then_acceleration,2023-08,2023-08-01,"APP,CVNA,SMCI",avg_accel_5m,0.04954522486754883,0.08182549289505603,0.08844160130044232,5.0,avg_accel,avg_accel_5m,10.0,,APP,0.05477386283754652,0.3741647536540622,0.3741647536540622,CVNA,0.04795770032625182,0.03543072107277556,0.03543072107277556,SMCI,0.04590411143884814,-0.16411899604166968,-0.14427067082551082
B_mom6m_top10_then_avg_accel_5m_top3,B_6m_momentum_filter_then_acceleration,2023-09,2023-09-01,"CVNA,PLTR,SMCI",avg_accel_5m,0.070541615506148,-0.05275441773036219,0.043644358182396724,5.0,avg_accel,avg_accel_5m,10.0,,CVNA,0.0937468164229202,-0.2281219424048233,-0.2281219424048233,PLTR,0.06050017998810866,0.04611329349094051,0.33530962122921726,SMCI,0.05737785010741513,0.023745395722796214,0.023745395722796214
B_mom6m_top10_then_avg_accel_5m_top3,B_6m_momentum_filter_then_acceleration,2023-10,2023-10-02,"CVNA,SMCI,APP",avg_accel_5m,0.0630183928198584,-0.1884785526600331,0.06110501328310743,5.0,avg_accel,avg_accel_5m,10.0,,CVNA,0.08269114798020014,-0.33783439269138016,0.2450955779093309,SMCI,0.06026923935055158,-0.12667037448307417,-0.011805013053182156,APP,0.046094791128823476,-0.10093089080564499,-0.04997552500682645
B_mom6m_top10_then_avg_accel_5m_top3,B_6m_momentum_filter_then_acceleration,2023-11,2023-11-01,"LEU,DELL,ZS",avg_accel_5m,0.02535017524490943,0.0835970989420181,0.26184446847463266,5.0,avg_accel,avg_accel_5m,10.0,,LEU,0.0402457981110696,-0.06083796206861247,0.01109619306060794,DELL,0.01834293272744082,0.04747345618102772,0.25474358431306654,ZS,0.017461794896217863,0.26415580271363903,0.5196936280502236
B_mom6m_top10_then_avg_accel_5m_top3,B_6m_momentum_filter_then_acceleration,2023-12,2023-12-01,"LEU,DELL,JBL",avg_accel_5m,0.017407860767151437,0.07080392479826554,0.35869225882450856,5.0,avg_accel,avg_accel_5m,10.0,,LEU,0.04340517889135666,0.07659397657050082,0.07659397657050082,DELL,0.008222555192871782,0.03976093652529533,0.7398388742321411,JBL,0.0005958482172258722,0.09605686129900048,0.2596439256708838
B_mom6m_top10_then_avg_accel_5m_top3,B_6m_momentum_filter_then_acceleration,2024-01,2024-01-02,"LEU,WSM,COIN",avg_accel_5m,0.019668824199481297,-0.07630133652831972,0.3796250080359089,5.0,avg_accel,avg_accel_5m,10.0,,LEU,0.028900261888986888,-0.02403021153705942,-0.02403021153705942,WSM,0.017646368627180012,-0.026839586770091017,0.555880804464568,COIN,0.012459842082276996,-0.17803421127780872,0.607024431180218
B_mom6m_top10_then_avg_accel_5m_top3,B_6m_momentum_filter_then_acceleration,2024-02,2024-02-01,"COIN,MSTR,KEY",avg_accel_5m,0.017029369011773595,0.5852037418958557,1.1050172359126638,5.0,avg_accel,avg_accel_5m,10.0,,COIN,0.019969414916989607,0.595734851820529,0.9550989265361769,MSTR,0.017359256554974428,1.1438588207412002,2.2508540033485804,KEY,0.013759435563356754,0.01601755312583797,0.10909877785323352
B_mom6m_top10_then_avg_accel_5m_top3,B_6m_momentum_filter_then_acceleration,2024-03,2024-03-01,"CRWD,MELI,KKR",avg_accel_5m,0.01311845609019432,-0.008427959224312978,0.03678496500362005,5.0,avg_accel,avg_accel_5m,10.0,,CRWD,0.013577152827169418,0.015861379966830347,0.015861379966830347,MELI,0.013029554079647055,-0.05196096656526117,0.04984654450375903,KKR,0.012748661363766484,0.010815708925491885,0.04464697054027078
B_mom6m_top10_then_avg_accel_5m_top3,B_6m_momentum_filter_then_acceleration,2024-04,2024-04-01,"SMCI,MSTR,COIN",avg_accel_5m,0.06280563450351725,-0.27552529554189714,-0.09893656541455238,5.0,avg_accel,avg_accel_5m,10.0,,SMCI,0.07152707087472333,-0.2881453556578677,-0.2167766945326116,MSTR,0.06287225893822865,-0.37175723688693996,-0.0057003475212275,COIN,0.05401757369759976,-0.16667329408088383,-0.07433265418981805
B_mom6m_top10_then_avg_accel_5m_top3,B_6m_momentum_filter_then_acceleration,2024-05,2024-05-01,"SMCI,MSTR,COHR",avg_accel_5m,0.07048132153333035,0.305476395323477,0.34051132149916125,5.0,avg_accel,avg_accel_5m,10.0,,SMCI,0.0856252870828915,0.04373555731780132,0.10025735126194513,MSTR,0.07509196084648617,0.582667896645291,0.582667896645291,COHR,0.0507267166706134,0.2900257320073387,0.3386087165902476
B_mom6m_top10_then_avg_accel_5m_top3,B_6m_momentum_filter_then_acceleration,2024-06,2024-06-03,"SMCI,CVNA,MSTR",avg_accel_5m,0.05740450238486829,0.0500246148980675,0.1545728481756988,5.0,avg_accel,avg_accel_5m,10.0,,SMCI,0.08257234269289417,0.054153366288865135,0.054153366288865135,CVNA,0.052333654286249795,0.25656836445624176,0.48059827837499136,MSTR,0.037307510175460926,-0.1606478860509044,-0.07103310013676012
B_mom6m_top10_then_avg_accel_5m_top3,B_6m_momentum_filter_then_acceleration,2024-07,2024-07-01,"MSTR,CVNA,APP",avg_accel_5m,0.04980196472302257,0.056780051269055866,0.38169794940971924,5.0,avg_accel,avg_accel_5m,10.0,,MSTR,0.055179468620125106,0.10676661728117032,0.19102178156195126,CVNA,0.047988966363368815,0.17828708748026978,0.4137514539985796,APP,0.04623745918557378,-0.11471355095427249,0.5403206126686269
B_mom6m_top10_then_avg_accel_5m_top3,B_6m_momentum_filter_then_acceleration,2024-08,2024-08-01,"APP,VST,CVNA",avg_accel_5m,0.012108669231405666,0.052020981082513074,0.7855811599907508,5.0,avg_accel,avg_accel_5m,10.0,,APP,0.01596380873372146,0.1736582973962315,1.1777867459660425,VST,0.01199546533282178,-0.003945288826038951,0.6154841515562124,CVNA,0.008366733627673754,-0.013650065322653337,0.5634725824499975
B_mom6m_top10_then_avg_accel_5m_top3,B_6m_momentum_filter_then_acceleration,2024-09,2024-09-03,"TPL,HWM,VST",avg_accel_5m,0.002007282305802717,0.2762152027580569,0.7161192609818277,5.0,avg_accel,avg_accel_5m,10.0,,TPL,0.028060810183947932,0.12183472688725305,0.8426728103280665,HWM,-0.0008756593192823028,0.08492793315791447,0.266122516967916,VST,-0.02116330394725748,0.6218829482290031,1.0395624556495004
B_mom6m_top10_then_avg_accel_5m_top3,B_6m_momentum_filter_then_acceleration,2024-10,2024-10-01,"VTR,TPL,NEM",avg_accel_5m,0.02066782823964319,0.041051068895485786,0.16107639507452745,5.0,avg_accel,avg_accel_5m,10.0,,VTR,0.02215174793664301,0.004695561741594023,0.004695561741594023,TPL,0.021493226122982816,0.2824768558192492,0.6425528343563742,NEM,0.018358510659303752,-0.16401921087438587,-0.16401921087438587
B_mom6m_top10_then_avg_accel_5m_top3,B_6m_momentum_filter_then_acceleration,2024-11,2024-11-01,"RKLB,LEU,TPL",avg_accel_5m,0.03618626680221551,0.3829531298761455,0.5062747424241613,5.0,avg_accel,avg_accel_5m,10.0,,RKLB,0.05785825380821834,1.1151489076420713,1.4851137452861187,LEU,0.029508288678464323,-0.24705558166872332,-0.24705558166872332,TPL,0.021192257919963868,0.2807660636550884,0.2807660636550884
B_mom6m_top10_then_avg_accel_5m_top3,B_6m_momentum_filter_then_acceleration,2024-12,2024-12-02,"LEU,RKLB,TPL",avg_accel_5m,0.04501418190071587,-0.09407832123755244,0.032840230287343876,5.0,avg_accel,avg_accel_5m,10.0,,LEU,0.07073356750698855,-0.10209770879488689,0.018552185723901493,RKLB,0.04891614410424141,0.03332636617444629,0.17491195835307738,TPL,0.01539283409091765,-0.21346362109221673,-0.09494345321494724
B_mom6m_top10_then_avg_accel_5m_top3,B_6m_momentum_filter_then_acceleration,2025-01,2025-01-02,"RKLB,APP,LEU",avg_accel_5m,0.08084766811011296,0.10394979350745359,0.11353789688641491,5.0,avg_accel,avg_accel_5m,10.0,,RKLB,0.10409075668493839,0.13701923885171485,0.13701923885171485,APP,0.08299394684625509,0.06922582873957994,0.06922582873957994,LEU,0.05545830079914536,0.10560431293106598,0.13436862306794994
B_mom6m_top10_then_avg_accel_5m_top3,B_6m_momentum_filter_then_acceleration,2025-02,2025-02-03,"ALAB,APP,RKLB",avg_accel_5m,0.0893217396185592,-0.24320690304702686,-0.19733625052831405,5.0,avg_accel,avg_accel_5m,10.0,,ALAB,0.09724185921712522,-0.3102323847261268,-0.2945373085702001,APP,0.08574662457340619,-0.07689362389390075,-0.07689362389390075,RKLB,0.08497673506514619,-0.342494700521053,-0.2205778191208413
B_mom6m_top10_then_avg_accel_5m_top3,B_6m_momentum_filter_then_acceleration,2025-03,2025-03-03,"ALAB,APP,RKLB",avg_accel_5m,0.06058539726303702,-0.09102695504278376,0.3299499452692562,5.0,avg_accel,avg_accel_5m,10.0,,ALAB,0.07315549417068908,-0.0837766246760635,0.372931408835105,APP,0.05683544943259694,-0.16197303825227471,0.19140928447613836,RKLB,0.05176524818582507,-0.02733120220001306,0.42550914249652516
B_mom6m_top10_then_avg_accel_5m_top3,B_6m_momentum_filter_then_acceleration,2025-04,2025-04-01,"TPR,APP,ALAB",avg_accel_5m,0.02287273314727001,0.023996779025523107,0.37273366383068635,5.0,avg_accel,avg_accel_5m,10.0,,TPR,0.029355738899245462,-0.03292641162481735,0.19804927615373047,APP,0.02557572963358115,-0.011354870300838371,0.4216837152726276,ALAB,0.013686730908983426,0.11627161900222505,0.4984680000657009
B_mom6m_top10_then_avg_accel_5m_top3,B_6m_momentum_filter_then_acceleration,2025-05,2025-05-01,"EQT,TPR,PLTR",avg_accel_5m,-0.00028327400627082416,0.12641203139779966,0.32363659162528235,5.0,avg_accel,avg_accel_5m,10.0,,EQT,0.011167615310078056,0.1284350598780577,0.1284350598780577,TPR,0.001223369502646638,0.11448436689799135,0.5148498585085428,PLTR,-0.013240806831537166,0.13631666741734993,0.32762485648924655
B_mom6m_top10_then_avg_accel_5m_top3,B_6m_momentum_filter_then_acceleration,2025-06,2025-06-02,"SMCI,HWM,NFLX",avg_accel_5m,0.004561353349438289,0.075841309623921,0.16773939905700655,5.0,avg_accel,avg_accel_5m,10.0,,SMCI,0.015633798121687942,0.14563106526437664,0.3747572412813567,HWM,0.0036245729611172686,0.020677767172825545,0.0672458594551022,NFLX,-0.005574311034490343,0.0612150964345608,0.0612150964345608
B_mom6m_top10_then_avg_accel_5m_top3,B_6m_momentum_filter_then_acceleration,2025-07,2025-07-01,"MOS,ZS,PM",avg_accel_5m,0.021703374454801416,-0.06992843302390699,-0.03527832622680027,5.0,avg_accel,avg_accel_5m,10.0,,MOS,0.02310246432162464,-0.03969557774218724,-0.03969557774218724,ZS,0.02292336285153702,-0.08801906047727459,-0.009078512555085405,PM,0.019084296191242592,-0.08207066085225911,-0.05706088838312817
B_mom6m_top10_then_avg_accel_5m_top3,B_6m_momentum_filter_then_acceleration,2025-08,2025-08-01,"SEDG,MOS,SMCI",avg_accel_5m,0.03289482300914757,-0.03485670315973788,0.13352599437284454,5.0,avg_accel,avg_accel_5m,10.0,,SEDG,0.05193394669354337,0.23405094435035845,0.5115459915891523,MOS,0.024437638054880542,-0.05860691574237886,-0.03593269692757628,SMCI,0.022312884279018782,-0.2800141380871932,-0.07503531154304233
B_mom6m_top10_then_avg_accel_5m_top3,B_6m_momentum_filter_then_acceleration,2025-09,2025-09-02,"LEU,UUUU,FIX",avg_accel_5m,0.06463700012263987,0.40038601408134117,0.5495274572671358,5.0,avg_accel,avg_accel_5m,10.0,,LEU,0.0827119233181378,0.62396383512066,0.6822305716863362,UUUU,0.06592559963010289,0.38292258036406346,0.5669013886455498,FIX,0.04527347741967894,0.1942716267593001,0.3994504114695214
B_mom6m_top10_then_avg_accel_5m_top3,B_6m_momentum_filter_then_acceleration,2025-10,2025-10-01,"ECHO,UUUU,LEU",avg_accel_5m,0.0806357319296959,0.03898863722878151,0.19332824963378678,5.0,avg_accel,avg_accel_5m,10.0,,ECHO,0.08341533919292006,-0.051949650986389595,0.4110691862286262,UUUU,0.08259566854813623,0.1330362313073612,0.1330362313073612,LEU,0.07589618804803144,0.03587933136537291,0.03587933136537291
B_mom6m_top10_then_avg_accel_5m_top3,B_6m_momentum_filter_then_acceleration,2025-11,2025-11-03,"PLUG,ECHO,UUUU",avg_accel_5m,0.10399692930635519,-0.18093788324885207,0.17920581977482974,5.0,avg_accel,avg_accel_5m,10.0,,PLUG,0.13111847055894862,-0.3018181974237615,-0.18909090215509583,ECHO,0.10423781133333812,-0.031444907260395616,0.5463712193780337,UUUU,0.07663450602677883,-0.20955054506239912,0.18033714210155138
B_mom6m_top10_then_avg_accel_5m_top3,B_6m_momentum_filter_then_acceleration,2025-12,2025-12-01,"ECHO,PLUG,UUUU",avg_accel_5m,0.08182256300543632,0.29455727189229347,0.4827309013246701,5.0,avg_accel,avg_accel_5m,10.0,,ECHO,0.09476790927121098,0.5367123329476133,0.6257534288380244,PLUG,0.08375006102415028,0.16145836922805823,0.16145836922805823,UUUU,0.06694971872094768,0.1855011135012088,0.6609809059079277
B_mom6m_top10_then_avg_accel_5m_top3,B_6m_momentum_filter_then_acceleration,2026-01,2026-01-02,"ECHO,CIEN,INTC",avg_accel_5m,0.053183015246293465,0.12319117712946041,0.3342283824523937,5.0,avg_accel,avg_accel_5m,10.0,,ECHO,0.07423589854136323,0.03895527486801398,0.07505792606560391,CIEN,0.04386740538780119,0.09115659960307076,0.6881655643742808,INTC,0.041445741809716,0.23946165691729648,0.23946165691729648
B_mom6m_top10_then_avg_accel_5m_top3,B_6m_momentum_filter_then_acceleration,2026-02,2026-02-02,"MU,CIEN,ECHO",avg_accel_5m,0.03580595532364051,0.09278471715065077,0.4298664050850147,5.0,avg_accel,avg_accel_5m,10.0,,MU,0.046234700287010336,-0.05740056734379806,0.23900825436550543,CIEN,0.038181843460262765,0.3174793245645542,0.9937055290592733,ECHO,0.023001322223648438,0.018275394231196174,0.0568854318302654
B_mom6m_top10_then_avg_accel_5m_top3,B_6m_momentum_filter_then_acceleration,2026-03,2026-03-02,"MU,COHR,CIEN",avg_accel_5m,0.02174824785822606,-0.03496984194830477,0.778232193339806,5.0,avg_accel,avg_accel_5m,10.0,,MU,0.026114961933268115,-0.10823535017034125,1.510322902206923,COHR,0.022208506047442553,-0.17098792273318086,0.21407778077146555,CIEN,0.016921275593967527,0.1743137470586078,0.6102958970410295
B_mom6m_top10_then_avg_accel_6m_top3,B_6m_momentum_filter_then_acceleration,2016-01,2016-01-04,"LDOS,GOOG,NVDA",avg_accel_6m,0.013222106092622435,-0.07914530539596176,0.030165108971776305,6.0,avg_accel,avg_accel_6m,10.0,,LDOS,0.013604841106198548,-0.1562905152519075,-0.044043623063586224,GOOG,0.013266146831865125,0.013695436597483512,0.013695436597483512,NVDA,0.012795330339803634,-0.09484083753346129,0.12084351338143162
B_mom6m_top10_then_avg_accel_6m_top3,B_6m_momentum_filter_then_acceleration,2016-02,2016-02-01,"NVDA,FSLR,TAP",avg_accel_6m,0.013774419322580478,0.020600664357680192,0.09884817420086944,6.0,avg_accel,avg_accel_6m,10.0,,NVDA,0.014692834947423938,0.12181975252068455,0.23828334270754992,FSLR,0.013923337325667773,-0.0015912138683923382,-0.0015912138683923382,TAP,0.01270708569464972,-0.05842654557925164,0.05985239376345075
B_mom6m_top10_then_avg_accel_6m_top3,B_6m_momentum_filter_then_acceleration,2016-03,2016-03-01,"FSLR,NEM,KLAC",avg_accel_6m,0.02189936907552246,0.028707637307420358,0.1331985805766005,6.0,avg_accel,avg_accel_6m,10.0,,FSLR,0.025560643280628015,-0.022312277036129258,-0.022312277036129258,NEM,0.020355909378053684,0.04943309427942655,0.3537770911496019,KLAC,0.019781554567885683,0.05900209467896378,0.06813092761632888
B_mom6m_top10_then_avg_accel_6m_top3,B_6m_momentum_filter_then_acceleration,2016-04,2016-04-01,"TRMB,FSLR,NEM",avg_accel_6m,0.026004997014711383,0.019376945129282636,0.11668810353806436,6.0,avg_accel,avg_accel_6m,10.0,,TRMB,0.026901923073813137,-0.044710537564718544,0.020758501940165708,FSLR,0.025861493781333157,-0.18716663092036978,-0.18716663092036978,NEM,0.025251574188987845,0.29000800387293624,0.5164724395943971
B_mom6m_top10_then_avg_accel_6m_top3,B_6m_momentum_filter_then_acceleration,2016-05,2016-05-02,"LEU,NEM,AMD",avg_accel_6m,0.03976495594912632,0.03013594845344632,0.38204787744727176,6.0,avg_accel,avg_accel_6m,10.0,,LEU,0.0735109369947911,-0.04516124864274451,0.08387096724574694,NEM,0.026177777600754893,-0.0489228356874053,0.286871635803541,AMD,0.019606153251832972,0.18449192969048878,0.7754010292925273
B_mom6m_top10_then_avg_accel_6m_top3,B_6m_momentum_filter_then_acceleration,2016-06,2016-06-01,"LEU,FCX,SEDG",avg_accel_6m,0.0490714738912584,0.04557019676286115,0.0968705989278132,6.0,avg_accel,avg_accel_6m,10.0,,LEU,0.07212072765833277,0.13513508506549265,0.18243241719384562,FCX,0.03801266774737465,0.07075484295812862,0.17735871732463182,SEDG,0.03708102626806775,-0.06917933773503782,-0.06917933773503782
B_mom6m_top10_then_avg_accel_6m_top3,B_6m_momentum_filter_then_acceleration,2016-07,2016-07-01,"LEU,FCX,TRGP",avg_accel_6m,0.058719173482291,-0.023595972716915603,0.14332733486790014,6.0,avg_accel,avg_accel_6m,10.0,,LEU,0.0862858704760702,-0.05654756688510587,0.1517857161863727,FCX,0.04608398255084697,0.09955955377422643,0.09955955377422643,TRGP,0.04378766741995581,-0.11379990503986737,0.17863673464310126
B_mom6m_top10_then_avg_accel_6m_top3,B_6m_momentum_filter_then_acceleration,2016-08,2016-08-01,"LEU,TRGP,FCX",avg_accel_6m,0.06850406772850694,0.03610646579018806,0.15754337058955503,6.0,avg_accel,avg_accel_6m,10.0,,LEU,0.09542311273586401,0.10410091979930125,0.24921133843524013,TRGP,0.05815899768613886,0.17489169346108557,0.3299894023325787,FCX,0.051930092763517954,-0.17067321588982265,-0.1065706289991537
B_mom6m_top10_then_avg_accel_6m_top3,B_6m_momentum_filter_then_acceleration,2016-09,2016-09-01,"LEU,TRGP,FCX",avg_accel_6m,0.05824381149283339,0.09019156475739543,0.4730222806009383,6.0,avg_accel,avg_accel_6m,10.0,,LEU,0.09182691800759286,0.10571425301688064,0.7457143238612585,TRGP,0.04393823448588615,0.1320102182479428,0.22117833776573237,FCX,0.038966281985021174,0.032850223007362844,0.4521741801758241
B_mom6m_top10_then_avg_accel_6m_top3,B_6m_momentum_filter_then_acceleration,2016-10,2016-10-03,"WMB,DVN,TRGP",avg_accel_6m,0.03927935867958036,-0.10024219712660065,0.1074459100667166,6.0,avg_accel,avg_accel_6m,10.0,,WMB,0.04765065243322023,-0.06725439707614445,0.033683456593670114,DVN,0.036470503465573595,-0.14728514549635952,0.08257915887950085,TRGP,0.03371692013994725,-0.086187048807298,0.20607511472697881
B_mom6m_top10_then_avg_accel_6m_top3,B_6m_momentum_filter_then_acceleration,2016-11,2016-11-01,"WMB,MU,TRGP",avg_accel_6m,0.03462819968689887,0.10653553594843139,0.31040615906194474,6.0,avg_accel,avg_accel_6m,10.0,,WMB,0.045195655887984174,0.05075258563827578,0.1082158450850983,MU,0.03198117652649542,0.0883392230218214,0.45759723744777636,TRGP,0.02670776664621701,0.18051479918519697,0.3654053946529596
B_mom6m_top10_then_avg_accel_6m_top3,B_6m_momentum_filter_then_acceleration,2016-12,2016-12-01,"WMB,MU,DHR",avg_accel_6m,0.02325236957359719,0.0998005969251683,0.1762418579207267,6.0,avg_accel,avg_accel_6m,10.0,,WMB,0.026737787089414565,0.05468771643508896,0.05468771643508896,MU,0.023004265277649295,0.22023804043493533,0.3392857728684022,DHR,0.0200150563537277,0.024476033905480588,0.13475208445868891
B_mom6m_top10_then_avg_accel_6m_top3,B_6m_momentum_filter_then_acceleration,2017-01,2017-01-03,"ZBRA,CFG,MS",avg_accel_6m,0.022136771052514877,-0.008107693365282312,0.08687462564013604,6.0,avg_accel,avg_accel_6m,10.0,,ZBRA,0.022483474592618236,-0.04220289147418477,0.06005797455276274,CFG,0.022417367654948107,0.02148250969387555,0.10826249901840468,MS,0.02150947090997829,-0.0036026983155377224,0.0923034033492407
B_mom6m_top10_then_avg_accel_6m_top3,B_6m_momentum_filter_then_acceleration,2017-02,2017-02-01,"ZBRA,CFG,RF",avg_accel_6m,0.0185964216780997,0.09442753406285405,0.11113253087139485,6.0,avg_accel,avg_accel_6m,10.0,,ZBRA,0.023189522329230054,0.09805106420863674,0.14816605463425914,CFG,0.018416444601138428,0.08495494391826264,0.08495494391826264,RF,0.01418329810393062,0.10027659406166278,0.10027659406166278
B_mom6m_top10_then_avg_accel_6m_top3,B_6m_momentum_filter_then_acceleration,2017-03,2017-03-01,"COHR,TPL,CSX",avg_accel_6m,0.01758335146258617,-0.049852932523688276,0.03710142929661416,6.0,avg_accel,avg_accel_6m,10.0,,COHR,0.021160834893442927,-0.046703315705380444,-0.046703315705380444,TPL,0.01696613851809648,-0.0498172608175137,0.04454069992128051,CSX,0.014623080976219106,-0.053038221048170686,0.11346690367394241
B_mom6m_top10_then_avg_accel_6m_top3,B_6m_momentum_filter_then_acceleration,2017-04,2017-04-03,"LEU,LUV,CSX",avg_accel_6m,0.02009167339368192,-0.00047534405896754173,0.059477512776486385,6.0,avg_accel,avg_accel_6m,10.0,,LEU,0.02547343239229834,-0.14922811268341052,-0.14922811268341052,LUV,0.020239841455037717,0.04222249514740706,0.15182976910925805,CSX,0.014561746333709704,0.10557958535910084,0.17583088190361162
B_mom6m_top10_then_avg_accel_6m_top3,B_6m_momentum_filter_then_acceleration,2017-05,2017-05-01,"NRG,URI,CSX",avg_accel_6m,0.018505637423742578,0.02631746973382391,0.20246017431306287,6.0,avg_accel,avg_accel_6m,10.0,,NRG,0.02902158591373934,0.005398888279310787,0.4733017494036986,URI,0.014051208290265646,0.01001101572865859,0.07053626834198767,CSX,0.012444118067222756,0.06354250519350235,0.06354250519350235
B_mom6m_top10_then_avg_accel_6m_top3,B_6m_momentum_filter_then_acceleration,2017-06,2017-06-01,"NRG,PLUG,TSLA",avg_accel_6m,0.028218096534556234,0.05420128659198853,0.2560701285441518,6.0,avg_accel,avg_accel_6m,10.0,,NRG,0.03009481257490565,0.02446315586943859,0.4821171630987029,PLUG,0.029836904276726823,0.10215050352144872,0.24193544355565155,TSLA,0.024722572752036237,0.035990200385078275,0.044157778978100914
B_mom6m_top10_then_avg_accel_6m_top3,B_6m_momentum_filter_then_acceleration,2017-07,2017-07-03,"PLUG,VRTX,TSLA",avg_accel_6m,0.02469621346042106,0.07594352106788493,0.2048579715252757,6.0,avg_accel,avg_accel_6m,10.0,,PLUG,0.030607930728320132,0.12682926659070604,0.34146344583705446,VRTX,0.022289593905366313,0.19472823873252687,0.26522663104418176,TSLA,0.02119111574757674,-0.0937269421195781,0.00788383769459089
B_mom6m_top10_then_avg_accel_6m_top3,B_6m_momentum_filter_then_acceleration,2017-08,2017-08-01,"PLUG,SEDG,VRTX",avg_accel_6m,0.029727898302689366,0.05528606912075092,0.22988611242713533,6.0,avg_accel,avg_accel_6m,10.0,,PLUG,0.04238456930535807,-0.051948003693320643,0.22077922211963008,SEDG,0.024052005416075547,0.15879832120570625,0.4098712253119088,VRTX,0.022747120186634474,0.05900788984986716,0.05900788984986716
B_mom6m_top10_then_avg_accel_6m_top3,B_6m_momentum_filter_then_acceleration,2017-09,2017-09-01,"PLUG,SEDG,VRTX",avg_accel_6m,0.03119491942866669,0.08627458950350486,0.17162041777644102,6.0,avg_accel,avg_accel_6m,10.0,,PLUG,0.0460457161887684,0.25570772974786626,0.2876711687496176,SEDG,0.026097041414525096,0.06481481481481488,0.288888860631872,VRTX,0.021442000682706575,-0.06169877605216656,-0.06169877605216656
B_mom6m_top10_then_avg_accel_6m_top3,B_6m_momentum_filter_then_acceleration,2017-10,2017-10-02,"PLUG,SEDG,FSLR",avg_accel_6m,0.02913065094576524,0.12688440568383563,0.2805754363053217,6.0,avg_accel,avg_accel_6m,10.0,,PLUG,0.03922097062592468,0.02545452117919922,0.02545452117919922,SEDG,0.024617194188847478,0.142608642578125,0.32347823433254086,FSLR,0.02355378802252357,0.21259005329418268,0.49279355340422515
B_mom6m_top10_then_avg_accel_6m_top3,B_6m_momentum_filter_then_acceleration,2017-11,2017-11-01,"FSLR,SEDG,PLUG",avg_accel_6m,0.01866018406470212,0.0011477454088203072,0.0931482532176758,6.0,avg_accel,avg_accel_6m,10.0,,FSLR,0.029432210596241976,0.05401153997617425,0.23107850781789585,SEDG,0.015362402042232128,0.05936075657585316,0.15829531216069803,PLUG,0.011185939555632246,-0.10992906032556649,-0.10992906032556649
B_mom6m_top10_then_avg_accel_6m_top3,B_6m_momentum_filter_then_acceleration,2017-12,2017-12-01,"IBKR,FSLR,CF",avg_accel_6m,0.014420042048055463,0.113592316809916,0.155258945996512,6.0,avg_accel,avg_accel_6m,10.0,,IBKR,0.016105303476862204,0.025137894946244854,0.15013778250603282,FSLR,0.013690128475650843,0.16799338633970184,0.16799338633970184,CF,0.013464694191653345,0.14764566914380128,0.14764566914380128
B_mom6m_top10_then_avg_accel_6m_top3,B_6m_momentum_filter_then_acceleration,2018-01,2018-01-02,"ENPH,IBKR,FSLR",avg_accel_6m,0.028010124998274696,-0.028113825333181002,0.2805945981052714,6.0,avg_accel,avg_accel_6m,10.0,,ENPH,0.060121121640590455,-0.16538455542727826,0.7346155362721787,IBKR,0.016073614809936142,0.12193470573667797,0.12193470573667797,FSLR,0.007835638544297484,-0.04089162630894272,-0.014766447693042473
B_mom6m_top10_then_avg_accel_6m_top3,B_6m_momentum_filter_then_acceleration,2018-02,2018-02-01,"ENPH,FCX,IBKR",avg_accel_6m,0.033030673273713104,0.15829617787465203,0.3805561278455387,6.0,avg_accel,avg_accel_6m,10.0,,ENPH,0.06398124725711427,0.5253455421220792,1.0783410462290313,FCX,0.022462467250998007,-0.046786617535819475,-0.046786617535819475,IBKR,0.012648305313027039,-0.0036703909623035935,0.11011395484340425
B_mom6m_top10_then_avg_accel_6m_top3,B_6m_momentum_filter_then_acceleration,2018-03,2018-03-01,"ENPH,GWW,URI",avg_accel_6m,0.03446424775352168,0.13535347230995973,0.308181779918278,6.0,avg_accel,avg_accel_6m,10.0,,ENPH,0.05610552139296811,0.3625378570534372,0.7462236585281175,GWW,0.029180564062571655,0.08185079283180996,0.21664991418208457,URI,0.018106657805025277,-0.038328232955368025,-0.038328232955368025
B_mom6m_top10_then_avg_accel_6m_top3,B_6m_momentum_filter_then_acceleration,2018-04,2018-04-02,"ENPH,GWW,AXON",avg_accel_6m,0.030621111404872392,-0.009733934839585512,0.4539170151375591,6.0,avg_accel,avg_accel_6m,10.0,,ENPH,0.04924616833652526,-0.09977832888355831,0.5831484488096834,GWW,0.022434194349263373,0.019158114971834284,0.12460047378384753,AXON,0.020182971528828548,0.05141840939296749,0.6540021228191464
B_mom6m_top10_then_avg_accel_6m_top3,B_6m_momentum_filter_then_acceleration,2018-05,2018-05-01,"ENPH,DXCM,AXON",avg_accel_6m,0.03229516452340447,0.41768745283179975,0.5827872039295762,6.0,avg_accel,avg_accel_6m,10.0,,ENPH,0.041319274539429476,0.42364539193842177,0.7586206815553396,DXCM,0.03245151472737625,0.2563019173596952,0.3414633842077457,AXON,0.02311470430340767,0.5731150491972823,0.6482775460256431
B_mom6m_top10_then_avg_accel_6m_top3,B_6m_momentum_filter_then_acceleration,2018-06,2018-06-01,"CMG,AXON,DXCM",avg_accel_6m,0.024397775295948703,0.021346566844101005,0.24764049041163125,6.0,avg_accel,avg_accel_6m,10.0,,CMG,0.03098276033550163,0.009575445114696546,0.08861885292951222,AXON,0.022164770084986983,-0.013323165481209154,0.07013773334788342,DXCM,0.020045795467357484,0.06778742089881562,0.5841648849574981
B_mom6m_top10_then_avg_accel_6m_top3,B_6m_momentum_filter_then_acceleration,2018-07,2018-07-02,"AXON,DXCM,CVNA",avg_accel_6m,0.02506388866833419,0.018970235570558214,0.38236057897942805,6.0,avg_accel,avg_accel_6m,10.0,,AXON,0.03730520734215876,0.06192763999488937,0.08458787711358084,DXCM,0.02165508160905275,-0.030573840529607987,0.4835957550651975,CVNA,0.016231377053791053,0.025556907246393257,0.5788981047595059
B_mom6m_top10_then_avg_accel_6m_top3,B_6m_momentum_filter_then_acceleration,2018-08,2018-08-01,"AXON,CVNA,DXCM",avg_accel_6m,0.029121819234642046,0.3637587380048249,0.3637587380048249,6.0,avg_accel,avg_accel_6m,10.0,,AXON,0.034549667063143115,0.021338777017613664,0.021338777017613664,CVNA,0.03142568891429448,0.5395519191605136,0.5395519191605136,DXCM,0.021390101726488548,0.5303855178363475,0.5303855178363475
B_mom6m_top10_then_avg_accel_6m_top3,B_6m_momentum_filter_then_acceleration,2018-09,2018-09-04,"CVNA,DXCM,UUUU",avg_accel_6m,0.02672827835446645,-0.06632236599572812,-0.04083904710947198,6.0,avg_accel,avg_accel_6m,10.0,,CVNA,0.02835535494541739,-0.14656964038661902,-0.14656964038661902,DXCM,0.026701279946110146,-0.08414345811009982,-0.0648363780569291,UUUU,0.02512820017187182,0.03174600050953447,0.08888887711513216
B_mom6m_top10_then_avg_accel_6m_top3,B_6m_momentum_filter_then_acceleration,2018-10,2018-10-01,"AMD,CVNA,DXCM",avg_accel_6m,0.0337620685903371,-0.18910426803390223,-0.15063374997366288,6.0,avg_accel,avg_accel_6m,10.0,,AMD,0.04268232692938145,-0.35646087637630963,-0.24538513599935996,CVNA,0.03590896682803142,-0.22759701378977826,-0.22759701378977826,DXCM,0.02269491201359842,0.016745086064381187,0.02108089986814954
B_mom6m_top10_then_avg_accel_6m_top3,B_6m_momentum_filter_then_acceleration,2018-11,2018-11-01,"AMD,TKO,XYZ",avg_accel_6m,0.02739442218433083,0.04532338912152615,0.09927765017366257,6.0,avg_accel,avg_accel_6m,10.0,,AMD,0.04270688741995258,0.1726013793093042,0.21216622459002643,TKO,0.023126754240671545,0.02578735788675446,0.14808529576244145,XYZ,0.01634962489236836,-0.0624185698314802,-0.0624185698314802
B_mom6m_top10_then_avg_accel_6m_top3,B_6m_momentum_filter_then_acceleration,2018-12,2018-12-03,"UUUU,AMD,CVNA",avg_accel_6m,0.013346727904703357,-0.21421382945774084,-0.019771304716765803,6.0,avg_accel,avg_accel_6m,10.0,,UUUU,0.016069685417160896,-0.18950439729348345,-0.11078720322013824,AMD,0.015219093254539892,-0.2058203015268123,0.03374108710670898,CVNA,0.008751405042409285,-0.2473167895529268,0.017732201963131855
B_mom6m_top10_then_avg_accel_6m_top3,B_6m_momentum_filter_then_acceleration,2019-01,2019-01-02,"LLY,UUUU,AMD",avg_accel_6m,0.010601655689403515,0.13597288045711942,0.2579776153421387,6.0,avg_accel,avg_accel_6m,10.0,,LLY,0.010923343855145729,0.052315445468524846,0.12943467835228462,UUUU,0.010685121459972373,0.053956869392500106,0.2446043430774778,AMD,0.010196501753092441,0.3016463265103333,0.3998938245966537
B_mom6m_top10_then_avg_accel_6m_top3,B_6m_momentum_filter_then_acceleration,2019-02,2019-02-01,"SBUX,CASY,MRK",avg_accel_6m,0.00864297490525362,0.05813393720909107,0.10060637880197072,6.0,avg_accel,avg_accel_6m,10.0,,SBUX,0.011733127355602568,0.04565789297442824,0.1440986789810188,CASY,0.009955440372390354,0.06072546477084195,0.06072546477084195,MRK,0.004240356987767936,0.068018453882003,0.09699499265405143
B_mom6m_top10_then_avg_accel_6m_top3,B_6m_momentum_filter_then_acceleration,2019-03,2019-03-01,"SBUX,SHOP,CIEN",avg_accel_6m,0.006563598385397748,0.0010041264707388864,0.12504795965564164,6.0,avg_accel,avg_accel_6m,10.0,,SBUX,0.010763570589027096,0.04389566536914313,0.0941424405324105,SHOP,0.006018975134166933,0.07581451712171994,0.38366747122146405,CIEN,0.0029082494329992145,-0.11669780307864641,-0.10266603278694963
B_mom6m_top10_then_avg_accel_6m_top3,B_6m_momentum_filter_then_acceleration,2019-04,2019-04-01,"LEU,ENPH,MELI",avg_accel_6m,0.016586462877342955,0.1576876569616669,0.435776244730892,6.0,avg_accel,avg_accel_6m,10.0,,LEU,0.01995217434509854,0.1357616186821642,0.1357616186821642,ENPH,0.017474448916824325,0.4017277776896653,0.9762417694097951,MELI,0.012332765370106002,-0.06442642548682875,0.19532534610071672
B_mom6m_top10_then_avg_accel_6m_top3,B_6m_momentum_filter_then_acceleration,2019-05,2019-05-01,"LEU,MELI,ENPH",avg_accel_6m,0.020334805888858252,0.12692768449260913,0.5361352799577144,6.0,avg_accel,avg_accel_6m,10.0,,LEU,0.029881336911474755,-0.002915449057909525,-0.002915449057909525,MELI,0.016529638811225805,0.17337488218218078,0.2923689435534049,ENPH,0.014593441943874191,0.21032362035355612,1.3189523453776477
B_mom6m_top10_then_avg_accel_6m_top3,B_6m_momentum_filter_then_acceleration,2019-06,2019-06-03,"ENPH,LEU,SMCI",avg_accel_6m,0.03437746653475337,0.05071031398903103,0.30108165105154866,6.0,avg_accel,avg_accel_6m,10.0,,ENPH,0.03653558742665826,0.16486309310149871,0.9159771042890517,LEU,0.03525861406478053,-0.011695895017748925,-0.011695895017748925,SMCI,0.031338198112821326,-0.0010362561166566975,-0.0010362561166566975
B_mom6m_top10_then_avg_accel_6m_top3,B_6m_momentum_filter_then_acceleration,2019-07,2019-07-01,"ENPH,LEU,PLUG",avg_accel_6m,0.03962341246905665,0.17787479402351666,0.2866730237007924,6.0,avg_accel,avg_accel_6m,10.0,,ENPH,0.050442824973740266,0.6448088325879386,0.6448088325879386,LEU,0.03751370821814966,-0.07100591757714814,0.09467453325685127,PLUG,0.030913704215280023,-0.04017853294024054,0.12053570525758728
B_mom6m_top10_then_avg_accel_6m_top3,B_6m_momentum_filter_then_acceleration,2019-08,2019-08-01,"ENPH,PLUG,CVNA",avg_accel_6m,0.03342646214487376,0.061082378044534126,0.176811954745385,6.0,avg_accel,avg_accel_6m,10.0,,ENPH,0.039569526101508636,-0.07973420558518562,-0.07973420558518562,PLUG,0.032264052112975436,-0.004651158148692214,0.2930231851523115,CVNA,0.02844580822013721,0.2676324978674802,0.31714688466902907
B_mom6m_top10_then_avg_accel_6m_top3,B_6m_momentum_filter_then_acceleration,2019-09,2019-09-03,"PCG,CVNA,ENPH",avg_accel_6m,0.034565082574711276,-0.14587771857017026,-0.037049230105412244,6.0,avg_accel,avg_accel_6m,10.0,,PCG,0.036890328742178756,-0.06338712213757092,-0.06338712213757092,CVNA,0.03400802917531215,-0.15800049156988782,0.15548856225629648,ENPH,0.03279688980664292,-0.21624554200305202,-0.2032491304349623
B_mom6m_top10_then_avg_accel_6m_top3,B_6m_momentum_filter_then_acceleration,2019-10,2019-10-01,"PODD,QCOM,SEDG",avg_accel_6m,0.022960799717114382,0.002509777329217718,0.17527023333790925,6.0,avg_accel,avg_accel_6m,10.0,,PODD,0.02445497112871329,-0.1004115084422813,0.11711596051700535,QCOM,0.022305450722995467,0.1074597710998888,0.18428108116495112,SEDG,0.022121977299634395,0.0004810693300456581,0.2244136583317713
B_mom6m_top10_then_avg_accel_6m_top3,B_6m_momentum_filter_then_acceleration,2019-11,2019-11-01,"SEDG,PODD,TGT",avg_accel_6m,0.020103362298300998,0.12694517462556687,0.24338983273445539,6.0,avg_accel,avg_accel_6m,10.0,,SEDG,0.02456114451507209,-0.0176704072311874,0.22382491370044444,PODD,0.021987458493545872,0.24180774987752263,0.33014747420053103,TGT,0.013761483886285028,0.15669818123036539,0.1761971103023907
B_mom6m_top10_then_avg_accel_6m_top3,B_6m_momentum_filter_then_acceleration,2019-12,2019-12-02,"TSLA,GNRC,BLDR",avg_accel_6m,0.023699148967006003,0.11395103345667416,0.4856758743988802,6.0,avg_accel,avg_accel_6m,10.0,,TSLA,0.03408720732089675,0.28485679293232424,1.3292620693396717,GNRC,0.01881105025307728,0.046256432166466466,0.11702567858573709,BLDR,0.018199189327043983,0.010739875271231769,0.010739875271231769
B_mom6m_top10_then_avg_accel_6m_top3,B_6m_momentum_filter_then_acceleration,2020-01,2020-01-02,"TSLA,DXCM,DVA",avg_accel_6m,0.018801561265460617,0.3154474321506682,0.40268604368270977,6.0,avg_accel,avg_accel_6m,10.0,,TSLA,0.030746254638990406,0.8128573411078648,0.8128573411078648,DXCM,0.012998025988594017,0.08072746403911513,0.30244327024679474,DVA,0.012660403168797426,0.05275749130502483,0.09275751969346979
B_mom6m_top10_then_avg_accel_6m_top3,B_6m_momentum_filter_then_acceleration,2020-02,2020-02-03,"TSLA,LEU,DXCM",avg_accel_6m,0.02232639572204738,0.1502976046053486,0.22873473662143226,6.0,avg_accel,avg_accel_6m,10.0,,TSLA,0.030508647479934137,-0.04664098299466646,-0.04664098299466646,LEU,0.02416238595955822,0.2923795709904131,0.2923795709904131,DXCM,0.01230815372664978,0.20515422582029919,0.4404656218685501
B_mom6m_top10_then_avg_accel_6m_top3,B_6m_momentum_filter_then_acceleration,2020-03,2020-03-02,"TSLA,LEU,SMCI",avg_accel_6m,0.03371329722693919,-0.3179589743032861,0.10884217623631039,6.0,avg_accel,avg_accel_6m,10.0,,TSLA,0.056023923940656875,-0.35241120487373445,0.20774045142001563,LEU,0.027697245849322066,-0.38387489446176903,0.10348972481964225,SMCI,0.017418721890838634,-0.21759082357435489,0.0152963524692733
B_mom6m_top10_then_avg_accel_6m_top3,B_6m_momentum_filter_then_acceleration,2020-04,2020-04-01,"TSLA,PCG,LEU",avg_accel_6m,0.03916035549981,0.3230731374104259,0.8835868718624272,6.0,avg_accel,avg_accel_6m,10.0,,TSLA,0.0521795156079346,0.45635015080435526,1.325006169890199,PCG,0.03407773944304862,0.20427551943047617,0.4097386959144069,LEU,0.031223811448446763,0.3085937419964464,0.916015749782676
B_mom6m_top10_then_avg_accel_6m_top3,B_6m_momentum_filter_then_acceleration,2020-05,2020-05-01,"TSLA,DPZ,GEN",avg_accel_6m,0.014535978568901467,0.13162812071246632,0.42053711189731663,6.0,avg_accel,avg_accel_6m,10.0,,TSLA,0.021809806839084768,0.28058520999750747,1.1174357512021218,DPZ,0.011466858735868153,0.07355190858182281,0.08541921105976868,GEN,0.01033127013175148,0.04074724355806869,0.05875637343005935
B_mom6m_top10_then_avg_accel_6m_top3,B_6m_momentum_filter_then_acceleration,2020-06,2020-06-01,"EQT,PCG,ENPH",avg_accel_6m,0.03902362413594389,-0.17610623579005225,0.1021017467108452,6.0,avg_accel,avg_accel_6m,10.0,,EQT,0.04969998452061019,-0.11111100533560725,0.21911435281297642,PCG,0.04524627593766632,-0.23925865917967304,-0.23167638282096215,ENPH,0.022124611949555156,-0.17794904285487645,0.3188672701405213
B_mom6m_top10_then_avg_accel_6m_top3,B_6m_momentum_filter_then_acceleration,2020-07,2020-07-01,"ZS,PCG,EQT",avg_accel_6m,0.042187488373334185,0.18940237844780916,0.29640217942898334,6.0,avg_accel,avg_accel_6m,10.0,,ZS,0.044546810971963634,0.18895165717137408,0.4291094750017428,PCG,0.04101320180359788,0.007751994462861012,0.08859357957601488,EQT,0.04100245234444103,0.3715034837091924,0.3715034837091924
B_mom6m_top10_then_avg_accel_6m_top3,B_6m_momentum_filter_then_acceleration,2020-08,2020-08-03,"ZS,CRWD,XYZ",avg_accel_6m,0.036928199840540916,0.22754203190404812,0.23206725888136015,6.0,avg_accel,avg_accel_6m,10.0,,ZS,0.04453170833402342,0.20199123856871215,0.20199123856871215,CRWD,0.037932919425315355,0.2442847095984162,0.2442847095984162,XYZ,0.028319971762283992,0.23635014754501604,0.2499258284769521
B_mom6m_top10_then_avg_accel_6m_top3,B_6m_momentum_filter_then_acceleration,2020-09,2020-09-01,"EQT,ZS,CVNA",avg_accel_6m,0.040781707934544505,-0.07789751483766143,0.016282758159073134,6.0,avg_accel,avg_accel_6m,10.0,,EQT,0.05578133789516602,-0.1871796046512999,-0.00833330606309124,ZS,0.03885766044696036,-0.09453440250820178,-0.04819282068998332,CVNA,0.02770612546150712,0.04802146264651741,0.10537440123029396
B_mom6m_top10_then_avg_accel_6m_top3,B_6m_momentum_filter_then_acceleration,2020-10,2020-10-01,"CVNA,EQT,PLUG",avg_accel_6m,0.04726073358220175,0.03401940950569863,0.5242045777902063,6.0,avg_accel,avg_accel_6m,10.0,,CVNA,0.050962414528461356,-0.22297354617133602,0.05472496568815122,EQT,0.048287099445595824,0.2200317556149456,0.2200317556149456,PLUG,0.04253268677254808,0.10500001907348633,1.2978570120675221
B_mom6m_top10_then_avg_accel_6m_top3,B_6m_momentum_filter_then_acceleration,2020-11,2020-11-02,"CVNA,PLUG,BLDR",avg_accel_6m,0.04896908695893287,0.34631435999997445,1.25825055406596,6.0,avg_accel,avg_accel_6m,10.0,,CVNA,0.05646261709320627,0.35738617455194155,0.4282471526369682,PLUG,0.04769618922342137,0.5817710983177786,3.1273430751132247,BLDR,0.042748454560170984,0.09978580713020313,0.21916143444768732
B_mom6m_top10_then_avg_accel_6m_top3,B_6m_momentum_filter_then_acceleration,2020-12,2020-12-01,"PLUG,FDX,ALGN",avg_accel_6m,0.0396468352345574,0.08307201432973248,0.5507150237017259,6.0,avg_accel,avg_accel_6m,10.0,,PLUG,0.054222177560367235,0.3146709878078564,1.6093175425336028,FDX,0.035491267516869165,-0.11816443401567445,-0.08716642954605502,ALGN,0.0292270606264358,0.05270948919701546,0.12999395811762993
B_mom6m_top10_then_avg_accel_6m_top3,B_6m_momentum_filter_then_acceleration,2021-01,2021-01-04,"MSTR,TPR,IVZ",avg_accel_6m,0.042481644484410136,0.24285171967925237,0.5461594395536823,6.0,avg_accel,avg_accel_6m,10.0,,MSTR,0.04854850933535726,0.4923099157639259,0.8400828859214236,TPR,0.04141626985535664,-0.026291507771165068,0.2687255947927061,IVZ,0.03748015426251652,0.2625367510449963,0.5296698379469174
B_mom6m_top10_then_avg_accel_6m_top3,B_6m_momentum_filter_then_acceleration,2021-02,2021-02-01,"MSTR,TPR,UUUU",avg_accel_6m,0.04742211921349837,0.25049435698650635,0.3967724139730966,6.0,avg_accel,avg_accel_6m,10.0,,MSTR,0.05980315520615733,0.23304339566722643,0.23304339566722643,TPR,0.04733004984261146,0.3029829819893757,0.5240185973302234,UUUU,0.03513315259172633,0.21545669330291695,0.43325524892184
B_mom6m_top10_then_avg_accel_6m_top3,B_6m_momentum_filter_then_acceleration,2021-03,2021-03-01,"MSTR,TPR,IVZ",avg_accel_6m,0.045940296928068065,-0.02377121091710155,0.059050712250980686,6.0,avg_accel,avg_accel_6m,10.0,,MSTR,0.06492785088674809,-0.10081284387317058,-0.10081284387317058,TPR,0.038982968174748715,-0.01132551301235818,0.16963814447014003,IVZ,0.033910071722707415,0.04082472413422411,0.1083268361559726
B_mom6m_top10_then_avg_accel_6m_top3,B_6m_momentum_filter_then_acceleration,2021-04,2021-04-01,"MSTR,OXY,UUUU",avg_accel_6m,0.0398444902395747,-0.039481036135331014,0.10877379101852058,6.0,avg_accel,avg_accel_6m,10.0,,MSTR,0.06019454564324074,-0.09656606773890541,-0.07490482776389873,OXY,0.03206344703562249,-0.0452883895030507,0.2005573370338949,UUUU,0.027275478039860867,0.023411348835963075,0.2006688637855656
B_mom6m_top10_then_avg_accel_6m_top3,B_6m_momentum_filter_then_acceleration,2021-05,2021-05-03,"UUUU,MSTR,OXY",avg_accel_6m,0.05644220891444804,0.004660692008292259,0.1515623375229059,6.0,avg_accel,avg_accel_6m,10.0,,UUUU,0.060475920130758275,0.17320260826813838,0.17320260826813838,MSTR,0.055566635713975,-0.24835592382056437,0.023976562315733974,OXY,0.053284070898610834,0.08913539157730277,0.25750784198484533
B_mom6m_top10_then_avg_accel_6m_top3,B_6m_momentum_filter_then_acceleration,2021-06,2021-06-01,"UUUU,TPL,FANG",avg_accel_6m,0.0462800440349199,0.028350080568336693,0.028350080568336693,6.0,avg_accel,avg_accel_6m,10.0,,UUUU,0.05240572386261857,-0.14484679480746898,-0.14484679480746898,TPL,0.04540136842615353,0.07991465519795526,0.07991465519795526,FANG,0.0410330398159876,0.1499823813145238,0.1499823813145238
B_mom6m_top10_then_avg_accel_6m_top3,B_6m_momentum_filter_then_acceleration,2021-07,2021-07-01,"TPL,EOG,NUE",avg_accel_6m,0.019835670016245265,-0.060222822243494324,0.037183541492909845,6.0,avg_accel,avg_accel_6m,10.0,,TPL,0.023207714257178925,-0.08477915176806738,-0.08477915176806738,EOG,0.018768499522096603,-0.15207180070020376,-0.006567519374255926,NUE,0.017530796269460264,0.05618248573778817,0.20289729562105285
B_mom6m_top10_then_avg_accel_6m_top3,B_6m_momentum_filter_then_acceleration,2021-08,2021-08-02,"NUE,EOG,TPL",avg_accel_6m,0.014814601071639727,-0.006127311369684252,0.12199751602051578,6.0,avg_accel,avg_accel_6m,10.0,,NUE,0.018895505715056306,0.13891047415047608,0.13891047415047608,EOG,0.013651418951304681,-0.07344344876137732,0.3109310334092228,TPL,0.011896878548558202,-0.08384895949815152,-0.08384895949815152
B_mom6m_top10_then_avg_accel_6m_top3,B_6m_momentum_filter_then_acceleration,2021-09,2021-09-01,"NUE,FTNT,BX",avg_accel_6m,0.012718003712752364,-0.09433165290103022,0.027269000755094308,6.0,avg_accel,avg_accel_6m,10.0,,NUE,0.017423571411485594,-0.15675410124363143,-0.05684240572634447,FTNT,0.012313163922025677,-0.03394174087809165,0.050701824159114395,BX,0.008417275804745824,-0.09229911658136758,0.087947583832513
B_mom6m_top10_then_avg_accel_6m_top3,B_6m_momentum_filter_then_acceleration,2021-10,2021-10-01,"NVDA,WST,EFX",avg_accel_6m,0.014694741542006895,0.1149081261631381,0.2293806702656435,6.0,avg_accel,avg_accel_6m,10.0,,NVDA,0.016796401594744333,0.24515481204899836,0.5157095426160287,WST,0.015426284110275796,0.01670103901853981,0.06286013943643387,EFX,0.011861538921000558,0.08286852742187611,0.10957232874446787
B_mom6m_top10_then_avg_accel_6m_top3,B_6m_momentum_filter_then_acceleration,2021-11,2021-11-01,"DDOG,RKLB,NVDA",avg_accel_6m,0.013661987106464909,0.09281589448225443,0.09281589448225443,6.0,avg_accel,avg_accel_6m,10.0,,DDOG,0.020963940134233555,-0.004055679063694084,-0.004055679063694084,RKLB,0.01069325583826059,0.06521734478081331,0.06521734478081331,NVDA,0.00932876534690058,0.21728601772964407,0.21728601772964407
B_mom6m_top10_then_avg_accel_6m_top3,B_6m_momentum_filter_then_acceleration,2021-12,2021-12-01,"DDOG,TSLA,ENPH",avg_accel_6m,0.021441105654830105,-0.0432783305030661,-0.0432783305030661,6.0,avg_accel,avg_accel_6m,10.0,,DDOG,0.026277385885283118,-0.004254524727622333,-0.004254524727622333,TSLA,0.019085359594173144,0.09568949660209758,0.09568949660209758,ENPH,0.018960571485034043,-0.22126996338367355,-0.22126996338367355
B_mom6m_top10_then_avg_accel_6m_top3,B_6m_momentum_filter_then_acceleration,2022-01,2022-01-03,"LEU,TSLA,AMD",avg_accel_6m,0.02477045158430627,-0.20860310346099675,-0.16600084109859617,6.0,avg_accel,avg_accel_6m,10.0,,LEU,0.028348337538258172,-0.17928288611416876,-0.17928288611416876,TSLA,0.024301235113535664,-0.2238160575856306,-0.09600927049842889,AMD,0.021661782101124974,-0.22271036668319089,-0.22271036668319089
B_mom6m_top10_then_avg_accel_6m_top3,B_6m_momentum_filter_then_acceleration,2022-02,2022-02-01,"TSLA,LEU,BLDR",avg_accel_6m,0.024919103306800357,-0.01160670723037116,0.06721925749625568,6.0,avg_accel,avg_accel_6m,10.0,,TSLA,0.02806983122674781,-0.07181745726121591,0.1646604369186646,LEU,0.027727251844227873,-0.005085469591808889,-0.005085469591808889,BLDR,0.018960226849425388,0.04208280516191132,0.04208280516191132
B_mom6m_top10_then_avg_accel_6m_top3,B_6m_momentum_filter_then_acceleration,2022-03,2022-03-01,"HAL,LEU,CF",avg_accel_6m,0.01998180074518773,0.05837450727247077,0.08889942571215721,6.0,avg_accel,avg_accel_6m,10.0,,HAL,0.02182647827566926,0.20149495727443223,0.29306971259349157,LEU,0.019400699541343,-0.2381505525549874,-0.2381505525549874,CF,0.018718224418550925,0.21177911709796748,0.21177911709796748
B_mom6m_top10_then_avg_accel_6m_top3,B_6m_momentum_filter_then_acceleration,2022-04,2022-04-01,"HAL,OXY,EOG",avg_accel_6m,0.017048835845517273,-0.030731638759519935,0.15266205319155754,6.0,avg_accel,avg_accel_6m,10.0,,HAL,0.017538207390832106,-0.06791110136528389,0.07621734470429642,OXY,0.017416377815292455,0.0032695995057594462,0.2118395467492904,EOG,0.01619192233042726,-0.02755341441903536,0.16992926812108577
B_mom6m_top10_then_avg_accel_6m_top3,B_6m_momentum_filter_then_acceleration,2022-05,2022-05-02,"EQT,DLTR,MOS",avg_accel_6m,0.017606917446563907,0.06499522571371825,0.07658376728309901,6.0,avg_accel,avg_accel_6m,10.0,,EQT,0.019985464052536102,0.2666893858823096,0.2666893858823096,DLTR,0.018163535826991005,-0.014506122567914614,0.020259502140227648,MOS,0.014671752460164616,-0.05719758617324022,-0.05719758617324022
B_mom6m_top10_then_avg_accel_6m_top3,B_6m_momentum_filter_then_acceleration,2022-06,2022-06-01,"EQT,VLO,MOS",avg_accel_6m,0.023173818914340737,-0.23258555100793413,-0.10735912506932188,6.0,avg_accel,avg_accel_6m,10.0,,EQT,0.030212193221814992,-0.3118472504767288,-0.06676933087658621,VLO,0.020983959621734233,-0.18536391616412362,-0.1579931226093796,MOS,0.01832530389947299,-0.20054548638295,-0.09731492172199985
B_mom6m_top10_then_avg_accel_6m_top3,B_6m_momentum_filter_then_acceleration,2022-07,2022-07-01,"EQT,OXY,VLO",avg_accel_6m,0.030853208916563374,0.11286203336468088,0.17901327357624694,6.0,avg_accel,avg_accel_6m,10.0,,EQT,0.03704002712200478,0.23460724174779646,0.3561388365736011,OXY,0.03209742135370931,0.07925206623820924,0.13170096766965678,VLO,0.023422178273976017,0.024726792108036966,0.04920001648548289
B_mom6m_top10_then_avg_accel_6m_top3,B_6m_momentum_filter_then_acceleration,2022-08,2022-08-01,"EQT,OXY,VLO",avg_accel_6m,0.008618890268490604,0.051897610505422964,0.13908491313980886,6.0,avg_accel,avg_accel_6m,10.0,,EQT,0.013453429293778135,0.09843745501910073,0.09843745501910073,OXY,0.008982061786449985,0.04859745287702899,0.13366238296690702,VLO,0.0034211797252436935,0.008657923620139174,0.18515490143341884
B_mom6m_top10_then_avg_accel_6m_top3,B_6m_momentum_filter_then_acceleration,2022-09,2022-09-01,"ENPH,TPL,EQT",avg_accel_6m,0.020695421002786474,-0.01243993893734959,0.14909910871727208,6.0,avg_accel,avg_accel_6m,10.0,,ENPH,0.021759631229138317,0.016852338915988252,0.11402829886743038,TPL,0.020906937639606764,0.04429470629947141,0.4317358893118943,EQT,0.019419694139614342,-0.09846686202750843,-0.09846686202750843
B_mom6m_top10_then_avg_accel_6m_top3,B_6m_momentum_filter_then_acceleration,2022-10,2022-10-03,"FSLR,SMCI,TPL",avg_accel_6m,0.01686824747829261,0.20061109895002086,0.39686511521658224,6.0,avg_accel,avg_accel_6m,10.0,,FSLR,0.024334031566720725,0.08746898429311889,0.23364075032769205,SMCI,0.018896884245996348,0.25915544925381284,0.5859470811833045,TPL,0.007373826622160762,0.25520886330313086,0.3710075141387501
B_mom6m_top10_then_avg_accel_6m_top3,B_6m_momentum_filter_then_acceleration,2022-11,2022-11-01,"FSLR,LEU,ENPH",avg_accel_6m,0.030681283313099605,-0.00678214845551095,0.05399433908168653,6.0,avg_accel,avg_accel_6m,10.0,,FSLR,0.035520520685981626,0.13441465287360677,0.21255963529267263,LEU,0.0342436925491972,-0.20324509877777397,-0.0990606185852474,ENPH,0.022279636704119997,0.04848400053763435,0.04848400053763435
B_mom6m_top10_then_avg_accel_6m_top3,B_6m_momentum_filter_then_acceleration,2022-12,2022-12-01,"NFLX,LEU,FSLR",avg_accel_6m,0.04264052907499088,-0.10257931034402927,0.16070900585884051,6.0,avg_accel,avg_accel_6m,10.0,,NFLX,0.04557950773684315,-0.06941154367482383,0.14210448527523223,LEU,0.04390318205086121,-0.104233639374545,0.17899250696141378,FSLR,0.03843889743726827,-0.13409274798271897,0.16103002533987554
B_mom6m_top10_then_avg_accel_6m_top3,B_6m_momentum_filter_then_acceleration,2023-01,2023-01-03,"NFLX,FSLR,AXON",avg_accel_6m,0.04379417040044555,0.21363744743110025,0.33582486884687096,6.0,avg_accel,avg_accel_6m,10.0,,NFLX,0.05132338751073,0.22729277105512047,0.22729277105512047,FSLR,0.04116948031124782,0.23441133947365245,0.42860080858824956,AXON,0.03888964337935883,0.17920823176452783,0.3515810268972428
B_mom6m_top10_then_avg_accel_6m_top3,B_6m_momentum_filter_then_acceleration,2023-02,2023-02-01,"RCL,NFLX,AXON",avg_accel_6m,0.033609160549584176,0.014380578336371371,0.05706127690159105,6.0,avg_accel,avg_accel_6m,10.0,,RCL,0.03642713450180331,0.06288114138381684,0.06288114138381684,NFLX,0.03485459763445,-0.1340092699700961,-0.03787403374582732,AXON,0.029545749512499227,0.11426986359539337,0.14617672306678364
B_mom6m_top10_then_avg_accel_6m_top3,B_6m_momentum_filter_then_acceleration,2023-03,2023-03-01,"CVNA,RCL,SHOP",avg_accel_6m,0.04174254228558364,0.043425875125116496,0.4607440463905798,6.0,avg_accel,avg_accel_6m,10.0,,CVNA,0.047469499116100364,0.042648763598271744,0.7732885422141715,RCL,0.04077569869160593,-0.10139862249942477,0.1640557956749542,SHOP,0.036982429049044654,0.1890274842765025,0.4448878012826136
B_mom6m_top10_then_avg_accel_6m_top3,B_6m_momentum_filter_then_acceleration,2023-04,2023-04-03,"RCL,NVDA,FCX",avg_accel_6m,0.0394689836819512,-0.002341472877255909,0.37199000436757085,6.0,avg_accel,avg_accel_6m,10.0,,RCL,0.045326627254271924,0.04249007067595589,0.6062253598483254,NVDA,0.041419853645021855,0.03379233011518212,0.5168024643491358,FCX,0.03166047014655983,-0.08330681942290574,-0.007057811094748678
B_mom6m_top10_then_avg_accel_6m_top3,B_6m_momentum_filter_then_acceleration,2023-05,2023-05-01,"META,NVDA,RCL",avg_accel_6m,0.03773006527781153,0.2464266405583433,0.5133171748461265,6.0,avg_accel,avg_accel_6m,10.0,,META,0.04253934984229496,0.12102149666777628,0.32704190049707216,NVDA,0.04085580506051044,0.3756485795575497,0.608848580721099,RCL,0.029795040930629187,0.24260984544970388,0.6040610433202083
B_mom6m_top10_then_avg_accel_6m_top3,B_6m_momentum_filter_then_acceleration,2023-06,2023-06-01,"META,NVDA,ALGN",avg_accel_6m,0.03328862121382505,0.09173774142887714,0.2236236273596235,6.0,avg_accel,avg_accel_6m,10.0,,META,0.045300932584852696,0.049191191267607515,0.18377917322878212,NVDA,0.02831374969239898,0.06656718044705556,0.21986432107046805,ALGN,0.026251181364223462,0.15945485257196834,0.2672273877796203
B_mom6m_top10_then_avg_accel_6m_top3,B_6m_momentum_filter_then_acceleration,2023-07,2023-07-03,"CVNA,APP,PLTR",avg_accel_6m,0.06959247566230214,0.46802697367487284,0.6417421743725482,6.0,avg_accel,avg_accel_6m,10.0,,CVNA,0.10965255597699455,0.9034883411463168,0.9709303056267522,APP,0.058968403212862675,0.212577168698437,0.6662808063110277,PLTR,0.04015646779704919,0.28801541117986473,0.28801541117986473
B_mom6m_top10_then_avg_accel_6m_top3,B_6m_momentum_filter_then_acceleration,2023-08,2023-08-01,"CVNA,APP,TSLA",avg_accel_6m,0.0664543816814291,0.1160264529565637,0.12444055825629093,6.0,avg_accel,avg_accel_6m,10.0,,CVNA,0.09345939960238778,0.03543072107277556,0.03543072107277556,APP,0.05979375263212392,0.3741647536540622,0.3741647536540622,TSLA,0.04610999280977562,-0.06151611585714667,-0.03627379995796498
B_mom6m_top10_then_avg_accel_6m_top3,B_6m_momentum_filter_then_acceleration,2023-09,2023-09-01,"CVNA,APP,SMCI",avg_accel_6m,0.05635485316791631,-0.08641677902631158,-0.08641677902631158,6.0,avg_accel,avg_accel_6m,10.0,,CVNA,0.07359916395555066,-0.2281219424048233,-0.2281219424048233,APP,0.04976282456325694,-0.05487379039690765,-0.05487379039690765,SMCI,0.04570257098494135,0.023745395722796214,0.023745395722796214
B_mom6m_top10_then_avg_accel_6m_top3,B_6m_momentum_filter_then_acceleration,2023-10,2023-10-02,"CVNA,APP,PLTR",avg_accel_6m,0.05128426376657611,-0.16640622865578067,0.15718947841682443,6.0,avg_accel,avg_accel_6m,10.0,,CVNA,0.07327815510977534,-0.33783439269138016,0.2450955779093309,APP,0.0499204345515956,-0.10093089080564499,-0.04997552500682645,PLTR,0.030654201638357415,-0.06045340247031683,0.27644838234796887
B_mom6m_top10_then_avg_accel_6m_top3,B_6m_momentum_filter_then_acceleration,2023-11,2023-11-01,"CVNA,APP,PLTR",avg_accel_6m,0.04359252741028672,0.25172683060281376,0.4516646663173203,6.0,avg_accel,avg_accel_6m,10.0,,CVNA,0.06312109793614891,0.3543670688439846,0.8803386406159583,APP,0.03441086045476249,0.04223431075853745,0.11607624613008327,PLTR,0.03324562383994878,0.3585791122059192,0.3585791122059192
B_mom6m_top10_then_avg_accel_6m_top3,B_6m_momentum_filter_then_acceleration,2023-12,2023-12-01,"LEU,ZS,DELL",avg_accel_6m,0.021078287034815485,0.06292272192200883,0.3395246452061107,6.0,avg_accel,avg_accel_6m,10.0,,LEU,0.02869081120397532,0.07659397657050082,0.07659397657050082,ZS,0.018677396133057418,0.07241325267023035,0.20214108481569015,DELL,0.01586665376741372,0.03976093652529533,0.7398388742321411
B_mom6m_top10_then_avg_accel_6m_top3,B_6m_momentum_filter_then_acceleration,2024-01,2024-01-02,"LEU,WSM,DELL",avg_accel_6m,0.013221927439620694,0.0337330402615054,0.40171907608180635,6.0,avg_accel,avg_accel_6m,10.0,,LEU,0.018164212939578477,-0.02403021153705942,-0.02403021153705942,WSM,0.01497874762236374,-0.026839586770091017,0.555880804464568,DELL,0.006522821756919865,0.15206891909166664,0.6733066353179105
B_mom6m_top10_then_avg_accel_6m_top3,B_6m_momentum_filter_then_acceleration,2024-02,2024-02-01,"KEY,ERIE,LEU",avg_accel_6m,0.023577691291112906,-0.005145280578377302,0.04029306137917695,6.0,avg_accel,avg_accel_6m,10.0,,KEY,0.029929672693594467,0.01601755312583797,0.10909877785323352,ERIE,0.02040522768759421,0.16513448502236772,0.16513448502236772,LEU,0.020398173492150035,-0.1965878798833376,-0.1533540787380704
B_mom6m_top10_then_avg_accel_6m_top3,B_6m_momentum_filter_then_acceleration,2024-03,2024-03-01,"KKR,CRWD,ERIE",avg_accel_6m,0.009871153941001133,0.006913628844210984,0.018190716049137284,6.0,avg_accel,avg_accel_6m,10.0,,KKR,0.010871798544245914,0.010815708925491885,0.04464697054027078,CRWD,0.009623894875330354,0.015861379966830347,0.015861379966830347,ERIE,0.009117768403427136,-0.00593620235968928,-0.00593620235968928
B_mom6m_top10_then_avg_accel_6m_top3,B_6m_momentum_filter_then_acceleration,2024-04,2024-04-01,"MSTR,COIN,COHR",avg_accel_6m,0.035559372220890395,-0.2109212872526752,0.04410009867281558,6.0,avg_accel,avg_accel_6m,10.0,,MSTR,0.04934723929117378,-0.37175723688693996,-0.0057003475212275,COIN,0.034103111939294946,-0.16667329408088383,-0.07433265418981805,COHR,0.02322776543220246,-0.09433333079020179,0.21233329772949228
B_mom6m_top10_then_avg_accel_6m_top3,B_6m_momentum_filter_then_acceleration,2024-05,2024-05-01,"MSTR,XYZ,COIN",avg_accel_6m,0.043395008690825305,0.2153506450259278,0.21849214908300282,6.0,avg_accel,avg_accel_6m,10.0,,MSTR,0.05994305876105684,0.582667896645291,0.582667896645291,XYZ,0.03565182335723376,-0.03800109852329436,-0.03800109852329436,COIN,0.034590143954185325,0.10138513695578677,0.11080964912701186
B_mom6m_top10_then_avg_accel_6m_top3,B_6m_momentum_filter_then_acceleration,2024-06,2024-06-03,"SMCI,MSTR,NVDA",avg_accel_6m,0.031142366512948483,-0.00851207438490261,0.021359520919812153,6.0,avg_accel,avg_accel_6m,10.0,,SMCI,0.044855528796175353,0.054153366288865135,0.054153366288865135,MSTR,0.029012111154602206,-0.1606478860509044,-0.07103310013676012,NVDA,0.019559459588067894,0.08095829660733145,0.08095829660733145
B_mom6m_top10_then_avg_accel_6m_top3,B_6m_momentum_filter_then_acceleration,2024-07,2024-07-01,"SMCI,MSTR,NVDA",avg_accel_6m,0.038015699725074674,-0.06235922919840975,-0.013357002815371258,6.0,avg_accel,avg_accel_6m,10.0,,SMCI,0.044686925188663816,-0.17244439193214467,-0.17244439193214467,MSTR,0.03925300167119254,0.10676661728117032,0.19102178156195126,NVDA,0.03010717231536767,-0.1213999129442549,-0.05864839807592037
B_mom6m_top10_then_avg_accel_6m_top3,B_6m_momentum_filter_then_acceleration,2024-08,2024-08-01,"CVNA,MSTR,NVDA",avg_accel_6m,0.03397719510400777,-0.07187772579724135,0.44094296960638046,6.0,avg_accel,avg_accel_6m,10.0,,CVNA,0.03936389902169475,-0.013650065322653337,0.5634725824499975,MSTR,0.03783014609962405,-0.1909036195530026,0.519437013148633,NVDA,0.024737540190704503,-0.011079492516068101,0.23991931322051085
B_mom6m_top10_then_avg_accel_6m_top3,B_6m_momentum_filter_then_acceleration,2024-09,2024-09-03,"TPL,CVNA,APP",avg_accel_6m,0.017789675820676445,0.27358147921078535,1.490450395663015,6.0,avg_accel,avg_accel_6m,10.0,,TPL,0.025596356910174912,0.12183472688725305,0.8426728103280665,CVNA,0.01912479008128561,0.21644065403107549,0.7640465038319864,APP,0.008647880470568813,0.4824690567140275,2.8646318728289923
B_mom6m_top10_then_avg_accel_6m_top3,B_6m_momentum_filter_then_acceleration,2024-10,2024-10-01,"TPL,NEM,VTR",avg_accel_6m,0.014292596173364798,0.041051068895485786,0.16107639507452745,6.0,avg_accel,avg_accel_6m,10.0,,TPL,0.01664096045406546,0.2824768558192492,0.6425528343563742,NEM,0.015517649102152586,-0.16401921087438587,-0.16401921087438587,VTR,0.010719178963876341,0.004695561741594023,0.004695561741594023
B_mom6m_top10_then_avg_accel_6m_top3,B_6m_momentum_filter_then_acceleration,2024-11,2024-11-01,"RKLB,LEU,TPL",avg_accel_6m,0.0248800750971368,0.3829531298761455,0.5062747424241613,6.0,avg_accel,avg_accel_6m,10.0,,RKLB,0.03276660197576425,1.1151489076420713,1.4851137452861187,LEU,0.02180105800757688,-0.24705558166872332,-0.24705558166872332,TPL,0.02007256530806927,0.2807660636550884,0.2807660636550884
B_mom6m_top10_then_avg_accel_6m_top3,B_6m_momentum_filter_then_acceleration,2024-12,2024-12-02,"LEU,RKLB,TPL",avg_accel_6m,0.037075380567899226,-0.09407832123755244,0.032840230287343876,6.0,avg_accel,avg_accel_6m,10.0,,LEU,0.04484944798165193,-0.10209770879488689,0.018552185723901493,RKLB,0.04012839938818576,0.03332636617444629,0.17491195835307738,TPL,0.026248294333860007,-0.21346362109221673,-0.09494345321494724
B_mom6m_top10_then_avg_accel_6m_top3,B_6m_momentum_filter_then_acceleration,2025-01,2025-01-02,"RKLB,LEU,APP",avg_accel_6m,0.050251353173410535,0.10394979350745359,0.11353789688641491,6.0,avg_accel,avg_accel_6m,10.0,,RKLB,0.07788032127560503,0.13701923885171485,0.13701923885171485,LEU,0.0397215326669369,0.10560431293106598,0.13436862306794994,APP,0.033152205577689685,0.06922582873957994,0.06922582873957994
B_mom6m_top10_then_avg_accel_6m_top3,B_6m_momentum_filter_then_acceleration,2025-02,2025-02-03,"RKLB,LEU,APP",avg_accel_6m,0.048142197934669735,-0.13112383428155058,-0.09048487381481334,6.0,avg_accel,avg_accel_6m,10.0,,RKLB,0.06619294233910936,-0.342494700521053,-0.2205778191208413,LEU,0.0401218729023786,0.02601682157030205,0.02601682157030205,APP,0.03811177856252126,-0.07689362389390075,-0.07689362389390075
B_mom6m_top10_then_avg_accel_6m_top3,B_6m_momentum_filter_then_acceleration,2025-03,2025-03-03,"RKLB,APP,ALAB",avg_accel_6m,0.05709596571968043,-0.09102695504278376,0.3299499452692562,6.0,avg_accel,avg_accel_6m,10.0,,RKLB,0.06459585117704952,-0.02733120220001306,0.42550914249652516,APP,0.05578846544733831,-0.16197303825227471,0.19140928447613836,ALAB,0.05090358053465345,-0.0837766246760635,0.372931408835105
B_mom6m_top10_then_avg_accel_6m_top3,B_6m_momentum_filter_then_acceleration,2025-04,2025-04-01,"ALAB,APP,LEU",avg_accel_6m,0.032711861303378206,0.06670846035702686,0.8397629797060201,6.0,avg_accel,avg_accel_6m,10.0,,ALAB,0.03669040530815042,0.11627161900222505,0.4984680000657009,APP,0.03503791140678479,-0.011354870300838371,0.4216837152726276,LEU,0.026407267195199414,0.0952086323696939,1.5991372237797319
B_mom6m_top10_then_avg_accel_6m_top3,B_6m_momentum_filter_then_acceleration,2025-05,2025-05-01,"EQT,ALAB,TPR",avg_accel_6m,0.01309017951929093,0.195101990040104,0.5124154186760647,6.0,avg_accel,avg_accel_6m,10.0,,EQT,0.016732511569792937,0.1284350598780577,0.1284350598780577,ALAB,0.011325475201007271,0.342386543344263,0.8939613376415936,TPR,0.011212551787072582,0.11448436689799135,0.5148498585085428
B_mom6m_top10_then_avg_accel_6m_top3,B_6m_momentum_filter_then_acceleration,2025-06,2025-06-02,"SMCI,EQT,NFLX",avg_accel_6m,0.012161904301940423,0.0634186483322103,0.13979404033787032,6.0,avg_accel,avg_accel_6m,10.0,,SMCI,0.025290909223522277,0.14563106526437664,0.3747572412813567,EQT,0.008756901714565663,-0.016590216702306537,-0.016590216702306537,NFLX,0.002437901967733329,0.0612150964345608,0.0612150964345608
B_mom6m_top10_then_avg_accel_6m_top3,B_6m_momentum_filter_then_acceleration,2025-07,2025-07-01,"MOS,ZS,NRG",avg_accel_6m,0.014051958301532053,-0.016683957884821687,0.009629558089241375,6.0,avg_accel,avg_accel_6m,10.0,,MOS,0.015987311831446086,-0.03969557774218724,-0.03969557774218724,ZS,0.01483024883400057,-0.08801906047727459,-0.009078512555085405,NRG,0.011338314239149503,0.07766276456499677,0.07766276456499677
B_mom6m_top10_then_avg_accel_6m_top3,B_6m_momentum_filter_then_acceleration,2025-08,2025-08-01,"SEDG,SMCI,MOS",avg_accel_6m,0.0310494928556046,-0.03485670315973788,0.13352599437284454,6.0,avg_accel,avg_accel_6m,10.0,,SEDG,0.03899023037722159,0.23405094435035845,0.5115459915891523,SMCI,0.036936801194602076,-0.2800141380871932,-0.07503531154304233,MOS,0.01722144699499013,-0.05860691574237886,-0.03593269692757628
B_mom6m_top10_then_avg_accel_6m_top3,B_6m_momentum_filter_then_acceleration,2025-09,2025-09-02,"SEDG,UUUU,SMCI",avg_accel_6m,0.029711038152580544,0.297495377533559,0.3588216469607211,6.0,avg_accel,avg_accel_6m,10.0,,SEDG,0.040324860482089046,0.22486514718796746,0.22486514718796746,UUUU,0.024528919875082204,0.38292258036406346,0.5669013886455498,SMCI,0.02427933410057039,0.2846984050486461,0.2846984050486461
B_mom6m_top10_then_avg_accel_6m_top3,B_6m_momentum_filter_then_acceleration,2025-10,2025-10-01,"UUUU,ECHO,SEDG",avg_accel_6m,0.04611960761597403,-0.02260000368575965,0.13217115747156202,6.0,avg_accel,avg_accel_6m,10.0,,UUUU,0.05334462844429379,0.1330362313073612,0.1330362313073612,ECHO,0.044911674160761916,-0.051949650986389595,0.4110691862286262,SEDG,0.04010252024286638,-0.14888659137825055,-0.14759194512130136
B_mom6m_top10_then_avg_accel_6m_top3,B_6m_momentum_filter_then_acceleration,2025-11,2025-11-03,"LEU,PLUG,ECHO",avg_accel_6m,0.07085740177783093,-0.20013790927678674,0.050588048012018404,6.0,avg_accel,avg_accel_6m,10.0,,LEU,0.07963143925833373,-0.2671506231462031,-0.20551617318688264,PLUG,0.07074694363538467,-0.3018181974237615,-0.18909090215509583,ECHO,0.06219382243977436,-0.031444907260395616,0.5463712193780337
B_mom6m_top10_then_avg_accel_6m_top3,B_6m_momentum_filter_then_acceleration,2025-12,2025-12-01,"PLUG,ECHO,UUUU",avg_accel_6m,0.07261868712906173,0.29455727189229347,0.4827309013246701,6.0,avg_accel,avg_accel_6m,10.0,,PLUG,0.08492974922012045,0.16145836922805823,0.16145836922805823,ECHO,0.071000960841151,0.5367123329476133,0.6257534288380244,UUUU,0.06192535132591372,0.1855011135012088,0.6609809059079277
B_mom6m_top10_then_avg_accel_6m_top3,B_6m_momentum_filter_then_acceleration,2026-01,2026-01-02,"ECHO,PLUG,UUUU",avg_accel_6m,0.04925524507181273,0.07709432516742505,0.16170189622387135,6.0,avg_accel,avg_accel_6m,10.0,,ECHO,0.05509747669035377,0.03895527486801398,0.07505792606560391,PLUG,0.052496657632600044,-0.06726461618137258,0.00896860123562826,UUUU,0.040171600892484394,0.2595923168156338,0.4010791613703819
B_mom6m_top10_then_avg_accel_6m_top3,B_6m_momentum_filter_then_acceleration,2026-02,2026-02-02,"ECHO,CIEN,MU",avg_accel_6m,0.045033330206924016,0.09278471715065077,0.4298664050850147,6.0,avg_accel,avg_accel_6m,10.0,,ECHO,0.0631220862840353,0.018275394231196174,0.0568854318302654,CIEN,0.040818251169261896,0.3174793245645542,0.9937055290592733,MU,0.03115965316747484,-0.05740056734379806,0.23900825436550543
B_mom6m_top10_then_avg_accel_6m_top3,B_6m_momentum_filter_then_acceleration,2026-03,2026-03-02,"MU,CIEN,INTC",avg_accel_6m,0.036847498607879746,0.04056092188800742,1.1744919941160183,6.0,avg_accel,avg_accel_6m,10.0,,MU,0.044387363626968226,-0.10823535017034125,1.510322902206923,CIEN,0.03436181786108635,0.1743137470586078,0.6102958970410295,INTC,0.031793314335584674,0.0556043687757557,1.4028571831001027
C_z_mom6m_plus_0.3_z_accel_2v2_4m_top3,C_combined_score,2016-01,2016-01-04,"AMZN,NVDA,LDOS",combined_score_accel_2v2_4m,2.483338559902007,-0.11624891145499294,0.005458345523553658,4.0,recent2_minus_previous2_avg_accel,accel_2v2_4m,,0.3,AMZN,2.6792735559670144,-0.09761538157961003,-0.060424853747184426,NVDA,2.3902590411223623,-0.09484083753346129,0.12084351338143162,LDOS,2.380483082616644,-0.1562905152519075,-0.044043623063586224
C_z_mom6m_plus_0.3_z_accel_2v2_4m_top3,C_combined_score,2016-02,2016-02-01,"NVDA,FSLR,PODD",combined_score_accel_2v2_4m,2.1637750778264717,0.013979636884926538,0.08200890274601524,4.0,recent2_minus_previous2_avg_accel,accel_2v2_4m,,0.3,NVDA,2.41450173075163,0.12181975252068455,0.23828334270754992,FSLR,2.0698276109479408,-0.0015912138683923382,-0.0015912138683923382,PODD,2.0069958917798445,-0.0782896279975126,0.009334579398888154
C_z_mom6m_plus_0.3_z_accel_2v2_4m_top3,C_combined_score,2016-03,2016-03-01,"FSLR,HRL,TSN",combined_score_accel_2v2_4m,2.241671351110868,0.01221654275359437,0.01221654275359437,4.0,recent2_minus_previous2_avg_accel,accel_2v2_4m,,0.3,FSLR,2.8054363953691186,-0.022312277036129258,-0.022312277036129258,HRL,2.089775291829211,0.020688561314952336,0.020688561314952336,TSN,1.8298023661342735,0.03827334398196003,0.03827334398196003
C_z_mom6m_plus_0.3_z_accel_2v2_4m_top3,C_combined_score,2016-04,2016-04-01,"TSN,NEM,SMCI",combined_score_accel_2v2_4m,2.560909621822248,0.01877944076005611,0.09426758600054308,4.0,recent2_minus_previous2_avg_accel,accel_2v2_4m,,0.3,TSN,2.7226649927350635,-0.020854374912084195,-0.020854374912084195,NEM,2.628099724415115,0.29000800387293624,0.5164724395943971,SMCI,2.3319641483165654,-0.2128153066806837,-0.2128153066806837
C_z_mom6m_plus_0.3_z_accel_2v2_4m_top3,C_combined_score,2016-05,2016-05-02,"LEU,FCX,NEM",combined_score_accel_2v2_4m,5.968626037252101,-0.10393212588975069,0.09725861798079682,4.0,recent2_minus_previous2_avg_accel,accel_2v2_4m,,0.3,LEU,12.154253915420103,-0.04516124864274451,0.08387096724574694,FCX,3.0781914760908555,-0.21771229333910225,-0.0789667491068975,NEM,2.6734327202453447,-0.0489228356874053,0.286871635803541
C_z_mom6m_plus_0.3_z_accel_2v2_4m_top3,C_combined_score,2016-06,2016-06-01,"LEU,AMD,FCX",combined_score_accel_2v2_4m,6.780656536951398,0.11678651236021431,0.33964446315726615,4.0,recent2_minus_previous2_avg_accel,accel_2v2_4m,,0.3,LEU,11.1741278314733,0.13513508506549265,0.18243241719384562,AMD,5.053093140754071,0.14446960905702166,0.659142254953321,FCX,4.1147486386268195,0.07075484295812862,0.17735871732463182
C_z_mom6m_plus_0.3_z_accel_2v2_4m_top3,C_combined_score,2016-07,2016-07-01,"LEU,AMD,NEM",combined_score_accel_2v2_4m,5.050569269464101,0.11593733308996756,0.2320615776185674,4.0,recent2_minus_previous2_avg_accel,accel_2v2_4m,,0.3,LEU,6.719691500021412,-0.05654756688510587,0.1517857161863727,AMD,4.928169500653527,0.3096646236029119,0.4497040741172329,NEM,3.5038468077173643,0.09469494255209665,0.09469494255209665
C_z_mom6m_plus_0.3_z_accel_2v2_4m_top3,C_combined_score,2016-08,2016-08-01,"LEU,AMD,NEM",combined_score_accel_2v2_4m,4.538685727876978,0.034639384745733505,0.08300952429104647,4.0,recent2_minus_previous2_avg_accel,accel_2v2_4m,,0.3,LEU,6.610801690694871,0.10410091979930125,0.24921133843524013,AMD,3.6377776746024866,0.1069277187384583,0.1069277187384583,NEM,3.367477818333578,-0.10711048430055903,-0.10711048430055903
C_z_mom6m_plus_0.3_z_accel_2v2_4m_top3,C_combined_score,2016-09,2016-09-01,"LEU,AMD,FCX",combined_score_accel_2v2_4m,5.4280790873822236,0.028047564545156112,0.4464617213994066,4.0,recent2_minus_previous2_avg_accel,accel_2v2_4m,,0.3,LEU,6.9474129684366694,0.10571425301688064,0.7457143238612585,AMD,5.3568809040530505,-0.05442178238877515,0.14149666016113716,FCX,3.9799433896569516,0.032850223007362844,0.4521741801758241
C_z_mom6m_plus_0.3_z_accel_2v2_4m_top3,C_combined_score,2016-10,2016-10-03,"LEU,AMD,DHR",combined_score_accel_2v2_4m,5.357391329936128,0.01036330776831118,0.5391929691272926,4.0,recent2_minus_previous2_avg_accel,accel_2v2_4m,,0.3,LEU,6.9023242907783935,0.023255854069589743,0.9612404075023369,AMD,5.259878382482419,0.020143934843871225,0.6446044055912483,DHR,3.909971316547572,-0.012309865608527426,0.011734094288292862
C_z_mom6m_plus_0.3_z_accel_2v2_4m_top3,C_combined_score,2016-11,2016-11-01,"AMD,TRGP,WMB",combined_score_accel_2v2_4m,4.195802104959187,0.13820808279996463,0.39153618945977725,4.0,recent2_minus_previous2_avg_accel,accel_2v2_4m,,0.3,AMD,4.774699164728499,0.18335686357642111,0.7009873286412738,TRGP,3.960634467488207,0.18051479918519697,0.3654053946529596,WMB,3.852072682660854,0.05075258563827578,0.1082158450850983
C_z_mom6m_plus_0.3_z_accel_2v2_4m_top3,C_combined_score,2016-12,2016-12-01,"TPL,LEU,AMD",combined_score_accel_2v2_4m,4.298629144634066,0.20844884238875716,0.3717623756844381,4.0,recent2_minus_previous2_avg_accel,accel_2v2_4m,,0.3,TPL,4.490960725554692,0.02078457504227149,0.08998624900297991,LEU,4.259283420343541,0.24222585707575206,0.24222585707575206,AMD,4.145643288003964,0.36233609504824793,0.7830750209745823
C_z_mom6m_plus_0.3_z_accel_2v2_4m_top3,C_combined_score,2017-01,2017-01-03,"LEU,AMD,NVDA",combined_score_accel_2v2_4m,4.073290355728621,-0.025615711100874423,0.06949723238526988,4.0,recent2_minus_previous2_avg_accel,accel_2v2_4m,,0.3,LEU,4.415546048162639,-0.24901189793498735,-0.21739131254231225,AMD,3.9831362398416252,0.055118118776920744,0.30883636384267854,NVDA,3.8211887791815977,0.11704664585544333,0.11704664585544333
C_z_mom6m_plus_0.3_z_accel_2v2_4m_top3,C_combined_score,2017-02,2017-02-01,"LEU,AMD,NVDA",combined_score_accel_2v2_4m,4.8207633858094825,0.06192358095251967,0.07829634946061237,4.0,recent2_minus_previous2_avg_accel,accel_2v2_4m,,0.3,LEU,5.374019214780549,0.04210530806776713,0.04210530806776713,AMD,4.86775316270563,0.24046430494423188,0.24046430494423188,NVDA,4.220517779942269,-0.09679887015444,-0.047680564630161903
C_z_mom6m_plus_0.3_z_accel_2v2_4m_top3,C_combined_score,2017-03,2017-03-01,"AMD,NVDA,MU",combined_score_accel_2v2_4m,3.460230525409672,0.06653017447463061,0.21248605448197774,4.0,recent2_minus_previous2_avg_accel,accel_2v2_4m,,0.3,AMD,3.8147877319664696,-0.02139035387755628,-0.02139035387755628,NVDA,3.560668592360842,0.05438246687388104,0.40589562177592864,MU,3.005235251901703,0.16659841042756707,0.25295289554756084
C_z_mom6m_plus_0.3_z_accel_2v2_4m_top3,C_combined_score,2017-04,2017-04-03,"AMD,CSX,URI",combined_score_accel_2v2_4m,3.6915193928109993,-0.028274223324063857,0.0067986310789109146,4.0,recent2_minus_previous2_avg_accel,accel_2v2_4m,,0.3,AMD,4.645900546985774,-0.06967216078166893,-0.06967216078166893,CSX,3.4417586481264384,0.10557958535910084,0.17583088190361162,URI,2.9868989833207857,-0.12073009454962347,-0.08576282788520995
C_z_mom6m_plus_0.3_z_accel_2v2_4m_top3,C_combined_score,2017-05,2017-05-01,"AMD,SHOP,ANET",combined_score_accel_2v2_4m,3.785383012465618,0.02150196587813728,0.1354447668415598,4.0,recent2_minus_previous2_avg_accel,accel_2v2_4m,,0.3,AMD,4.540985463545358,-0.19750364192259917,0.006607940774163712,SHOP,3.507298158014625,0.20942273694906666,0.3471395571425713,ANET,3.307865415836873,0.05258680260794435,0.05258680260794435
C_z_mom6m_plus_0.3_z_accel_2v2_4m_top3,C_combined_score,2017-06,2017-06-01,"PLUG,SHOP,TSLA",combined_score_accel_2v2_4m,4.185389063614168,0.019505823529067823,0.15750769394947253,4.0,recent2_minus_previous2_avg_accel,accel_2v2_4m,,0.3,PLUG,5.689244785692373,0.10215050352144872,0.24193544355565155,SHOP,3.79673757818586,-0.07962323331932353,0.18642985931466516,TSLA,3.0701848269642715,0.035990200385078275,0.044157778978100914
C_z_mom6m_plus_0.3_z_accel_2v2_4m_top3,C_combined_score,2017-07,2017-07-03,"SHOP,XYZ,NVDA",combined_score_accel_2v2_4m,3.5891472460325518,0.1883810090238757,0.3189710591070221,4.0,recent2_minus_previous2_avg_accel,accel_2v2_4m,,0.3,SHOP,4.231332991382719,0.2102325035701793,0.3837208244979846,XYZ,3.312565856086402,0.1743319998045032,0.2873411952634597,NVDA,3.223542890628535,0.1805785236969446,0.2858511575596221
C_z_mom6m_plus_0.3_z_accel_2v2_4m_top3,C_combined_score,2017-08,2017-08-01,"SHOP,XYZ,NVDA",combined_score_accel_2v2_4m,3.1788550954374544,0.023175060316610725,0.25480817594810795,4.0,recent2_minus_previous2_avg_accel,accel_2v2_4m,,0.3,SHOP,3.647273637044238,0.06514224160561843,0.14335123244171322,XYZ,3.108636376258394,-0.03282354264439624,0.36031338855609296,NVDA,2.780655273009732,0.037206481988609985,0.2607599068465176
C_z_mom6m_plus_0.3_z_accel_2v2_4m_top3,C_combined_score,2017-09,2017-09-01,"PLUG,SHOP,NRG",combined_score_accel_2v2_4m,4.170030584018882,0.12005649263144647,0.16300402424810723,4.0,recent2_minus_previous2_avg_accel,accel_2v2_4m,,0.3,PLUG,4.7408966324821495,0.25570772974786626,0.2876711687496176,SHOP,3.960213617618458,0.07342586537381224,0.07342586537381224,NRG,3.808981501956038,0.031035882772660894,0.12791503862089182
C_z_mom6m_plus_0.3_z_accel_2v2_4m_top3,C_combined_score,2017-10,2017-10-02,"SHOP,NRG,SEDG",combined_score_accel_2v2_4m,3.986356560362547,-0.025583506796123794,0.11369817370128861,4.0,recent2_minus_previous2_avg_accel,accel_2v2_4m,,0.3,SHOP,4.194293630895447,-0.19159662235794128,-0.11352940129927314,NRG,3.9015898927489645,-0.027762540608555097,0.13114568807059812,SEDG,3.86318615744323,0.142608642578125,0.32347823433254086
C_z_mom6m_plus_0.3_z_accel_2v2_4m_top3,C_combined_score,2017-11,2017-11-01,"PLUG,SEDG,SHOP",combined_score_accel_2v2_4m,4.013933406394865,0.0076414658726919145,0.12034940236583187,4.0,recent2_minus_previous2_avg_accel,accel_2v2_4m,,0.3,PLUG,5.170781216878053,-0.10992906032556649,-0.10992906032556649,SEDG,3.6289204878666856,0.05936075657585316,0.15829531216069803,SHOP,3.242098514439857,0.07349270136778907,0.3126819552623641
C_z_mom6m_plus_0.3_z_accel_2v2_4m_top3,C_combined_score,2017-12,2017-12-01,"XYZ,SEDG,ALGN",combined_score_accel_2v2_4m,3.990356768933303,-0.025386364307972736,0.21358609465470502,4.0,recent2_minus_previous2_avg_accel,accel_2v2_4m,,0.3,XYZ,4.303275581668582,-0.05363691748516641,0.2038199071697142,SEDG,3.843702630656694,0.09339080664515897,0.43103449220842593,ALGN,3.8240920944746324,-0.11591298208391076,0.005903884585974906
C_z_mom6m_plus_0.3_z_accel_2v2_4m_top3,C_combined_score,2018-01,2018-01-02,"ENPH,CVNA,ALGN",combined_score_accel_2v2_4m,5.4189534947711815,-0.005921845349115255,0.3687186535317122,4.0,recent2_minus_previous2_avg_accel,accel_2v2_4m,,0.3,ENPH,9.171436677981868,-0.16538455542727826,0.7346155362721787,CVNA,3.8181897804434684,0.00983069741472109,0.23375210235774646,ALGN,3.267234025888209,0.1377883219652114,0.1377883219652114
C_z_mom6m_plus_0.3_z_accel_2v2_4m_top3,C_combined_score,2018-02,2018-02-01,"ENPH,FSLR,SEDG",combined_score_accel_2v2_4m,5.123300855394791,0.28376535537936903,0.5446095171798906,4.0,recent2_minus_previous2_avg_accel,accel_2v2_4m,,0.3,ENPH,9.007097708250841,0.5253455421220792,1.0783410462290313,FSLR,3.2484024077178075,-0.08082905481123936,0.027239026717449377,SEDG,3.1144024502157266,0.40677957882726723,0.5282484785931911
C_z_mom6m_plus_0.3_z_accel_2v2_4m_top3,C_combined_score,2018-03,2018-03-01,"ENPH,ANET,NFLX",combined_score_accel_2v2_4m,3.3170978383816347,0.09625007897490186,0.33042238095113524,4.0,recent2_minus_previous2_avg_accel,accel_2v2_4m,,0.3,ENPH,4.608436082861399,0.3625378570534372,0.7462236585281175,ANET,2.8087525449414903,-0.03900679970542087,0.0055724082210981685,NFLX,2.534104887342016,-0.034780820423310765,0.23947107610419005
C_z_mom6m_plus_0.3_z_accel_2v2_4m_top3,C_combined_score,2018-04,2018-04-02,"ENPH,SEDG,NFLX",combined_score_accel_2v2_4m,5.020121285438161,-0.0035526861090614537,0.3382797398467184,4.0,recent2_minus_previous2_avg_accel,accel_2v2_4m,,0.3,ENPH,7.831004062569642,-0.09977832888355831,0.5831484488096834,SEDG,3.8333876718818436,-0.028650633655784463,0.011090615632926015,NFLX,3.3959721218629957,0.11777090421215841,0.4206001550975458
C_z_mom6m_plus_0.3_z_accel_2v2_4m_top3,C_combined_score,2018-05,2018-05-01,"ENPH,SEDG,AXON",combined_score_accel_2v2_4m,6.492630452743466,0.3458912955202958,0.4924357924265019,4.0,recent2_minus_previous2_avg_accel,accel_2v2_4m,,0.3,ENPH,10.497506770071567,0.42364539193842177,0.7586206815553396,SEDG,4.901415735064718,0.04091344542518338,0.07040914969852285,AXON,4.078968853094115,0.5731150491972823,0.6482775460256431
C_z_mom6m_plus_0.3_z_accel_2v2_4m_top3,C_combined_score,2018-06,2018-06-01,"ENPH,CVNA,AXON",combined_score_accel_2v2_4m,4.809419327204035,0.24533096440527516,0.565306087871005,4.0,recent2_minus_previous2_avg_accel,accel_2v2_4m,,0.3,ENPH,7.9818323767207655,0.2352940497077145,0.2352940497077145,CVNA,3.5579486355375183,0.5140220089893202,1.390486480557417,AXON,2.888476969353819,-0.013323165481209154,0.07013773334788342
C_z_mom6m_plus_0.3_z_accel_2v2_4m_top3,C_combined_score,2018-07,2018-07-02,"AXON,ENPH,TKO",combined_score_accel_2v2_4m,5.713643976940758,-0.03914949987677052,0.04307406283545919,4.0,recent2_minus_previous2_avg_accel,accel_2v2_4m,,0.3,AXON,6.148224012246879,0.06192763999488937,0.08458787711358084,ENPH,5.859831773970183,-0.21708679872295789,-0.21708679872295789,TKO,5.132876144605212,0.03771065909775695,0.2617211101157546
C_z_mom6m_plus_0.3_z_accel_2v2_4m_top3,C_combined_score,2018-08,2018-08-01,"ENPH,TKO,AXON",combined_score_accel_2v2_4m,6.442080770678113,0.013266948341614645,0.04150245461242023,4.0,recent2_minus_previous2_avg_accel,accel_2v2_4m,,0.3,ENPH,7.887057776901235,-0.12522366135861906,-0.11270126963221272,TKO,5.949071952619528,0.14368572936584934,0.21586985645185974,AXON,5.490112582513577,0.021338777017613664,0.021338777017613664
C_z_mom6m_plus_0.3_z_accel_2v2_4m_top3,C_combined_score,2018-09,2018-09-04,"CVNA,AXON,TKO",combined_score_accel_2v2_4m,4.84490585328663,-0.04231915057153849,-0.04231915057153849,4.0,recent2_minus_previous2_avg_accel,accel_2v2_4m,,0.3,CVNA,5.264423501660074,-0.14656964038661902,-0.14656964038661902,AXON,4.669899589401103,-0.04350316306543145,-0.04350316306543145,TKO,4.6003944687987115,0.06311535173743499,0.06311535173743499
C_z_mom6m_plus_0.3_z_accel_2v2_4m_top3,C_combined_score,2018-10,2018-10-01,"CVNA,AMD,DXCM",combined_score_accel_2v2_4m,5.621418264670264,-0.18910426803390223,-0.15063374997366288,4.0,recent2_minus_previous2_avg_accel,accel_2v2_4m,,0.3,CVNA,6.3983004163411055,-0.22759701378977826,-0.22759701378977826,AMD,5.519601385713868,-0.35646087637630963,-0.24538513599935996,DXCM,4.946352991955816,0.016745086064381187,0.02108089986814954
C_z_mom6m_plus_0.3_z_accel_2v2_4m_top3,C_combined_score,2018-11,2018-11-01,"AMD,CVNA,MDB",combined_score_accel_2v2_4m,5.241750025478422,0.06281229252881308,0.10768184345211944,4.0,recent2_minus_previous2_avg_accel,accel_2v2_4m,,0.3,AMD,5.987174432193703,0.1726013793093042,0.21216622459002643,CVNA,5.340692860299979,-0.03446730126074493,-0.03446730126074493,MDB,4.397382783941584,0.05030279953787997,0.1453466070270768
C_z_mom6m_plus_0.3_z_accel_2v2_4m_top3,C_combined_score,2018-12,2018-12-03,"MDB,DXCM,UUUU",combined_score_accel_2v2_4m,3.6224268637902117,-0.13514710359931414,0.055143055927994844,4.0,recent2_minus_previous2_avg_accel,accel_2v2_4m,,0.3,MDB,4.223114947708085,-0.059190470816579466,0.22570015942004384,DXCM,3.4695960599941382,-0.15674644268787952,0.05051621158407893,UUUU,3.174569583668412,-0.18950439729348345,-0.11078720322013824
C_z_mom6m_plus_0.3_z_accel_2v2_4m_top3,C_combined_score,2019-01,2019-01-02,"MDB,AMD,UUUU",combined_score_accel_2v2_4m,2.9466428079664797,0.17156755146411373,0.49834326079284263,4.0,recent2_minus_previous2_avg_accel,accel_2v2_4m,,0.3,MDB,2.998553772457619,0.1590994584895078,0.8505316147043964,AMD,2.9968040991826936,0.3016463265103333,0.3998938245966537,UUUU,2.844570552259127,0.053956869392500106,0.2446043430774778
C_z_mom6m_plus_0.3_z_accel_2v2_4m_top3,C_combined_score,2019-02,2019-02-01,"MDB,AMD,LLY",combined_score_accel_2v2_4m,3.080711150350178,0.05388770591799393,0.25454993383835123,4.0,recent2_minus_previous2_avg_accel,accel_2v2_4m,,0.3,MDB,3.592493191169434,0.1239884074694464,0.596525303459235,AMD,3.207173932744139,-0.033863725661169575,0.09383921728202571,LLY,2.442466327136962,0.07153843594570497,0.07328528077379293
C_z_mom6m_plus_0.3_z_accel_2v2_4m_top3,C_combined_score,2019-03,2019-03-01,"MDB,AMD,ZS",combined_score_accel_2v2_4m,3.31425313726247,0.23383046273249,0.2510038762689732,4.0,recent2_minus_previous2_avg_accel,accel_2v2_4m,,0.3,MDB,3.5287255551992303,0.42041082705973865,0.42041082705973865,AMD,3.445338281414021,0.11317568710461567,0.16469592771406516,ZS,2.9686955751741597,0.16790487403311571,0.16790487403311571
C_z_mom6m_plus_0.3_z_accel_2v2_4m_top3,C_combined_score,2019-04,2019-04-01,"ENPH,LEU,ZS",combined_score_accel_2v2_4m,3.8350237529521656,0.15762887600844688,0.39832778530520957,4.0,recent2_minus_previous2_avg_accel,accel_2v2_4m,,0.3,ENPH,5.265709632941208,0.4017277776896653,0.9762417694097951,LEU,3.1756742143550465,0.1357616186821642,0.1357616186821642,ZS,3.0636874115602413,-0.06460276834648881,0.08297996782366934
C_z_mom6m_plus_0.3_z_accel_2v2_4m_top3,C_combined_score,2019-05,2019-05-01,"MDB,ENPH,ZS",combined_score_accel_2v2_4m,4.515223978195959,0.06615170509351538,0.570866896577622,4.0,recent2_minus_previous2_avg_accel,accel_2v2_4m,,0.3,MDB,5.326448833336505,-0.022900745924366084,0.10514895648241618,ENPH,4.11092681802676,0.21032362035355612,1.3189523453776477,ZS,4.10829628322461,0.011032240851356123,0.28849938787280216
C_z_mom6m_plus_0.3_z_accel_2v2_4m_top3,C_combined_score,2019-06,2019-06-03,"ENPH,MDB,CVNA",combined_score_accel_2v2_4m,4.302351884373608,0.14030465950354887,0.476547005130358,4.0,recent2_minus_previous2_avg_accel,accel_2v2_4m,,0.3,ENPH,6.137363276059762,0.16486309310149871,0.9159771042890517,MDB,3.397162256943413,0.13105086496859664,0.1484375401747,CVNA,3.372530120117648,0.12500002044055125,0.36522637092732246
C_z_mom6m_plus_0.3_z_accel_2v2_4m_top3,C_combined_score,2019-07,2019-07-01,"ENPH,SHOP,ERIE",combined_score_accel_2v2_4m,4.3490048913511545,0.2102952374707866,0.2568139767368121,4.0,recent2_minus_previous2_avg_accel,accel_2v2_4m,,0.3,ENPH,7.084221075356999,0.6448088325879386,0.6448088325879386,SHOP,3.1703243083187918,0.12048705124518855,0.260043269043265,ERIE,2.792469290377675,-0.1344101714207674,-0.1344101714207674
C_z_mom6m_plus_0.3_z_accel_2v2_4m_top3,C_combined_score,2019-08,2019-08-01,"ENPH,SHOP,ERIE",combined_score_accel_2v2_4m,4.349858419015211,0.004987257608879599,0.004987257608879599,4.0,recent2_minus_previous2_avg_accel,accel_2v2_4m,,0.3,ENPH,6.566642736133789,-0.07973420558518562,-0.07973420558518562,SHOP,3.27643568526768,0.12454960335595922,0.12454960335595922,ERIE,3.206496835644165,-0.029853624944134793,-0.029853624944134793
C_z_mom6m_plus_0.3_z_accel_2v2_4m_top3,C_combined_score,2019-09,2019-09-03,"ENPH,SHOP,ZS",combined_score_accel_2v2_4m,5.055415542149129,-0.22812430369925177,-0.18793612025628367,4.0,recent2_minus_previous2_avg_accel,accel_2v2_4m,,0.3,ENPH,9.064647103509515,-0.21624554200305202,-0.2032491304349623,SHOP,3.2120452877286456,-0.18413165977243573,-0.1382355074587861,ZS,2.8895542352092263,-0.2839957093222676,-0.2223237228751026
C_z_mom6m_plus_0.3_z_accel_2v2_4m_top3,C_combined_score,2019-10,2019-10-01,"ENPH,PODD,SHOP",combined_score_accel_2v2_4m,4.925919374921078,-0.07392242458517768,0.2568530337697404,4.0,recent2_minus_previous2_avg_accel,accel_2v2_4m,,0.3,ENPH,7.4322433168532696,-0.1326577283380186,0.3514510082855018,PODD,3.7782220729306513,-0.1004115084422813,0.11711596051700535,SHOP,3.5672927349793127,0.011301963024766826,0.3019921325067141
C_z_mom6m_plus_0.3_z_accel_2v2_4m_top3,C_combined_score,2019-11,2019-11-01,"ENPH,SEDG,PODD",combined_score_accel_2v2_4m,3.8574799076306014,0.13206772785052648,0.43408210951501863,4.0,recent2_minus_previous2_avg_accel,accel_2v2_4m,,0.3,ENPH,4.0244459314922905,0.17206584090524424,0.7482739406440804,SEDG,3.842521575520302,-0.0176704072311874,0.22382491370044444,PODD,3.7054722158792113,0.24180774987752263,0.33014747420053103
C_z_mom6m_plus_0.3_z_accel_2v2_4m_top3,C_combined_score,2019-12,2019-12-02,"LEU,SEDG,BLDR",combined_score_accel_2v2_4m,3.7148388306356175,0.1519470847704462,0.37294669006159303,4.0,recent2_minus_previous2_avg_accel,accel_2v2_4m,,0.3,LEU,4.989990876199512,0.19926197573866644,0.5332103879413339,SEDG,3.1484274254121543,0.24583940330144038,0.5748898069722135,BLDR,3.006098190295187,0.010739875271231769,0.010739875271231769
C_z_mom6m_plus_0.3_z_accel_2v2_4m_top3,C_combined_score,2020-01,2020-01-02,"DXCM,LEU,PLUG",combined_score_accel_2v2_4m,3.7448252737033862,0.08607659295557184,0.30886130761921743,4.0,recent2_minus_previous2_avg_accel,accel_2v2_4m,,0.3,DXCM,4.251200472428377,0.08072746403911513,0.30244327024679474,LEU,3.912576943262172,-0.010769257178673386,0.27846160301795364,PLUG,3.07069840541961,0.18827157200627376,0.34567904959290385
C_z_mom6m_plus_0.3_z_accel_2v2_4m_top3,C_combined_score,2020-02,2020-02-03,"ENPH,TSLA,LEU",combined_score_accel_2v2_4m,4.274316464418736,0.2690331986799947,0.2690331986799947,4.0,recent2_minus_previous2_avg_accel,accel_2v2_4m,,0.3,ENPH,5.00348181620865,0.5613610080442375,0.5613610080442375,TSLA,4.028054929956049,-0.04664098299466646,-0.04664098299466646,LEU,3.791412647091509,0.2923795709904131,0.2923795709904131
C_z_mom6m_plus_0.3_z_accel_2v2_4m_top3,C_combined_score,2020-03,2020-03-02,"TSLA,LEU,PCG",combined_score_accel_2v2_4m,5.662525832409997,-0.3922725488862407,0.033311501040491555,4.0,recent2_minus_previous2_avg_accel,accel_2v2_4m,,0.3,TSLA,9.53581355346294,-0.35241120487373445,0.20774045142001563,LEU,3.8187168441688133,-0.38387489446176903,0.10348972481964225,PCG,3.6330470995982376,-0.44053154732321864,-0.2112956731181832
C_z_mom6m_plus_0.3_z_accel_2v2_4m_top3,C_combined_score,2020-04,2020-04-01,"TSLA,ENPH,LEU",combined_score_accel_2v2_4m,6.264276967535888,0.4059162358486015,1.081908206652751,4.0,recent2_minus_previous2_avg_accel,accel_2v2_4m,,0.3,TSLA,7.887707477305083,0.45635015080435526,1.325006169890199,ENPH,5.509318611543428,0.4528048147450028,1.0047027002853781,LEU,5.3958048137591526,0.3085937419964464,0.916015749782676
C_z_mom6m_plus_0.3_z_accel_2v2_4m_top3,C_combined_score,2020-05,2020-05-01,"DXCM,TSLA,ENPH",combined_score_accel_2v2_4m,3.1309598747203964,0.256445308851233,0.6105999774570184,4.0,recent2_minus_previous2_avg_accel,accel_2v2_4m,,0.3,DXCM,3.23569055021799,0.10886631643652023,0.29910408673025923,TSLA,3.217668096316838,0.28058520999750747,1.1174357512021218,ENPH,2.9395209776263616,0.3798844001196713,0.4152600944386742
C_z_mom6m_plus_0.3_z_accel_2v2_4m_top3,C_combined_score,2020-06,2020-06-01,"EQT,TSLA,ENPH",combined_score_accel_2v2_4m,4.532402726990147,-0.0141316290898299,0.7275772561525296,4.0,recent2_minus_previous2_avg_accel,accel_2v2_4m,,0.3,EQT,5.5364962819261985,-0.11111100533560725,0.21911435281297642,TSLA,4.562181010044143,0.246665160920994,1.6447501455040907,ENPH,3.498530889000099,-0.17794904285487645,0.3188672701405213
C_z_mom6m_plus_0.3_z_accel_2v2_4m_top3,C_combined_score,2020-07,2020-07-01,"TSLA,ENPH,TRGP",combined_score_accel_2v2_4m,4.9317722031561075,0.18609601052475325,0.6434205351603335,4.0,recent2_minus_previous2_avg_accel,accel_2v2_4m,,0.3,TSLA,5.368339297621786,0.3263310504364707,1.1214598983019939,ENPH,5.23279623016533,0.24765587792658073,0.8245006039677982,TRGP,4.194181081681208,-0.01569889678879166,-0.01569889678879166
C_z_mom6m_plus_0.3_z_accel_2v2_4m_top3,C_combined_score,2020-08,2020-08-03,"PLUG,TSLA,DDOG",combined_score_accel_2v2_4m,5.217436500933435,0.34619691188762536,0.4567693681525948,4.0,recent2_minus_previous2_avg_accel,accel_2v2_4m,,0.3,PLUG,6.2816509395341,0.5425764574038652,0.6888646861057979,TSLA,4.815565802174749,0.5994950111466224,0.5994950111466224,DDOG,4.555092761091457,-0.10348073288761162,0.081948407205364
C_z_mom6m_plus_0.3_z_accel_2v2_4m_top3,C_combined_score,2020-09,2020-09-01,"PLUG,LEU,TSLA",combined_score_accel_2v2_4m,4.878354288214157,-0.0670477490916439,0.43243558568049445,4.0,recent2_minus_previous2_avg_accel,accel_2v2_4m,,0.3,PLUG,5.394575510394088,-0.00920029111026388,0.7317762997288337,LEU,4.651998667783431,-0.135338391691059,0.33458640517587,TSLA,4.588488686464952,-0.05660456447360884,0.2309440521367796
C_z_mom6m_plus_0.3_z_accel_2v2_4m_top3,C_combined_score,2020-10,2020-10-01,"TSLA,PLUG,CVNA",combined_score_accel_2v2_4m,5.043901357737552,-0.0747657485163659,0.6603170836406892,4.0,recent2_minus_previous2_avg_accel,accel_2v2_4m,,0.3,TSLA,6.127587908905201,-0.106323718451248,0.6283692731663943,PLUG,4.974628746383065,0.10500001907348633,1.2978570120675221,CVNA,4.029487417924389,-0.22297354617133602,0.05472496568815122
C_z_mom6m_plus_0.3_z_accel_2v2_4m_top3,C_combined_score,2020-11,2020-11-02,"PLUG,TSLA,CVNA",combined_score_accel_2v2_4m,4.562573338217159,0.4663985952598257,1.550813973605461,4.0,recent2_minus_previous2_avg_accel,accel_2v2_4m,,0.3,PLUG,4.9018127800831595,0.5817710983177786,3.1273430751132247,TSLA,4.5083534847814395,0.46003851290975684,1.0968516930661902,CVNA,4.277553749786876,0.35738617455194155,0.4282471526369682
C_z_mom6m_plus_0.3_z_accel_2v2_4m_top3,C_combined_score,2020-12,2020-12-01,"PLUG,ALGN,ENPH",combined_score_accel_2v2_4m,3.709266309229772,0.2347095376959738,0.7287809467731862,4.0,recent2_minus_previous2_avg_accel,accel_2v2_4m,,0.3,PLUG,4.867408794423612,0.3146709878078564,1.6093175425336028,ALGN,3.1456731517949885,0.05270948919701546,0.12999395811762993,ENPH,3.114716981470713,0.33674813608304954,0.44703133966832587
C_z_mom6m_plus_0.3_z_accel_2v2_4m_top3,C_combined_score,2021-01,2021-01-04,"PLUG,MSTR,TSLA",combined_score_accel_2v2_4m,5.67484538940166,0.5426218883837878,0.6585462117696202,4.0,recent2_minus_previous2_avg_accel,accel_2v2_4m,,0.3,PLUG,7.578422832825019,0.9847684833180206,0.9847684833180206,MSTR,4.770348528336153,0.4923099157639259,0.8400828859214236,TSLA,4.675764807043806,0.15078726606941673,0.15078726606941673
C_z_mom6m_plus_0.3_z_accel_2v2_4m_top3,C_combined_score,2021-02,2021-02-01,"PLUG,MSTR,UUUU",combined_score_accel_2v2_4m,6.1402689551154275,0.09003775003340386,0.16263726857304486,4.0,recent2_minus_previous2_avg_accel,accel_2v2_4m,,0.3,PLUG,6.613301368606953,-0.17838683886993179,-0.17838683886993179,MSTR,6.318616572810221,0.23304339566722643,0.23304339566722643,UUUU,5.488888923929109,0.21545669330291695,0.43325524892184
C_z_mom6m_plus_0.3_z_accel_2v2_4m_top3,C_combined_score,2021-03,2021-03-01,"PLUG,MSTR,UUUU",combined_score_accel_2v2_4m,7.2909031530625015,-0.09215530867034465,-0.015084030826094478,4.0,recent2_minus_previous2_avg_accel,accel_2v2_4m,,0.3,PLUG,10.20804576053181,-0.32786887272421594,-0.32786887272421594,MSTR,6.558581432021848,-0.10081284387317058,-0.10081284387317058,UUUU,5.106082266633849,0.1522157905863526,0.3834296241191031
C_z_mom6m_plus_0.3_z_accel_2v2_4m_top3,C_combined_score,2021-04,2021-04-01,"PLUG,MSTR,PSKY",combined_score_accel_2v2_4m,4.977071194635155,-0.1509595320699263,-0.039174937740504436,4.0,recent2_minus_previous2_avg_accel,accel_2v2_4m,,0.3,PLUG,5.806790438351446,-0.24475324933570064,-0.05530337609379088,MSTR,5.708934150978194,-0.09656606773890541,-0.07490482776389873,PSKY,3.415488994575825,-0.11155927913517283,0.012683390636176295
C_z_mom6m_plus_0.3_z_accel_2v2_4m_top3,C_combined_score,2021-05,2021-05-03,"MSTR,TPL,UUUU",combined_score_accel_2v2_4m,4.017319777067394,-0.04777919594211807,0.06782021029973502,4.0,recent2_minus_previous2_avg_accel,accel_2v2_4m,,0.3,MSTR,4.314479536798331,-0.24835592382056437,0.023976562315733974,TPL,4.045417383765794,-0.0681842722739282,0.006281460315332721,UUUU,3.692062410638057,0.17320260826813838,0.17320260826813838
C_z_mom6m_plus_0.3_z_accel_2v2_4m_top3,C_combined_score,2021-06,2021-06-01,"UUUU,MSTR,TPL",combined_score_accel_2v2_4m,4.150451725956979,0.09912786966109659,0.13515712674477376,4.0,recent2_minus_previous2_avg_accel,accel_2v2_4m,,0.3,UUUU,4.496317615080664,-0.14484679480746898,-0.14484679480746898,MSTR,4.051203199768081,0.36231574859280347,0.470403519843835,TPL,3.9038343630221934,0.07991465519795526,0.07991465519795526
C_z_mom6m_plus_0.3_z_accel_2v2_4m_top3,C_combined_score,2021-07,2021-07-01,"UUUU,DVN,NUE",combined_score_accel_2v2_4m,4.113994087291993,-0.08475145758480547,0.18793891942539362,4.0,recent2_minus_previous2_avg_accel,accel_2v2_4m,,0.3,UUUU,5.505923532330773,-0.16123775124523232,0.11074923777889256,DVN,3.641490357953806,-0.14919910724697227,0.2501702248762354,NUE,3.1945683715914,0.05618248573778817,0.20289729562105285
C_z_mom6m_plus_0.3_z_accel_2v2_4m_top3,C_combined_score,2021-08,2021-08-02,"FANG,TPL,DVN",combined_score_accel_2v2_4m,3.852860217968671,-0.0013704523995602032,0.351653191282228,4.0,recent2_minus_previous2_avg_accel,accel_2v2_4m,,0.3,FANG,3.894942778411494,-0.028148096629166286,0.4626265535686658,TPL,3.8805877965631015,-0.08384895949815152,-0.08384895949815152,DVN,3.783050078931418,0.1078856989286372,0.6761819797761697
C_z_mom6m_plus_0.3_z_accel_2v2_4m_top3,C_combined_score,2021-09,2021-09-01,"FTNT,NUE,TPL",combined_score_accel_2v2_4m,3.331627892975314,-0.1076896337824323,-0.011582330389392418,4.0,recent2_minus_previous2_avg_accel,accel_2v2_4m,,0.3,FTNT,3.5033092658481126,-0.03394174087809165,0.050701824159114395,NUE,3.3691678994738457,-0.15675410124363143,-0.05684240572634447,TPL,3.1224065136039822,-0.13237305922557385,-0.02860640960094718
C_z_mom6m_plus_0.3_z_accel_2v2_4m_top3,C_combined_score,2021-10,2021-10-01,"NUE,BX,FTNT",combined_score_accel_2v2_4m,3.2241111876243997,0.13466015845357462,0.15969705566661788,4.0,recent2_minus_previous2_avg_accel,accel_2v2_4m,,0.3,NUE,3.4330327022531737,0.11848465040225897,0.1626637829368971,BX,3.231473130237513,0.19787837100269412,0.1985749972336983,FTNT,3.0078277303825116,0.08761745395577081,0.11785238682925825
C_z_mom6m_plus_0.3_z_accel_2v2_4m_top3,C_combined_score,2021-11,2021-11-01,"LEU,DVN,RKLB",combined_score_accel_2v2_4m,4.092711149880437,-0.02454930466764771,0.07644151787287894,4.0,recent2_minus_previous2_avg_accel,accel_2v2_4m,,0.3,LEU,4.713577125013323,-0.11147811866310575,-0.11147811866310575,DVN,4.027758494479997,-0.027387140120650688,0.27558532750092923,RKLB,3.536797830147991,0.06521734478081331,0.06521734478081331
C_z_mom6m_plus_0.3_z_accel_2v2_4m_top3,C_combined_score,2021-12,2021-12-01,"LEU,TSLA,DVN",combined_score_accel_2v2_4m,4.596796152349553,0.07083827061273089,0.18462171214025014,4.0,recent2_minus_previous2_avg_accel,accel_2v2_4m,,0.3,LEU,6.285536770235902,-0.020260226171844198,-0.020260226171844198,TSLA,3.8552751592519967,0.09568949660209758,0.09568949660209758,DVN,3.649576527560759,0.13708554140793927,0.47843586599049703
C_z_mom6m_plus_0.3_z_accel_2v2_4m_top3,C_combined_score,2022-01,2022-01-03,"LEU,NVDA,ENPH",combined_score_accel_2v2_4m,4.019280295156665,-0.19594219830088133,-0.05869035508925572,4.0,recent2_minus_previous2_avg_accel,accel_2v2_4m,,0.3,LEU,4.467730254008821,-0.17928288611416876,-0.17928288611416876,NVDA,4.028912083565386,-0.1820324619977225,-0.1130256570399355,ENPH,3.5611985478957857,-0.22651124679075274,0.11623747788633709
C_z_mom6m_plus_0.3_z_accel_2v2_4m_top3,C_combined_score,2022-02,2022-02-01,"BLDR,LEU,ANET",combined_score_accel_2v2_4m,3.518323756716436,-0.004883981843269066,0.053040389151119936,4.0,recent2_minus_previous2_avg_accel,accel_2v2_4m,,0.3,BLDR,3.9145240206896905,0.04208280516191132,0.04208280516191132,LEU,3.4352151871012273,-0.005085469591808889,-0.005085469591808889,ANET,3.205232062358389,-0.05164928109990963,0.12212383188325737
C_z_mom6m_plus_0.3_z_accel_2v2_4m_top3,C_combined_score,2022-03,2022-03-01,"DVN,HAL,COP",combined_score_accel_2v2_4m,3.3286384727454936,0.09253134186511569,0.26942494201421435,4.0,recent2_minus_previous2_avg_accel,accel_2v2_4m,,0.3,DVN,3.9635376710171375,0.03566388311783042,0.3124703300692069,HAL,3.017592996852252,0.20149495727443223,0.29306971259349157,COP,3.0047847503670915,0.04043518520308442,0.20273478337994466
C_z_mom6m_plus_0.3_z_accel_2v2_4m_top3,C_combined_score,2022-04,2022-04-01,"DVN,OXY,COP",combined_score_accel_2v2_4m,3.5172451024860805,-0.02540070095890164,0.21170199403150902,4.0,recent2_minus_previous2_avg_accel,accel_2v2_4m,,0.3,DVN,3.8365838638071827,-0.03313998125967499,0.2672744038520105,OXY,3.605940192655466,0.0032695995057594462,0.2118395467492904,COP,3.109211250995593,-0.04633172112278938,0.15599203149322616
C_z_mom6m_plus_0.3_z_accel_2v2_4m_top3,C_combined_score,2022-05,2022-05-02,"EQT,OXY,MOS",combined_score_accel_2v2_4m,3.8430433095197025,0.13912734305371052,0.13912734305371052,4.0,recent2_minus_previous2_avg_accel,accel_2v2_4m,,0.3,EQT,4.055752200614568,0.2666893858823096,0.2666893858823096,OXY,3.795845197969607,0.20789022945206215,0.20789022945206215,MOS,3.6775325299749335,-0.05719758617324022,-0.05719758617324022
C_z_mom6m_plus_0.3_z_accel_2v2_4m_top3,C_combined_score,2022-06,2022-06-01,"EQT,OXY,VLO",combined_score_accel_2v2_4m,3.388790402399511,-0.21243758426919293,-0.083871528817749,4.0,recent2_minus_previous2_avg_accel,accel_2v2_4m,,0.3,EQT,4.087119400172919,-0.3118472504767288,-0.06676933087658621,OXY,3.066624787129659,-0.1401015861667264,-0.026852132967281173,VLO,3.0126270198959535,-0.18536391616412362,-0.1579931226093796
C_z_mom6m_plus_0.3_z_accel_2v2_4m_top3,C_combined_score,2022-07,2022-07-01,"EQT,OXY,DVN",combined_score_accel_2v2_4m,3.0087331594032514,0.14369310285943113,0.24154623276227113,4.0,recent2_minus_previous2_avg_accel,accel_2v2_4m,,0.3,EQT,3.5166109793614995,0.23460724174779646,0.3561388365736011,OXY,2.861593256169435,0.07925206623820924,0.13170096766965678,DVN,2.6479952426788205,0.11722000059228765,0.23679889404355547
C_z_mom6m_plus_0.3_z_accel_2v2_4m_top3,C_combined_score,2022-08,2022-08-01,"OXY,EQT,VRTX",combined_score_accel_2v2_4m,2.107321357490093,0.06893887359151758,0.12650905823575362,4.0,recent2_minus_previous2_avg_accel,accel_2v2_4m,,0.3,OXY,2.468440056884194,0.04859745287702899,0.13366238296690702,EQT,2.1117714811498223,0.09843745501910073,0.09843745501910073,VRTX,1.7417525344362619,0.05978171287842304,0.14742733672125308
C_z_mom6m_plus_0.3_z_accel_2v2_4m_top3,C_combined_score,2022-09,2022-09-01,"ENPH,EQT,OXY",combined_score_accel_2v2_4m,3.131588616766296,-0.047725580972415936,0.03222800540066295,4.0,recent2_minus_previous2_avg_accel,accel_2v2_4m,,0.3,ENPH,3.758218234137769,0.016852338915988252,0.11402829886743038,EQT,3.200482918531087,-0.09846686202750843,-0.09846686202750843,OXY,2.436064697630033,-0.061562219805727625,0.0811225793620669
C_z_mom6m_plus_0.3_z_accel_2v2_4m_top3,C_combined_score,2022-10,2022-10-03,"EQT,FSLR,CEG",combined_score_accel_2v2_4m,4.080160726246911,0.05554880098495326,0.111549692388432,4.0,recent2_minus_previous2_avg_accel,accel_2v2_4m,,0.3,EQT,4.329410604497168,-0.023951985349288663,-0.0021210771734255784,FSLR,4.280095962154546,0.08746898429311889,0.23364075032769205,CEG,3.6309756120890193,0.10312940401102955,0.10312940401102955
C_z_mom6m_plus_0.3_z_accel_2v2_4m_top3,C_combined_score,2022-11,2022-11-01,"FSLR,CEG,ENPH",combined_score_accel_2v2_4m,3.5132741242708376,0.05780649660077419,0.08385482407379614,4.0,recent2_minus_previous2_avg_accel,accel_2v2_4m,,0.3,FSLR,4.076601901707407,0.13441465287360677,0.21255963529267263,CEG,3.5237779947560073,-0.00947916360891854,-0.00947916360891854,ENPH,2.9394424763490985,0.04848400053763435,0.04848400053763435
C_z_mom6m_plus_0.3_z_accel_2v2_4m_top3,C_combined_score,2022-12,2022-12-01,"FSLR,TPL,SMCI",combined_score_accel_2v2_4m,3.1571811799818597,-0.12822971173772582,0.036951167830254684,4.0,recent2_minus_previous2_avg_accel,accel_2v2_4m,,0.3,FSLR,3.285818373727614,-0.13409274798271897,0.16103002533987554,TPL,3.212480372401697,-0.17712384406407655,-0.17712384406407655,SMCI,2.9732447938162663,-0.07347254316638197,0.12694732221496507
C_z_mom6m_plus_0.3_z_accel_2v2_4m_top3,C_combined_score,2023-01,2023-01-03,"SMCI,FSLR,AXON",combined_score_accel_2v2_4m,3.778500262865219,0.12149670109734423,0.37477564257480994,4.0,recent2_minus_previous2_avg_accel,accel_2v2_4m,,0.3,SMCI,4.07961694669807,-0.04912946794614759,0.3441450922389375,FSLR,3.9794123199169977,0.23441133947365245,0.42860080858824956,AXON,3.2764715219805907,0.17920823176452783,0.3515810268972428
C_z_mom6m_plus_0.3_z_accel_2v2_4m_top3,C_combined_score,2023-02,2023-02-01,"SMCI,FSLR,AXON",combined_score_accel_2v2_4m,3.2143270538667807,0.1598776800284997,0.23902812237641916,4.0,recent2_minus_previous2_avg_accel,accel_2v2_4m,,0.3,SMCI,3.7488263319905983,0.27915724085060467,0.4135942243741886,FSLR,3.3036486715031916,0.08620593563950107,0.15731341968828527,AXON,2.5905061581065527,0.11426986359539337,0.14617672306678364
C_z_mom6m_plus_0.3_z_accel_2v2_4m_top3,C_combined_score,2023-03,2023-03-01,"CVNA,FSLR,RCL",combined_score_accel_2v2_4m,3.9989128283490687,0.002238077315137884,0.33469534161957903,4.0,recent2_minus_previous2_avg_accel,accel_2v2_4m,,0.3,CVNA,5.19924932019495,0.042648763598271744,0.7732885422141715,FSLR,3.4247804946994145,0.06546409084656668,0.06674168696961136,RCL,3.3727086701528424,-0.10139862249942477,0.1640557956749542
C_z_mom6m_plus_0.3_z_accel_2v2_4m_top3,C_combined_score,2023-04,2023-04-03,"RCL,AXON,MSTR",combined_score_accel_2v2_4m,3.7553413959535575,0.008764928462035582,0.27555180030262766,4.0,recent2_minus_previous2_avg_accel,accel_2v2_4m,,0.3,RCL,3.8730834012639574,0.04249007067595589,0.6062253598483254,AXON,3.770970142942788,-0.05009015093109215,-0.05009015093109215,MSTR,3.6219706436539267,0.033894865641243,0.2705201919906497
C_z_mom6m_plus_0.3_z_accel_2v2_4m_top3,C_combined_score,2023-05,2023-05-01,"NVDA,SMCI,AXON",combined_score_accel_2v2_4m,3.611448175582222,0.48769117982560944,0.9070582639013463,4.0,recent2_minus_previous2_avg_accel,accel_2v2_4m,,0.3,NVDA,3.8793034867440412,0.3756485795575497,0.608848580721099,SMCI,3.840406131335159,1.1978879257079433,2.2114928691725018,AXON,3.114634908667465,-0.11046296578866466,-0.09916665818956161
C_z_mom6m_plus_0.3_z_accel_2v2_4m_top3,C_combined_score,2023-06,2023-06-01,"META,NVDA,GE",combined_score_accel_2v2_4m,3.5327875864794316,0.05008267509108181,0.1652935817085178,4.0,recent2_minus_previous2_avg_accel,accel_2v2_4m,,0.3,META,4.129314157372789,0.049191191267607515,0.18377917322878212,NVDA,3.978656717418802,0.06656718044705556,0.21986432107046805,GE,2.4903918846467037,0.034489653558582356,0.09223725082630319
C_z_mom6m_plus_0.3_z_accel_2v2_4m_top3,C_combined_score,2023-07,2023-07-03,"CVNA,SMCI,PLTR",combined_score_accel_2v2_4m,6.509669283449461,0.5153594692806505,0.5378401241074623,4.0,recent2_minus_previous2_avg_accel,accel_2v2_4m,,0.3,CVNA,7.61395445952038,0.9034883411463168,0.9709303056267522,SMCI,7.459677116904251,0.35457465551576983,0.35457465551576983,PLTR,4.4553762739237515,0.28801541117986473,0.28801541117986473
C_z_mom6m_plus_0.3_z_accel_2v2_4m_top3,C_combined_score,2023-08,2023-08-01,"CVNA,SMCI,PLTR",combined_score_accel_2v2_4m,6.798136104066534,-0.12310285372093033,-0.10481424544427491,4.0,recent2_minus_previous2_avg_accel,accel_2v2_4m,,0.3,CVNA,10.00365356109842,0.03543072107277556,0.03543072107277556,SMCI,6.36762151254365,-0.16411899604166968,-0.14427067082551082,PLTR,4.023133238557535,-0.24062028619389686,-0.20560278658008946
C_z_mom6m_plus_0.3_z_accel_2v2_4m_top3,C_combined_score,2023-09,2023-09-01,"CVNA,SMCI,PLTR",combined_score_accel_2v2_4m,7.3045511479361664,-0.05275441773036219,0.043644358182396724,4.0,recent2_minus_previous2_avg_accel,accel_2v2_4m,,0.3,CVNA,11.54763634694662,-0.2281219424048233,-0.2281219424048233,SMCI,6.350537558248744,0.023745395722796214,0.023745395722796214,PLTR,4.015479538613137,0.04611329349094051,0.33530962122921726
C_z_mom6m_plus_0.3_z_accel_2v2_4m_top3,C_combined_score,2023-10,2023-10-02,"CVNA,APP,SMCI",combined_score_accel_2v2_4m,7.058930246468499,-0.1884785526600331,0.06110501328310743,4.0,recent2_minus_previous2_avg_accel,accel_2v2_4m,,0.3,CVNA,11.437526175654028,-0.33783439269138016,0.2450955779093309,APP,5.190554308504799,-0.10093089080564499,-0.04997552500682645,SMCI,4.54871025524667,-0.12667037448307417,-0.011805013053182156
C_z_mom6m_plus_0.3_z_accel_2v2_4m_top3,C_combined_score,2023-11,2023-11-01,"CVNA,SMCI,APP",combined_score_accel_2v2_4m,5.37078106714809,0.1551388474467789,0.7698042901238124,4.0,recent2_minus_previous2_avg_accel,accel_2v2_4m,,0.3,CVNA,6.836530883217598,0.3543670688439846,0.8803386406159583,SMCI,4.725699967660226,0.06881516273781463,1.3129979836253955,APP,4.550112350566442,0.04223431075853745,0.11607624613008327
C_z_mom6m_plus_0.3_z_accel_2v2_4m_top3,C_combined_score,2023-12,2023-12-01,"CVNA,SMCI,PLTR",combined_score_accel_2v2_4m,4.3740968155632105,0.08832762651455343,1.314982016526299,4.0,recent2_minus_previous2_avg_accel,accel_2v2_4m,,0.3,CVNA,5.885327073063737,0.388352304092062,1.3568180602074649,SMCI,4.152197181804284,0.058673024920034234,2.3582316034723747,PLTR,3.084766191821609,-0.18204244946843595,0.22989638589905748
C_z_mom6m_plus_0.3_z_accel_2v2_4m_top3,C_combined_score,2024-01,2024-01-02,"CVNA,COIN,MSTR",combined_score_accel_2v2_4m,4.936136326864374,-0.19097327609617643,0.9239462826107182,4.0,recent2_minus_previous2_avg_accel,accel_2v2_4m,,0.3,CVNA,6.128604977351445,-0.12973200132464524,0.7759361063587848,COIN,5.250810545633659,-0.17803421127780872,0.607024431180218,MSTR,3.4289934576080183,-0.2651536156860753,1.3888783102931517
C_z_mom6m_plus_0.3_z_accel_2v2_4m_top3,C_combined_score,2024-02,2024-02-01,"CVNA,COIN,MSTR",combined_score_accel_2v2_4m,5.969932215087172,0.8967389168838981,1.417894653957438,4.0,recent2_minus_previous2_avg_accel,accel_2v2_4m,,0.3,CVNA,7.997412767474575,0.9506230780899649,1.0477310319875568,COIN,5.860547715056109,0.595734851820529,0.9550989265361769,MSTR,4.05183616273083,1.1438588207412002,2.2508540033485804
C_z_mom6m_plus_0.3_z_accel_2v2_4m_top3,C_combined_score,2024-03,2024-03-01,"SMCI,CRWD,CVNA",combined_score_accel_2v2_4m,4.105666159309335,0.06914761511733158,0.11804668603586548,4.0,recent2_minus_previous2_avg_accel,accel_2v2_4m,,0.3,SMCI,6.86443025885462,0.1454145903034021,0.1454145903034021,CRWD,2.991677658508359,0.015861379966830347,0.015861379966830347,CVNA,2.460890560565024,0.046166875081762315,0.19286408783736397
C_z_mom6m_plus_0.3_z_accel_2v2_4m_top3,C_combined_score,2024-04,2024-04-01,"SMCI,MSTR,CVNA",combined_score_accel_2v2_4m,6.948814594158577,-0.21881533461544578,0.07009725827616431,4.0,recent2_minus_previous2_avg_accel,accel_2v2_4m,,0.3,SMCI,8.593898848254327,-0.2881453556578677,-0.2167766945326116,MSTR,6.601085128781855,-0.37175723688693996,-0.0057003475212275,CVNA,5.651459805439552,0.00345658869847032,0.43276881688233204
C_z_mom6m_plus_0.3_z_accel_2v2_4m_top3,C_combined_score,2024-05,2024-05-01,"MSTR,SMCI,COIN",combined_score_accel_2v2_4m,6.90217777587976,0.24259619697295967,0.264578299011416,4.0,recent2_minus_previous2_avg_accel,accel_2v2_4m,,0.3,MSTR,9.495407119499795,0.582667896645291,0.582667896645291,SMCI,5.730049037121809,0.04373555731780132,0.10025735126194513,COIN,5.4810771710176756,0.10138513695578677,0.11080964912701186
C_z_mom6m_plus_0.3_z_accel_2v2_4m_top3,C_combined_score,2024-06,2024-06-03,"MSTR,CVNA,SMCI",combined_score_accel_2v2_4m,4.548456089959347,0.0500246148980675,0.1545728481756988,4.0,recent2_minus_previous2_avg_accel,accel_2v2_4m,,0.3,MSTR,5.0720858397617175,-0.1606478860509044,-0.07103310013676012,CVNA,4.303568752998994,0.25656836445624176,0.48059827837499136,SMCI,4.2697136771173305,0.054153366288865135,0.054153366288865135
C_z_mom6m_plus_0.3_z_accel_2v2_4m_top3,C_combined_score,2024-07,2024-07-01,"MSTR,CVNA,VST",combined_score_accel_2v2_4m,4.750496350168851,0.051891452437984764,0.3370823672588817,4.0,recent2_minus_previous2_avg_accel,accel_2v2_4m,,0.3,MSTR,6.537432174635681,0.10676661728117032,0.19102178156195126,CVNA,4.131438694181089,0.17828708748026978,0.4137514539985796,VST,3.5826181816897833,-0.1293793474474858,0.40647386621611425
C_z_mom6m_plus_0.3_z_accel_2v2_4m_top3,C_combined_score,2024-08,2024-08-01,"MSTR,CVNA,ARM",combined_score_accel_2v2_4m,5.232252427262308,-0.06206710712672973,0.41575271775001177,4.0,recent2_minus_previous2_avg_accel,accel_2v2_4m,,0.3,MSTR,5.464518421560096,-0.1909036195530026,0.519437013148633,CVNA,5.130255091974975,-0.013650065322653337,0.5634725824499975,ARM,5.101983768251854,0.01835236349546676,0.16434855765140477
C_z_mom6m_plus_0.3_z_accel_2v2_4m_top3,C_combined_score,2024-09,2024-09-03,"CVNA,MSTR,ARM",combined_score_accel_2v2_4m,4.999974849103896,0.21540063754544025,1.0054899084656357,4.0,recent2_minus_previous2_avg_accel,accel_2v2_4m,,0.3,CVNA,6.266921044885901,0.21644065403107549,0.7640465038319864,MSTR,5.657452031274106,0.3300359945004989,2.1090581159399773,ARM,3.0755514711516776,0.09972526410474636,0.14336510562494298
C_z_mom6m_plus_0.3_z_accel_2v2_4m_top3,C_combined_score,2024-10,2024-10-01,"CVNA,MMM,MSTR",combined_score_accel_2v2_4m,2.7110427997734945,0.21440918673826323,0.5874923250029691,4.0,recent2_minus_previous2_avg_accel,accel_2v2_4m,,0.3,CVNA,3.3987398837753386,0.30307173182374303,0.45017062524689466,MMM,2.4263194307435656,-0.07179329734947681,-0.025268068370632224,MSTR,2.3080690848015784,0.41194912574052345,1.337574418132645
C_z_mom6m_plus_0.3_z_accel_2v2_4m_top3,C_combined_score,2024-11,2024-11-01,"RKLB,APP,VST",combined_score_accel_2v2_4m,4.618653682463127,0.8291338270496075,1.0440903395467167,4.0,recent2_minus_previous2_avg_accel,accel_2v2_4m,,0.3,RKLB,4.863908633834683,1.1151489076420713,1.4851137452861187,APP,4.664524724982203,1.0827371056093336,1.234697029103577,VST,4.327527688572495,0.28951546789741767,0.41246024425045413
C_z_mom6m_plus_0.3_z_accel_2v2_4m_top3,C_combined_score,2024-12,2024-12-02,"LEU,RKLB,MSTR",combined_score_accel_2v2_4m,5.961361075410994,-0.09329802980373329,0.035379456106064,4.0,recent2_minus_previous2_avg_accel,accel_2v2_4m,,0.3,LEU,7.61507401506607,-0.10209770879488689,0.018552185723901493,RKLB,5.245250689718781,0.03332636617444629,0.17491195835307738,MSTR,5.023758521448129,-0.21112274679075926,-0.08732577575878686
C_z_mom6m_plus_0.3_z_accel_2v2_4m_top3,C_combined_score,2025-01,2025-01-02,"RKLB,APP,MSTR",combined_score_accel_2v2_4m,7.3676962101438805,0.12105770670736475,0.12105770670736475,4.0,recent2_minus_previous2_avg_accel,accel_2v2_4m,,0.3,RKLB,8.722461042921617,0.13701923885171485,0.13701923885171485,APP,7.986386169554721,0.06922582873957994,0.06922582873957994,MSTR,5.394241417955303,0.15692805253079944,0.15692805253079944
C_z_mom6m_plus_0.3_z_accel_2v2_4m_top3,C_combined_score,2025-02,2025-02-03,"RKLB,APP,PLTR",combined_score_accel_2v2_4m,7.002448848213146,-0.14106989089043756,0.030052309825976103,4.0,recent2_minus_previous2_avg_accel,accel_2v2_4m,,0.3,RKLB,8.576146962196258,-0.342494700521053,-0.2205778191208413,APP,7.54870231855612,-0.07689362389390075,-0.07689362389390075,PLTR,4.882497263887059,-0.0038213482563589363,0.38762837249267035
C_z_mom6m_plus_0.3_z_accel_2v2_4m_top3,C_combined_score,2025-03,2025-03-03,"RKLB,APP,PLTR",combined_score_accel_2v2_4m,4.814970540535811,-0.05806664099193859,0.399917411341995,4.0,recent2_minus_previous2_avg_accel,accel_2v2_4m,,0.3,RKLB,5.804444727401314,-0.02733120220001306,0.42550914249652516,APP,4.821002198751726,-0.16197303825227471,0.19140928447613836,PLTR,3.819464695454397,0.015104317476472007,0.5828338070533214
C_z_mom6m_plus_0.3_z_accel_2v2_4m_top3,C_combined_score,2025-04,2025-04-01,"APP,RKLB,LEU",combined_score_accel_2v2_4m,4.833162717831395,0.1008622054305383,0.9707603782624391,4.0,recent2_minus_previous2_avg_accel,accel_2v2_4m,,0.3,APP,5.5408363298408,-0.011354870300838371,0.4216837152726276,RKLB,5.068240809443649,0.21873285422275934,0.8914601957349577,LEU,3.890411014209736,0.0952086323696939,1.5991372237797319
C_z_mom6m_plus_0.3_z_accel_2v2_4m_top3,C_combined_score,2025-05,2025-05-01,"APP,RKLB,PLTR",combined_score_accel_2v2_4m,4.408427488516655,0.2589534804708409,0.5971351779271962,4.0,recent2_minus_previous2_avg_accel,accel_2v2_4m,,0.3,APP,4.639928451026485,0.4380121568041677,0.4380121568041677,RKLB,4.383885052060526,0.202531617191005,1.0257685204881741,PLTR,4.201468962462957,0.13631666741734993,0.32762485648924655
C_z_mom6m_plus_0.3_z_accel_2v2_4m_top3,C_combined_score,2025-06,2025-06-02,"PLTR,RKLB,MSTR",combined_score_accel_2v2_4m,5.620874403933736,0.094356148553982,0.34874716664787936,4.0,recent2_minus_previous2_avg_accel,accel_2v2_4m,,0.3,PLTR,5.987292224792864,-0.010299914264645715,0.18971527056559334,RKLB,5.726774393465027,0.2906015540875664,0.8537594235390193,MSTR,5.148556593543314,0.0027668058390253325,0.0027668058390253325
C_z_mom6m_plus_0.3_z_accel_2v2_4m_top3,C_combined_score,2025-07,2025-07-01,"PLTR,LEU,NRG",combined_score_accel_2v2_4m,4.497579223197254,0.16434032348475477,0.4851834845604544,4.0,recent2_minus_previous2_avg_accel,accel_2v2_4m,,0.3,PLTR,4.98681400900514,0.1805173930121562,0.41528931216812603,LEU,4.961539956631524,0.23484081287711134,0.9625983769482405,NRG,3.5443837039550985,0.07766276456499677,0.07766276456499677
C_z_mom6m_plus_0.3_z_accel_2v2_4m_top3,C_combined_score,2025-08,2025-08-01,"LEU,RKLB,PLTR",combined_score_accel_2v2_4m,4.456917123533029,0.03246374818136936,0.45274638246343435,4.0,recent2_minus_previous2_avg_accel,accel_2v2_4m,,0.3,LEU,6.359634694323617,-0.02131235252907482,0.6463782807073697,RKLB,3.7795501400535825,0.10042400941951812,0.3688908340259407,PLTR,3.231566536221886,0.018279587653664775,0.34297003265699266
C_z_mom6m_plus_0.3_z_accel_2v2_4m_top3,C_combined_score,2025-09,2025-09-02,"LEU,UUUU,RKLB",combined_score_accel_2v2_4m,4.432742849946611,0.32657046597906464,0.4976995566026153,4.0,recent2_minus_previous2_avg_accel,accel_2v2_4m,,0.3,LEU,5.680795033412852,0.62396383512066,0.6822305716863362,UUUU,3.8174126959439807,0.38292258036406346,0.5669013886455498,RKLB,3.8000208204830015,-0.0271750175475296,0.2439667094759599
C_z_mom6m_plus_0.3_z_accel_2v2_4m_top3,C_combined_score,2025-10,2025-10-01,"ECHO,UUUU,ALAB",combined_score_accel_2v2_4m,5.842462471289106,0.021990295511607028,0.1763299079166123,4.0,recent2_minus_previous2_avg_accel,accel_2v2_4m,,0.3,ECHO,7.9790412526378525,-0.051949650986389595,0.4110691862286262,UUUU,5.15862092894015,0.1330362313073612,0.1330362313073612,ALAB,4.389725232289316,-0.01511569378615052,-0.01511569378615052
C_z_mom6m_plus_0.3_z_accel_2v2_4m_top3,C_combined_score,2025-11,2025-11-03,"ECHO,LEU,UUUU",combined_score_accel_2v2_4m,5.596016441421232,-0.1693820251563326,0.17373072943090082,4.0,recent2_minus_previous2_avg_accel,accel_2v2_4m,,0.3,ECHO,7.015231356897422,-0.031444907260395616,0.5463712193780337,LEU,5.275522794773422,-0.2671506231462031,-0.20551617318688264,UUUU,4.497295172592853,-0.20955054506239912,0.18033714210155138
C_z_mom6m_plus_0.3_z_accel_2v2_4m_top3,C_combined_score,2025-12,2025-12-01,"LEU,PLUG,UUUU",combined_score_accel_2v2_4m,4.544544681040741,0.14368732086402622,0.30218058499959916,4.0,recent2_minus_previous2_avg_accel,accel_2v2_4m,,0.3,LEU,4.922265392307993,0.08410247986281161,0.08410247986281161,PLUG,4.487826655194364,0.16145836922805823,0.16145836922805823,UUUU,4.2235419956198665,0.1855011135012088,0.6609809059079277
C_z_mom6m_plus_0.3_z_accel_2v2_4m_top3,C_combined_score,2026-01,2026-01-02,"ECHO,CIEN,MU",combined_score_accel_2v2_4m,3.7751089380163196,0.17270079354748366,0.383737998870417,4.0,recent2_minus_previous2_avg_accel,accel_2v2_4m,,0.3,ECHO,4.55462327125265,0.03895527486801398,0.07505792606560391,CIEN,3.459769465906546,0.09115659960307076,0.6881655643742808,MU,3.310934076889763,0.3879905061713662,0.3879905061713662
C_z_mom6m_plus_0.3_z_accel_2v2_4m_top3,C_combined_score,2026-02,2026-02-02,"ECHO,RKLB,MU",combined_score_accel_2v2_4m,4.895551470007408,-0.02733707271762779,0.11957973822538359,4.0,recent2_minus_previous2_avg_accel,accel_2v2_4m,,0.3,ECHO,6.2753204687066875,0.018275394231196174,0.0568854318302654,RKLB,4.514231438867298,-0.042886045040281484,0.06284552848037994,MU,3.897102502448239,-0.05740056734379806,0.23900825436550543
C_z_mom6m_plus_0.3_z_accel_2v2_4m_top3,C_combined_score,2026-03,2026-03-02,"ECHO,MU,RKLB",combined_score_accel_2v2_4m,5.550854485090444,-0.05628349413973188,0.7694992495958676,4.0,recent2_minus_previous2_avg_accel,accel_2v2_4m,,0.3,ECHO,6.71559126945737,0.016177942062758577,0.07364339266342568,MU,5.434728457881518,-0.10823535017034125,1.510322902206923,RKLB,4.502243727932447,-0.07679307431161297,0.7245314539172538
C_z_mom6m_plus_0.3_z_accel_3v3_6m_top3,C_combined_score,2016-01,2016-01-04,"NVDA,LDOS,AMZN",combined_score_accel_3v3_6m,2.667358240399937,-0.11624891145499294,0.005458345523553658,6.0,recent3_minus_previous3_avg_accel,accel_3v3_6m,,0.3,NVDA,2.7184411043880674,-0.09484083753346129,0.12084351338143162,LDOS,2.647079012005188,-0.1562905152519075,-0.044043623063586224,AMZN,2.6365546048065545,-0.09761538157961003,-0.060424853747184426
C_z_mom6m_plus_0.3_z_accel_3v3_6m_top3,C_combined_score,2016-02,2016-02-01,"FSLR,NVDA,AMD",combined_score_accel_3v3_6m,3.0634038749182637,0.04630670289845936,0.32811853300862087,6.0,recent3_minus_previous3_avg_accel,accel_3v3_6m,,0.3,FSLR,3.913086435914189,-0.0015912138683923382,-0.0015912138683923382,NVDA,2.933564751676027,0.12181975252068455,0.23828334270754992,AMD,2.3435604371645757,0.01869157004308586,0.7476634701867051
C_z_mom6m_plus_0.3_z_accel_3v3_6m_top3,C_combined_score,2016-03,2016-03-01,"FSLR,NVDA,HRL",combined_score_accel_3v3_6m,2.836836641939895,0.034064317837387094,0.14380040916296247,6.0,recent3_minus_previous3_avg_accel,accel_3v3_6m,,0.3,FSLR,3.75622167478066,-0.022312277036129258,-0.022312277036129258,NVDA,2.459707163207517,0.10381666923333821,0.43302494321006435,HRL,2.294581087831508,0.020688561314952336,0.020688561314952336
C_z_mom6m_plus_0.3_z_accel_3v3_6m_top3,C_combined_score,2016-04,2016-04-01,"NEM,TSN,SEDG",combined_score_accel_3v3_6m,2.943570840819168,0.1185094562242442,0.1939976014647312,6.0,recent3_minus_previous3_avg_accel,accel_3v3_6m,,0.3,NEM,3.3949584831749986,0.29000800387293624,0.5164724395943971,TSN,2.769422124502398,-0.020854374912084195,-0.020854374912084195,SEDG,2.6663319147801063,0.08637473971188059,0.08637473971188059
C_z_mom6m_plus_0.3_z_accel_3v3_6m_top3,C_combined_score,2016-05,2016-05-02,"LEU,NEM,FCX",combined_score_accel_3v3_6m,5.960491096259877,-0.10393212588975069,0.09725861798079682,6.0,recent3_minus_previous3_avg_accel,accel_3v3_6m,,0.3,LEU,11.868838790416087,-0.04516124864274451,0.08387096724574694,NEM,3.262585869652173,-0.0489228356874053,0.286871635803541,FCX,2.7500486287113737,-0.21771229333910225,-0.0789667491068975
C_z_mom6m_plus_0.3_z_accel_3v3_6m_top3,C_combined_score,2016-06,2016-06-01,"LEU,AMD,FCX",combined_score_accel_3v3_6m,6.617795012689684,0.11678651236021431,0.33964446315726615,6.0,recent3_minus_previous3_avg_accel,accel_3v3_6m,,0.3,LEU,11.028675032010725,0.13513508506549265,0.18243241719384562,AMD,4.5491058535673545,0.14446960905702166,0.659142254953321,FCX,4.275604152490975,0.07075484295812862,0.17735871732463182
C_z_mom6m_plus_0.3_z_accel_3v3_6m_top3,C_combined_score,2016-07,2016-07-01,"LEU,AMD,OKE",combined_score_accel_3v3_6m,7.023798879648896,0.052279376023779446,0.2301713773893915,6.0,recent3_minus_previous3_avg_accel,accel_3v3_6m,,0.3,LEU,12.530226780834978,-0.05654756688510587,0.1517857161863727,AMD,4.724422632161534,0.3096646236029119,0.4497040741172329,OKE,3.8167472259501753,-0.0962789286464677,0.08902434186456887
C_z_mom6m_plus_0.3_z_accel_3v3_6m_top3,C_combined_score,2016-08,2016-08-01,"LEU,OKE,NEM",combined_score_accel_3v3_6m,4.9462431079780425,0.036694318872155206,0.11571520483269238,6.0,recent3_minus_previous3_avg_accel,accel_3v3_6m,,0.3,LEU,7.116009272672679,0.10410091979930125,0.24921133843524013,OKE,4.073902022637793,0.11309252111772339,0.20504476036339603,NEM,3.648818028623655,-0.10711048430055903,-0.10711048430055903
C_z_mom6m_plus_0.3_z_accel_3v3_6m_top3,C_combined_score,2016-09,2016-09-01,"LEU,AMD,FCX",combined_score_accel_3v3_6m,5.795279941213945,0.028047564545156112,0.4464617213994066,6.0,recent3_minus_previous3_avg_accel,accel_3v3_6m,,0.3,LEU,6.970648845446133,0.10571425301688064,0.7457143238612585,AMD,5.649719541070931,-0.05442178238877515,0.14149666016113716,FCX,4.765471437124769,0.032850223007362844,0.4521741801758241
C_z_mom6m_plus_0.3_z_accel_3v3_6m_top3,C_combined_score,2016-10,2016-10-03,"LEU,AMD,DVN",combined_score_accel_3v3_6m,5.893650693096401,-0.03462845219429952,0.5628079906576954,6.0,recent3_minus_previous3_avg_accel,accel_3v3_6m,,0.3,LEU,6.917158603968215,0.023255854069589743,0.9612404075023369,AMD,6.277725537496326,0.020143934843871225,0.6446044055912483,DVN,4.48606793782466,-0.14728514549635952,0.08257915887950085
C_z_mom6m_plus_0.3_z_accel_3v3_6m_top3,C_combined_score,2016-11,2016-11-01,"AMD,WMB,NVDA",combined_score_accel_3v3_6m,4.779883090532322,0.16841178083320787,0.48730897317615574,6.0,recent3_minus_previous3_avg_accel,accel_3v3_6m,,0.3,AMD,5.745388037787911,0.18335686357642111,0.7009873286412738,WMB,4.482894840973485,0.05075258563827578,0.1082158450850983,NVDA,4.1113663928355715,0.27112589328492676,0.6527237458020951
C_z_mom6m_plus_0.3_z_accel_3v3_6m_top3,C_combined_score,2016-12,2016-12-01,"TPL,NVDA,AMD",combined_score_accel_3v3_6m,3.9772049323381697,0.18236231091207364,0.3910886265182796,6.0,recent3_minus_previous3_avg_accel,accel_3v3_6m,,0.3,TPL,4.359753393603362,0.02078457504227149,0.08998624900297991,NVDA,4.198352639977611,0.16396626264570147,0.30020460957727657,AMD,3.373508763433536,0.36233609504824793,0.7830750209745823
C_z_mom6m_plus_0.3_z_accel_3v3_6m_top3,C_combined_score,2017-01,2017-01-03,"TPL,NVDA,LEU",combined_score_accel_3v3_6m,3.3045875879836237,-0.021390873061518285,-0.010850677930626587,6.0,recent3_minus_previous3_avg_accel,accel_3v3_6m,,0.3,TPL,3.4537968598652093,0.06779263289498916,0.06779263289498916,NVDA,3.3825650957473408,0.11704664585544333,0.11704664585544333,LEU,3.0774008083383215,-0.24901189793498735,-0.21739131254231225
C_z_mom6m_plus_0.3_z_accel_3v3_6m_top3,C_combined_score,2017-02,2017-02-01,"LEU,AMD,NVDA",combined_score_accel_3v3_6m,5.028652973334753,0.06192358095251967,0.07829634946061237,6.0,recent3_minus_previous3_avg_accel,accel_3v3_6m,,0.3,LEU,7.639065969036682,0.04210530806776713,0.04210530806776713,AMD,3.7817627181220113,0.24046430494423188,0.24046430494423188,NVDA,3.6651302328455655,-0.09679887015444,-0.047680564630161903
C_z_mom6m_plus_0.3_z_accel_3v3_6m_top3,C_combined_score,2017-03,2017-03-01,"LEU,FCX,URI",combined_score_accel_3v3_6m,4.4204620209901675,-0.04786292912626322,-0.04786292912626322,6.0,recent3_minus_previous3_avg_accel,accel_3v3_6m,,0.3,LEU,6.017096861146413,-0.018518540817300533,-0.018518540817300533,FCX,3.6446116834514672,-0.053609732941216515,-0.053609732941216515,URI,3.599677518372623,-0.07146051362027261,-0.07146051362027261
C_z_mom6m_plus_0.3_z_accel_3v3_6m_top3,C_combined_score,2017-04,2017-04-03,"AMD,LEU,NRG",combined_score_accel_3v3_6m,4.588940835436997,-0.10911224459362079,-0.10019835725740152,6.0,recent3_minus_previous3_avg_accel,accel_3v3_6m,,0.3,AMD,5.283255682955519,-0.06967216078166893,-0.06967216078166893,LEU,4.956329116139936,-0.14922811268341052,-0.14922811268341052,NRG,3.527237707215535,-0.10843646031578291,-0.08169479830712512
C_z_mom6m_plus_0.3_z_accel_3v3_6m_top3,C_combined_score,2017-05,2017-05-01,"AMD,NRG,SHOP",combined_score_accel_3v3_6m,4.095626346720334,0.005772661101926091,0.27568308244014456,6.0,recent3_minus_previous3_avg_accel,accel_3v3_6m,,0.3,AMD,5.06941727841426,-0.19750364192259917,0.006607940774163712,NRG,4.114280769472958,0.005398888279310787,0.4733017494036986,SHOP,3.1031809922737836,0.20942273694906666,0.3471395571425713
C_z_mom6m_plus_0.3_z_accel_3v3_6m_top3,C_combined_score,2017-06,2017-06-01,"PLUG,AMD,SHOP",combined_score_accel_3v3_6m,4.299228948521459,0.04471553347362626,0.22757036949446707,6.0,recent3_minus_previous3_avg_accel,accel_3v3_6m,,0.3,PLUG,4.886525214611642,0.10215050352144872,0.24193544355565155,AMD,4.2403505632402,0.11161933021875359,0.2543458056130845,SHOP,3.7708110677125344,-0.07962323331932353,0.18642985931466516
C_z_mom6m_plus_0.3_z_accel_3v3_6m_top3,C_combined_score,2017-07,2017-07-03,"SHOP,MELI,PLUG",combined_score_accel_3v3_6m,4.146301181444371,0.1631491278602779,0.2925232945849958,6.0,recent3_minus_previous3_avg_accel,accel_3v3_6m,,0.3,SHOP,5.241469699527299,0.2102325035701793,0.3837208244979846,MELI,3.609666763216416,0.15238561341994838,0.15238561341994838,PLUG,3.5877670815893987,0.12682926659070604,0.34146344583705446
C_z_mom6m_plus_0.3_z_accel_3v3_6m_top3,C_combined_score,2017-08,2017-08-01,"PLUG,SHOP,XYZ",combined_score_accel_3v3_6m,4.477693250904186,-0.0065431015773661505,0.24148128103914543,6.0,recent3_minus_previous3_avg_accel,accel_3v3_6m,,0.3,PLUG,5.675805426311694,-0.051948003693320643,0.22077922211963008,SHOP,4.539102106033991,0.06514224160561843,0.14335123244171322,XYZ,3.2181722203668732,-0.03282354264439624,0.36031338855609296
C_z_mom6m_plus_0.3_z_accel_3v3_6m_top3,C_combined_score,2017-09,2017-09-01,"PLUG,SHOP,FSLR",combined_score_accel_3v3_6m,4.576281175394041,0.1051125372443847,0.20718283972405102,6.0,recent3_minus_previous3_avg_accel,accel_3v3_6m,,0.3,PLUG,5.179698873875026,0.25570772974786626,0.2876711687496176,SHOP,4.3137246387891794,0.07342586537381224,0.07342586537381224,FSLR,4.235420013517921,-0.013795983388524391,0.2604514850487232
C_z_mom6m_plus_0.3_z_accel_3v3_6m_top3,C_combined_score,2017-10,2017-10-02,"PLUG,SEDG,NVDA",combined_score_accel_3v3_6m,4.087013990616609,0.10853488580970312,0.16882474972784176,6.0,recent3_minus_previous3_avg_accel,accel_3v3_6m,,0.3,PLUG,5.250240511887826,0.02545452117919922,0.02545452117919922,SEDG,3.7171722248300694,0.142608642578125,0.32347823433254086,NVDA,3.2936292351319327,0.15754149367178516,0.15754149367178516
C_z_mom6m_plus_0.3_z_accel_3v3_6m_top3,C_combined_score,2017-11,2017-11-01,"PLUG,NVDA,FSLR",combined_score_accel_3v3_6m,3.9085846359131984,-0.03373346743803185,0.09422335760593925,6.0,recent3_minus_previous3_avg_accel,accel_3v3_6m,,0.3,PLUG,4.81812426549997,-0.10992906032556649,-0.10992906032556649,NVDA,3.494112028454179,-0.045282881964703314,0.1615206253254884,FSLR,3.413517613785446,0.05401153997617425,0.23107850781789585
C_z_mom6m_plus_0.3_z_accel_3v3_6m_top3,C_combined_score,2017-12,2017-12-01,"NVDA,XYZ,SEDG",combined_score_accel_3v3_6m,4.103272596275305,0.01606721184785313,0.28382224587090193,6.0,recent3_minus_previous3_avg_accel,accel_3v3_6m,,0.3,NVDA,4.507368057090027,0.008447746383566823,0.21661233823456572,XYZ,3.9778101162729858,-0.05363691748516641,0.2038199071697142,SEDG,3.824639615462901,0.09339080664515897,0.43103449220842593
C_z_mom6m_plus_0.3_z_accel_3v3_6m_top3,C_combined_score,2018-01,2018-01-02,"ENPH,PODD,NRG",combined_score_accel_3v3_6m,6.098400879199407,-0.04534357079318496,0.3391784156186494,6.0,recent3_minus_previous3_avg_accel,accel_3v3_6m,,0.3,ENPH,12.698016494415965,-0.16538455542727826,0.7346155362721787,PODD,2.8406858558855905,0.11376809382784203,0.2318840579710144,NRG,2.7565002872966686,-0.08441425078011866,0.05103565261275511
C_z_mom6m_plus_0.3_z_accel_3v3_6m_top3,C_combined_score,2018-02,2018-02-01,"ENPH,NRG,FCX",combined_score_accel_3v3_6m,5.4862521413487615,0.16569944976211912,0.3974421832317419,6.0,recent3_minus_previous3_avg_accel,accel_3v3_6m,,0.3,ENPH,10.256730575361908,0.5253455421220792,1.0783410462290313,NRG,3.1677930878917957,0.018539424700097618,0.1607721210020141,FCX,3.0342327607925785,-0.046786617535819475,-0.046786617535819475
C_z_mom6m_plus_0.3_z_accel_3v3_6m_top3,C_combined_score,2018-03,2018-03-01,"ENPH,ANET,TKO",combined_score_accel_3v3_6m,4.640188298400089,0.08312631695079405,0.4379553293946077,6.0,recent3_minus_previous3_avg_accel,accel_3v3_6m,,0.3,ENPH,7.420133693145753,0.3625378570534372,0.7462236585281175,ANET,3.857764850579226,-0.03900679970542087,0.0055724082210981685,TKO,2.6426663514752864,-0.0741521064956342,0.5620699214346074
C_z_mom6m_plus_0.3_z_accel_3v3_6m_top3,C_combined_score,2018-04,2018-04-02,"ENPH,AXON,SEDG",combined_score_accel_3v3_6m,4.527364202132119,-0.025670184382125094,0.4160803957539186,6.0,recent3_minus_previous3_avg_accel,accel_3v3_6m,,0.3,ENPH,6.591363728548382,-0.09977832888355831,0.5831484488096834,AXON,3.638260454118285,0.05141840939296749,0.6540021228191464,SEDG,3.3524684237296913,-0.028650633655784463,0.011090615632926015
C_z_mom6m_plus_0.3_z_accel_3v3_6m_top3,C_combined_score,2018-05,2018-05-01,"ENPH,AXON,SEDG",combined_score_accel_3v3_6m,5.169455647541208,0.3458912955202958,0.4924357924265019,6.0,recent3_minus_previous3_avg_accel,accel_3v3_6m,,0.3,ENPH,7.395576067540175,0.42364539193842177,0.7586206815553396,AXON,4.157949340300443,0.5731150491972823,0.6482775460256431,SEDG,3.9548415347830073,0.04091344542518338,0.07040914969852285
C_z_mom6m_plus_0.3_z_accel_3v3_6m_top3,C_combined_score,2018-06,2018-06-01,"ENPH,CVNA,AXON",combined_score_accel_3v3_6m,6.186971711378555,0.24533096440527516,0.565306087871005,6.0,recent3_minus_previous3_avg_accel,accel_3v3_6m,,0.3,ENPH,8.263895697271142,0.2352940497077145,0.2352940497077145,CVNA,5.806468686780704,0.5140220089893202,1.390486480557417,AXON,4.49055075008382,-0.013323165481209154,0.07013773334788342
C_z_mom6m_plus_0.3_z_accel_3v3_6m_top3,C_combined_score,2018-07,2018-07-02,"AXON,TKO,CVNA",combined_score_accel_3v3_6m,4.770155940203665,0.04173173544634653,0.30840236399628046,6.0,recent3_minus_previous3_avg_accel,accel_3v3_6m,,0.3,AXON,6.053224392515889,0.06192763999488937,0.08458787711358084,TKO,4.303687679323508,0.03771065909775695,0.2617211101157546,CVNA,3.953555748771598,0.025556907246393257,0.5788981047595059
C_z_mom6m_plus_0.3_z_accel_3v3_6m_top3,C_combined_score,2018-08,2018-08-01,"TKO,ENPH,AXON",combined_score_accel_3v3_6m,5.5416150926267385,0.013266948341614645,0.04150245461242023,6.0,recent3_minus_previous3_avg_accel,accel_3v3_6m,,0.3,TKO,5.831797519975326,0.14368572936584934,0.21586985645185974,ENPH,5.7000489387519515,-0.12522366135861906,-0.11270126963221272,AXON,5.092998819152938,0.021338777017613664,0.021338777017613664
C_z_mom6m_plus_0.3_z_accel_3v3_6m_top3,C_combined_score,2018-09,2018-09-04,"AXON,TKO,ENPH",combined_score_accel_3v3_6m,5.680988098234056,0.011309050864262296,0.06720545127668909,6.0,recent3_minus_previous3_avg_accel,accel_3v3_6m,,0.3,AXON,5.968585735132685,-0.04350316306543145,-0.04350316306543145,TKO,5.594601527821695,0.06311535173743499,0.06311535173743499,ENPH,5.479777031747789,0.014314963920783352,0.18200416515806372
C_z_mom6m_plus_0.3_z_accel_3v3_6m_top3,C_combined_score,2018-10,2018-10-01,"CVNA,DXCM,AMD",combined_score_accel_3v3_6m,5.898107859610394,-0.18910426803390223,-0.15063374997366288,6.0,recent3_minus_previous3_avg_accel,accel_3v3_6m,,0.3,CVNA,7.77233441650429,-0.22759701378977826,-0.22759701378977826,DXCM,5.060347815872464,0.016745086064381187,0.02108089986814954,AMD,4.861641346454426,-0.35646087637630963,-0.24538513599935996
C_z_mom6m_plus_0.3_z_accel_3v3_6m_top3,C_combined_score,2018-11,2018-11-01,"AMD,CVNA,TKO",combined_score_accel_3v3_6m,5.3639698831088225,0.05464047864510457,0.10859473969724098,6.0,recent3_minus_previous3_avg_accel,accel_3v3_6m,,0.3,AMD,6.799209459175938,0.1726013793093042,0.21216622459002643,CVNA,4.813354158153415,-0.03446730126074493,-0.03446730126074493,TKO,4.479346031997114,0.02578735788675446,0.14808529576244145
C_z_mom6m_plus_0.3_z_accel_3v3_6m_top3,C_combined_score,2018-12,2018-12-03,"AMD,DXCM,MDB",combined_score_accel_3v3_6m,4.319573141349168,-0.1405857383437571,0.10331915270361058,6.0,recent3_minus_previous3_avg_accel,accel_3v3_6m,,0.3,AMD,4.600777809012441,-0.2058203015268123,0.03374108710670898,DXCM,4.211296206653313,-0.15674644268787952,0.05051621158407893,MDB,4.146645408381752,-0.059190470816579466,0.22570015942004384
C_z_mom6m_plus_0.3_z_accel_3v3_6m_top3,C_combined_score,2019-01,2019-01-02,"MDB,AMD,UUUU",combined_score_accel_3v3_6m,2.8737904865970694,0.17156755146411373,0.49834326079284263,6.0,recent3_minus_previous3_avg_accel,accel_3v3_6m,,0.3,MDB,2.9879180570487485,0.1590994584895078,0.8505316147043964,AMD,2.8891280322099773,0.3016463265103333,0.3998938245966537,UUUU,2.744325370532482,0.053956869392500106,0.2446043430774778
C_z_mom6m_plus_0.3_z_accel_3v3_6m_top3,C_combined_score,2019-02,2019-02-01,"MDB,SBUX,CIEN",combined_score_accel_3v3_6m,3.157819868866115,0.09536512167377409,0.28569101567256716,6.0,recent3_minus_previous3_avg_accel,accel_3v3_6m,,0.3,MDB,3.9606945903685435,0.1239884074694464,0.596525303459235,SBUX,2.869150618942057,0.04565789297442824,0.1440986789810188,CIEN,2.6436143972877444,0.11644906457744764,0.11644906457744764
C_z_mom6m_plus_0.3_z_accel_3v3_6m_top3,C_combined_score,2019-03,2019-03-01,"MDB,ENPH,VEEV",combined_score_accel_3v3_6m,3.4518029239768917,0.16407271573318796,0.46257308673762076,6.0,recent3_minus_previous3_avg_accel,accel_3v3_6m,,0.3,MDB,3.6378588813945303,0.42041082705973865,0.42041082705973865,ENPH,3.44882163701422,0.017582400077467586,0.7263735581964528,VEEV,3.2687282535219246,0.054224920062357684,0.24093487495667087
C_z_mom6m_plus_0.3_z_accel_3v3_6m_top3,C_combined_score,2019-04,2019-04-01,"ENPH,LEU,ERIE",combined_score_accel_3v3_6m,4.172823931842953,0.19580162342751617,0.5153028854260716,6.0,recent3_minus_previous3_avg_accel,accel_3v3_6m,,0.3,ENPH,6.564885396197065,0.4017277776896653,0.9762417694097951,LEU,3.011765532579736,0.1357616186821642,0.1357616186821642,ERIE,2.941820866752058,0.049915473910719044,0.43390526818625563
C_z_mom6m_plus_0.3_z_accel_3v3_6m_top3,C_combined_score,2019-05,2019-05-01,"ENPH,ZS,MDB",combined_score_accel_3v3_6m,5.018580849624865,0.06615170509351538,0.570866896577622,6.0,recent3_minus_previous3_avg_accel,accel_3v3_6m,,0.3,ENPH,6.118434512572163,0.21032362035355612,1.3189523453776477,ZS,4.495139408879649,0.011032240851356123,0.28849938787280216,MDB,4.442168627422782,-0.022900745924366084,0.10514895648241618
C_z_mom6m_plus_0.3_z_accel_3v3_6m_top3,C_combined_score,2019-06,2019-06-03,"ENPH,CVNA,SMCI",combined_score_accel_3v3_6m,5.208472232773708,0.09627561914179776,0.4267224063665725,6.0,recent3_minus_previous3_avg_accel,accel_3v3_6m,,0.3,ENPH,7.40161995333388,0.16486309310149871,0.9159771042890517,CVNA,4.557731074892688,0.12500002044055125,0.36522637092732246,SMCI,3.6660656700945564,-0.0010362561166566975,-0.0010362561166566975
C_z_mom6m_plus_0.3_z_accel_3v3_6m_top3,C_combined_score,2019-07,2019-07-01,"ENPH,CVNA,ZS",combined_score_accel_3v3_6m,4.798714102487262,0.23834733733989066,0.3237509744424591,6.0,recent3_minus_previous3_avg_accel,accel_3v3_6m,,0.3,ENPH,6.238962008925361,0.6448088325879386,0.6448088325879386,CVNA,4.711288467602369,-0.04267638142147623,0.213534529886229,ZS,3.4458918309340554,0.11290956085320958,0.11290956085320958
C_z_mom6m_plus_0.3_z_accel_3v3_6m_top3,C_combined_score,2019-08,2019-08-01,"ENPH,CVNA,SHOP",combined_score_accel_3v3_6m,4.807958628763596,0.10414929854608461,0.12065409414660089,6.0,recent3_minus_previous3_avg_accel,accel_3v3_6m,,0.3,ENPH,6.794091014030899,-0.07973420558518562,-0.07973420558518562,CVNA,3.842210635529538,0.2676324978674802,0.31714688466902907,SHOP,3.7875742367303515,0.12454960335595922,0.12454960335595922
C_z_mom6m_plus_0.3_z_accel_3v3_6m_top3,C_combined_score,2019-09,2019-09-03,"ENPH,SHOP,PCG",combined_score_accel_3v3_6m,4.871429780294654,-0.15458810797101954,-0.1349572533437731,6.0,recent3_minus_previous3_avg_accel,accel_3v3_6m,,0.3,ENPH,8.659398812464318,-0.21624554200305202,-0.2032491304349623,SHOP,3.2945913923639587,-0.18413165977243573,-0.1382355074587861,PCG,2.6602991360556834,-0.06338712213757092,-0.06338712213757092
C_z_mom6m_plus_0.3_z_accel_3v3_6m_top3,C_combined_score,2019-10,2019-10-01,"ENPH,SHOP,PODD",combined_score_accel_3v3_6m,4.269159629678127,-0.07392242458517768,0.2568530337697404,6.0,recent3_minus_previous3_avg_accel,accel_3v3_6m,,0.3,ENPH,6.270720709588713,-0.1326577283380186,0.3514510082855018,SHOP,3.352059787258281,0.011301963024766826,0.3019921325067141,PODD,3.1846983921873853,-0.1004115084422813,0.11711596051700535
C_z_mom6m_plus_0.3_z_accel_3v3_6m_top3,C_combined_score,2019-11,2019-11-01,"ENPH,SEDG,PODD",combined_score_accel_3v3_6m,4.459353452062015,0.13206772785052648,0.43408210951501863,6.0,recent3_minus_previous3_avg_accel,accel_3v3_6m,,0.3,ENPH,5.40780952710857,0.17206584090524424,0.7482739406440804,SEDG,4.700870721548134,-0.0176704072311874,0.22382491370044444,PODD,3.2693801075293405,0.24180774987752263,0.33014747420053103
C_z_mom6m_plus_0.3_z_accel_3v3_6m_top3,C_combined_score,2019-12,2019-12-02,"LEU,SEDG,BLDR",combined_score_accel_3v3_6m,4.149772764079395,0.1519470847704462,0.37294669006159303,6.0,recent3_minus_previous3_avg_accel,accel_3v3_6m,,0.3,LEU,5.354864795333772,0.19926197573866644,0.5332103879413339,SEDG,3.6895751934610974,0.24583940330144038,0.5748898069722135,BLDR,3.404878303443316,0.010739875271231769,0.010739875271231769
C_z_mom6m_plus_0.3_z_accel_3v3_6m_top3,C_combined_score,2020-01,2020-01-02,"LEU,TSLA,DXCM",combined_score_accel_3v3_6m,3.963308513765901,0.29427184932276884,0.4645874047908711,6.0,recent3_minus_previous3_avg_accel,accel_3v3_6m,,0.3,LEU,4.083968985526637,-0.010769257178673386,0.27846160301795364,TSLA,3.9243905980221983,0.8128573411078648,0.8128573411078648,DXCM,3.8815659577488684,0.08072746403911513,0.30244327024679474
C_z_mom6m_plus_0.3_z_accel_3v3_6m_top3,C_combined_score,2020-02,2020-02-03,"LEU,TSLA,ENPH",combined_score_accel_3v3_6m,4.7827861799836,0.2690331986799947,0.2690331986799947,6.0,recent3_minus_previous3_avg_accel,accel_3v3_6m,,0.3,LEU,5.963976599268854,0.2923795709904131,0.2923795709904131,TSLA,4.563128586538861,-0.04664098299466646,-0.04664098299466646,ENPH,3.8212533541430878,0.5613610080442375,0.5613610080442375
C_z_mom6m_plus_0.3_z_accel_3v3_6m_top3,C_combined_score,2020-03,2020-03-02,"TSLA,PCG,PLUG",combined_score_accel_3v3_6m,5.973929423904916,-0.34458949221405777,-0.007301275830295273,6.0,recent3_minus_previous3_avg_accel,accel_3v3_6m,,0.3,TSLA,8.824246798901124,-0.35241120487373445,0.20774045142001563,PCG,4.575077281576566,-0.44053154732321864,-0.2112956731181832,PLUG,4.522464191237055,-0.2408257244452202,-0.018348605792718242
C_z_mom6m_plus_0.3_z_accel_3v3_6m_top3,C_combined_score,2020-04,2020-04-01,"TSLA,LEU,ENPH",combined_score_accel_3v3_6m,6.480926067740995,0.4059162358486015,1.081908206652751,6.0,recent3_minus_previous3_avg_accel,accel_3v3_6m,,0.3,TSLA,7.723558813201237,0.45635015080435526,1.325006169890199,LEU,6.081225066282118,0.3085937419964464,0.916015749782676,ENPH,5.637994323739631,0.4528048147450028,1.0047027002853781
C_z_mom6m_plus_0.3_z_accel_3v3_6m_top3,C_combined_score,2020-05,2020-05-01,"TSLA,ENPH,DXCM",combined_score_accel_3v3_6m,4.109738339909793,0.256445308851233,0.6105999774570184,6.0,recent3_minus_previous3_avg_accel,accel_3v3_6m,,0.3,TSLA,4.7598713787289,0.28058520999750747,1.1174357512021218,ENPH,3.9345546342567053,0.3798844001196713,0.4152600944386742,DXCM,3.634789006743774,0.10886631643652023,0.29910408673025923
C_z_mom6m_plus_0.3_z_accel_3v3_6m_top3,C_combined_score,2020-06,2020-06-01,"ENPH,EQT,SHOP",combined_score_accel_3v3_6m,5.651864097297292,0.017384545817703396,0.3448153107281066,6.0,recent3_minus_previous3_avg_accel,accel_3v3_6m,,0.3,ENPH,7.088233018944759,-0.17794904285487645,0.3188672701405213,EQT,5.435547197712623,-0.11111100533560725,0.21911435281297642,SHOP,4.431812075234494,0.3412136856435939,0.4964643092308221
C_z_mom6m_plus_0.3_z_accel_3v3_6m_top3,C_combined_score,2020-07,2020-07-01,"ENPH,ZS,SHOP",combined_score_accel_3v3_6m,5.096306330640852,0.1673101825386977,0.4564546369757152,6.0,recent3_minus_previous3_avg_accel,accel_3v3_6m,,0.3,ENPH,5.793657441522811,0.24765587792658073,0.8245006039677982,ZS,4.762841698332287,0.18895165717137408,0.4291094750017428,SHOP,4.732419852067457,0.06532301251813832,0.11575383195760458
C_z_mom6m_plus_0.3_z_accel_3v3_6m_top3,C_combined_score,2020-08,2020-08-03,"PLUG,TSLA,SHOP",combined_score_accel_3v3_6m,5.0823884036940825,0.39646999765563656,0.4452327405562808,6.0,recent3_minus_previous3_avg_accel,accel_3v3_6m,,0.3,PLUG,5.78785194863947,0.5425764574038652,0.6888646861057979,TSLA,4.784949334691248,0.5994950111466224,0.5994950111466224,SHOP,4.6743639277515285,0.04733852441642217,0.04733852441642217
C_z_mom6m_plus_0.3_z_accel_3v3_6m_top3,C_combined_score,2020-09,2020-09-01,"LEU,PLUG,CVNA",combined_score_accel_3v3_6m,4.781988003798666,-0.03217240671826849,0.39057903537833255,6.0,recent3_minus_previous3_avg_accel,accel_3v3_6m,,0.3,LEU,5.610734104978937,-0.135338391691059,0.33458640517587,PLUG,4.955698766702702,-0.00920029111026388,0.7317762997288337,CVNA,3.77953113971436,0.04802146264651741,0.10537440123029396
C_z_mom6m_plus_0.3_z_accel_3v3_6m_top3,C_combined_score,2020-10,2020-10-01,"PLUG,CVNA,TSLA",combined_score_accel_3v3_6m,5.644883492476282,-0.0747657485163659,0.6603170836406892,6.0,recent3_minus_previous3_avg_accel,accel_3v3_6m,,0.3,PLUG,7.051297470582444,0.10500001907348633,1.2978570120675221,CVNA,5.043728363883591,-0.22297354617133602,0.05472496568815122,TSLA,4.83962464296281,-0.106323718451248,0.6283692731663943
C_z_mom6m_plus_0.3_z_accel_3v3_6m_top3,C_combined_score,2020-11,2020-11-02,"CVNA,TSLA,PLUG",combined_score_accel_3v3_6m,4.8890217722583955,0.4663985952598257,1.550813973605461,6.0,recent3_minus_previous3_avg_accel,accel_3v3_6m,,0.3,CVNA,5.3316800752440585,0.35738617455194155,0.4282471526369682,TSLA,4.90364332836566,0.46003851290975684,1.0968516930661902,PLUG,4.4317419131654665,0.5817710983177786,3.1273430751132247
C_z_mom6m_plus_0.3_z_accel_3v3_6m_top3,C_combined_score,2020-12,2020-12-01,"PLUG,TSLA,ENPH",combined_score_accel_3v3_6m,4.773173540136533,0.29980040701272176,0.8308369292938669,6.0,recent3_minus_previous3_avg_accel,accel_3v3_6m,,0.3,PLUG,6.1464585535889515,0.3146709878078564,1.6093175425336028,TSLA,4.846046575167566,0.24798209714725927,0.4361619056796717,ENPH,3.3270154916530803,0.33674813608304954,0.44703133966832587
C_z_mom6m_plus_0.3_z_accel_3v3_6m_top3,C_combined_score,2021-01,2021-01-04,"PLUG,MSTR,TSLA",combined_score_accel_3v3_6m,5.892086269370602,0.5426218883837878,0.6585462117696202,6.0,recent3_minus_previous3_avg_accel,accel_3v3_6m,,0.3,PLUG,7.776333871668821,0.9847684833180206,0.9847684833180206,MSTR,5.048264789713705,0.4923099157639259,0.8400828859214236,TSLA,4.851660146729282,0.15078726606941673,0.15078726606941673
C_z_mom6m_plus_0.3_z_accel_3v3_6m_top3,C_combined_score,2021-02,2021-02-01,"MSTR,PLUG,UUUU",combined_score_accel_3v3_6m,5.617269150836557,0.09003775003340386,0.16263726857304486,6.0,recent3_minus_previous3_avg_accel,accel_3v3_6m,,0.3,MSTR,6.786153072668624,0.23304339566722643,0.23304339566722643,PLUG,5.0935137329356,-0.17838683886993179,-0.17838683886993179,UUUU,4.972140646905449,0.21545669330291695,0.43325524892184
C_z_mom6m_plus_0.3_z_accel_3v3_6m_top3,C_combined_score,2021-03,2021-03-01,"PLUG,MSTR,UUUU",combined_score_accel_3v3_6m,7.654949284983208,-0.09215530867034465,-0.015084030826094478,6.0,recent3_minus_previous3_avg_accel,accel_3v3_6m,,0.3,PLUG,8.981141320376327,-0.32786887272421594,-0.32786887272421594,MSTR,8.296668845086712,-0.10081284387317058,-0.10081284387317058,UUUU,5.687037689486587,0.1522157905863526,0.3834296241191031
C_z_mom6m_plus_0.3_z_accel_3v3_6m_top3,C_combined_score,2021-04,2021-04-01,"MSTR,UUUU,PLUG",combined_score_accel_3v3_6m,5.289274984767034,-0.10596932274621433,0.023486886642625326,6.0,recent3_minus_previous3_avg_accel,accel_3v3_6m,,0.3,MSTR,6.116185500217567,-0.09656606773890541,-0.07490482776389873,UUUU,5.548888329294538,0.023411348835963075,0.2006688637855656,PLUG,4.202751124788998,-0.24475324933570064,-0.05530337609379088
C_z_mom6m_plus_0.3_z_accel_3v3_6m_top3,C_combined_score,2021-05,2021-05-03,"TPL,MSTR,PLUG",combined_score_accel_3v3_6m,4.615950022932906,-0.05219007458833839,0.09370100845796998,6.0,recent3_minus_previous3_avg_accel,accel_3v3_6m,,0.3,TPL,4.980700102913931,-0.0681842722739282,0.006281460315332721,MSTR,4.688462414083272,-0.24835592382056437,0.023976562315733974,PLUG,4.178687551801513,0.1599699723294774,0.25084500274284327
C_z_mom6m_plus_0.3_z_accel_3v3_6m_top3,C_combined_score,2021-06,2021-06-01,"UUUU,TPL,LEU",combined_score_accel_3v3_6m,4.305488830048006,0.0252836676061096,0.07690414756876707,6.0,recent3_minus_previous3_avg_accel,accel_3v3_6m,,0.3,UUUU,4.8040413007976275,-0.14484679480746898,-0.14484679480746898,TPL,4.530036831015512,0.07991465519795526,0.07991465519795526,LEU,3.582388358330878,0.1407831424278425,0.2956445823158149
C_z_mom6m_plus_0.3_z_accel_3v3_6m_top3,C_combined_score,2021-07,2021-07-01,"UUUU,TPL,NUE",combined_score_accel_3v3_6m,4.610284796019031,-0.06327813909183717,0.07628912721062601,6.0,recent3_minus_previous3_avg_accel,accel_3v3_6m,,0.3,UUUU,6.488798644931638,-0.16123775124523232,0.11074923777889256,TPL,3.847433652011837,-0.08477915176806738,-0.08477915176806738,NUE,3.494622091113618,0.05618248573778817,0.20289729562105285
C_z_mom6m_plus_0.3_z_accel_3v3_6m_top3,C_combined_score,2021-08,2021-08-02,"GNRC,NUE,TPL",combined_score_accel_3v3_6m,3.17627160043658,0.0506121644300066,0.10652049471158216,6.0,recent3_minus_previous3_avg_accel,accel_3v3_6m,,0.3,GNRC,3.4238923700035198,0.09677497863769524,0.26449996948242194,NUE,3.143716158637363,0.13891047415047608,0.13891047415047608,TPL,2.961206272668856,-0.08384895949815152,-0.08384895949815152
C_z_mom6m_plus_0.3_z_accel_3v3_6m_top3,C_combined_score,2021-09,2021-09-01,"NUE,FTNT,IT",combined_score_accel_3v3_6m,3.3494426137485687,-0.06691681086157357,0.018525808201059868,6.0,recent3_minus_previous3_avg_accel,accel_3v3_6m,,0.3,NUE,4.349613557314845,-0.15675410124363143,-0.05684240572634447,FTNT,3.076636268944163,-0.03394174087809165,0.050701824159114395,IT,2.6220780149866982,-0.010054590462997615,0.06171800617040968
C_z_mom6m_plus_0.3_z_accel_3v3_6m_top3,C_combined_score,2021-10,2021-10-01,"BX,NUE,FTNT",combined_score_accel_3v3_6m,2.9929646708231985,0.13466015845357462,0.15969705566661788,6.0,recent3_minus_previous3_avg_accel,accel_3v3_6m,,0.3,BX,3.1909677038573716,0.19787837100269412,0.1985749972336983,NUE,3.1416917721815634,0.11848465040225897,0.1626637829368971,FTNT,2.64623453643066,0.08761745395577081,0.11785238682925825
C_z_mom6m_plus_0.3_z_accel_3v3_6m_top3,C_combined_score,2021-11,2021-11-01,"LEU,MDB,DVN",combined_score_accel_3v3_6m,4.349191277059959,-0.07397085099230105,0.04753761833035649,6.0,recent3_minus_previous3_avg_accel,accel_3v3_6m,,0.3,LEU,5.587458072761736,-0.11147811866310575,-0.11147811866310575,MDB,3.8853861939333045,-0.08304729419314671,-0.021494353846754022,DVN,3.574729564484835,-0.027387140120650688,0.27558532750092923
C_z_mom6m_plus_0.3_z_accel_3v3_6m_top3,C_combined_score,2021-12,2021-12-01,"LEU,PLUG,TSLA",combined_score_accel_3v3_6m,5.678040541261823,-0.0467719045579873,-0.0467719045579873,6.0,recent3_minus_previous3_avg_accel,accel_3v3_6m,,0.3,LEU,7.055327267170379,-0.020260226171844198,-0.020260226171844198,PLUG,5.442656008257381,-0.21574498410421528,-0.21574498410421528,TSLA,4.536138348357711,0.09568949660209758,0.09568949660209758
C_z_mom6m_plus_0.3_z_accel_3v3_6m_top3,C_combined_score,2022-01,2022-01-03,"LEU,ENPH,TSLA",combined_score_accel_3v3_6m,4.7479586827712055,-0.2098700634968507,-0.05301822624208685,6.0,recent3_minus_previous3_avg_accel,accel_3v3_6m,,0.3,LEU,6.237981338704728,-0.17928288611416876,-0.17928288611416876,ENPH,4.036578351980491,-0.22651124679075274,0.11623747788633709,TSLA,3.969316357628398,-0.2238160575856306,-0.09600927049842889
C_z_mom6m_plus_0.3_z_accel_3v3_6m_top3,C_combined_score,2022-02,2022-02-01,"LEU,BLDR,TSLA",combined_score_accel_3v3_6m,4.486317435463561,-0.01160670723037116,0.06721925749625568,6.0,recent3_minus_previous3_avg_accel,accel_3v3_6m,,0.3,LEU,4.862762560988737,-0.005085469591808889,-0.005085469591808889,BLDR,4.457924516852321,0.04208280516191132,0.04208280516191132,TSLA,4.138265228549623,-0.07181745726121591,0.1646604369186646
C_z_mom6m_plus_0.3_z_accel_3v3_6m_top3,C_combined_score,2022-03,2022-03-01,"DVN,LEU,FANG",combined_score_accel_3v3_6m,3.735293413065294,-0.062086347381761,0.07453860605773947,6.0,recent3_minus_previous3_avg_accel,accel_3v3_6m,,0.3,DVN,4.476095678332659,0.03566388311783042,0.3124703300692069,LEU,3.3669280512151976,-0.2381505525549874,-0.2381505525549874,FANG,3.362856509648024,0.01622762729187399,0.14929604065899893
C_z_mom6m_plus_0.3_z_accel_3v3_6m_top3,C_combined_score,2022-04,2022-04-01,"DVN,OXY,CF",combined_score_accel_3v3_6m,4.0232122349405435,-0.02114697967686426,0.14851446444154123,6.0,recent3_minus_previous3_avg_accel,accel_3v3_6m,,0.3,DVN,4.4399283631957935,-0.03313998125967499,0.2672744038520105,OXY,3.859847907175309,0.0032695995057594462,0.2118395467492904,CF,3.769860434450528,-0.03357055727667724,-0.03357055727667724
C_z_mom6m_plus_0.3_z_accel_3v3_6m_top3,C_combined_score,2022-05,2022-05-02,"OXY,EQT,HAL",combined_score_accel_3v3_6m,4.006634337277895,0.20973637382304458,0.20973637382304458,6.0,recent3_minus_previous3_avg_accel,accel_3v3_6m,,0.3,OXY,4.3960139228786845,0.20789022945206215,0.20789022945206215,EQT,3.991076711397651,0.2666893858823096,0.2666893858823096,HAL,3.632812377557352,0.154629506134762,0.154629506134762
C_z_mom6m_plus_0.3_z_accel_3v3_6m_top3,C_combined_score,2022-06,2022-06-01,"EQT,OXY,NUE",combined_score_accel_3v3_6m,3.1111874573423903,-0.2133290903159404,-0.019023876391189225,6.0,recent3_minus_previous3_avg_accel,accel_3v3_6m,,0.3,EQT,4.026488845652068,-0.3118472504767288,-0.06676933087658621,OXY,2.825265471950563,-0.1401015861667264,-0.026852132967281173,NUE,2.48180805442454,-0.18803843430436606,0.03654983467029971
C_z_mom6m_plus_0.3_z_accel_3v3_6m_top3,C_combined_score,2022-07,2022-07-01,"EQT,OXY,VLO",combined_score_accel_3v3_6m,3.3907431954895118,0.11286203336468088,0.17901327357624694,6.0,recent3_minus_previous3_avg_accel,accel_3v3_6m,,0.3,EQT,4.449790778252392,0.23460724174779646,0.3561388365736011,OXY,3.0173941697812983,0.07925206623820924,0.13170096766965678,VLO,2.7050446384348463,0.024726792108036966,0.04920001648548289
C_z_mom6m_plus_0.3_z_accel_3v3_6m_top3,C_combined_score,2022-08,2022-08-01,"OXY,EQT,VLO",combined_score_accel_3v3_6m,2.5028446876087096,0.051897610505422964,0.13908491313980886,6.0,recent3_minus_previous3_avg_accel,accel_3v3_6m,,0.3,OXY,2.929304756192135,0.04859745287702899,0.13366238296690702,EQT,2.4589858920725347,0.09843745501910073,0.09843745501910073,VLO,2.1202434145614584,0.008657923620139174,0.18515490143341884
C_z_mom6m_plus_0.3_z_accel_3v3_6m_top3,C_combined_score,2022-09,2022-09-01,"ENPH,EQT,SEDG",combined_score_accel_3v3_6m,4.348935132173737,-0.06740486344301877,0.037923891207321724,6.0,recent3_minus_previous3_avg_accel,accel_3v3_6m,,0.3,ENPH,5.3091665810848765,0.016852338915988252,0.11402829886743038,EQT,4.154636047560622,-0.09846686202750843,-0.09846686202750843,SEDG,3.58300276787571,-0.12060006721753613,0.09821023678204321
C_z_mom6m_plus_0.3_z_accel_3v3_6m_top3,C_combined_score,2022-10,2022-10-03,"FSLR,ENPH,EQT",combined_score_accel_3v3_6m,4.046197781888488,0.03614043864465636,0.10902837720371057,6.0,recent3_minus_previous3_avg_accel,accel_3v3_6m,,0.3,FSLR,4.37165954095093,0.08746898429311889,0.23364075032769205,ENPH,4.119512482494709,0.04490431699013886,0.09556545845686526,EQT,3.6474213222198273,-0.023951985349288663,-0.0021210771734255784
C_z_mom6m_plus_0.3_z_accel_3v3_6m_top3,C_combined_score,2022-11,2022-11-01,"FSLR,SMCI,LEU",combined_score_accel_3v3_6m,4.03511957612352,0.06356731702904224,0.12434380456623972,6.0,recent3_minus_previous3_avg_accel,accel_3v3_6m,,0.3,FSLR,4.504825491260753,0.13441465287360677,0.21255963529267263,SMCI,3.97516053909665,0.25953239699129393,0.25953239699129393,LEU,3.625372698013158,-0.20324509877777397,-0.0990606185852474
C_z_mom6m_plus_0.3_z_accel_3v3_6m_top3,C_combined_score,2022-12,2022-12-01,"FSLR,SMCI,LEU",combined_score_accel_3v3_6m,3.482061256313694,-0.10393297684121532,0.1556566181720848,6.0,recent3_minus_previous3_avg_accel,accel_3v3_6m,,0.3,FSLR,3.657649386974941,-0.13409274798271897,0.16103002533987554,SMCI,3.4429501585623172,-0.07347254316638197,0.12694732221496507,LEU,3.3455842234038244,-0.104233639374545,0.17899250696141378
C_z_mom6m_plus_0.3_z_accel_3v3_6m_top3,C_combined_score,2023-01,2023-01-03,"FSLR,AXON,SMCI",combined_score_accel_3v3_6m,3.679754858780855,0.12149670109734423,0.37477564257480994,6.0,recent3_minus_previous3_avg_accel,accel_3v3_6m,,0.3,FSLR,4.011524556245561,0.23441133947365245,0.42860080858824956,AXON,3.8979865922057986,0.17920823176452783,0.3515810268972428,SMCI,3.1297534278912047,-0.04912946794614759,0.3441450922389375
C_z_mom6m_plus_0.3_z_accel_3v3_6m_top3,C_combined_score,2023-02,2023-02-01,"SMCI,AXON,FSLR",combined_score_accel_3v3_6m,3.402861022888196,0.1598776800284997,0.23902812237641916,6.0,recent3_minus_previous3_avg_accel,accel_3v3_6m,,0.3,SMCI,3.609457787986067,0.27915724085060467,0.4135942243741886,AXON,3.3210125183780934,0.11426986359539337,0.14617672306678364,FSLR,3.2781127623004283,0.08620593563950107,0.15731341968828527
C_z_mom6m_plus_0.3_z_accel_3v3_6m_top3,C_combined_score,2023-03,2023-03-01,"RCL,CVNA,AXON",combined_score_accel_3v3_6m,3.7950122151306522,-0.01003836350270674,0.32199303542738617,6.0,recent3_minus_previous3_avg_accel,accel_3v3_6m,,0.3,RCL,4.708061128067227,-0.10139862249942477,0.1640557956749542,CVNA,3.5198683362692567,0.042648763598271744,0.7732885422141715,AXON,3.157107181055472,0.028634768393032806,0.028634768393032806
C_z_mom6m_plus_0.3_z_accel_3v3_6m_top3,C_combined_score,2023-04,2023-04-03,"RCL,NVDA,AXON",combined_score_accel_3v3_6m,3.266445376601131,0.008730749953348623,0.35764589108878964,6.0,recent3_minus_previous3_avg_accel,accel_3v3_6m,,0.3,RCL,3.483325368823291,0.04249007067595589,0.6062253598483254,NVDA,3.408799291005591,0.03379233011518212,0.5168024643491358,AXON,2.9072114699745106,-0.05009015093109215,-0.05009015093109215
C_z_mom6m_plus_0.3_z_accel_3v3_6m_top3,C_combined_score,2023-05,2023-05-01,"NVDA,CVNA,SMCI",combined_score_accel_3v3_6m,3.7233662814640147,0.9511595953174815,2.9689736738443933,6.0,recent3_minus_previous3_avg_accel,accel_3v3_6m,,0.3,NVDA,4.702312373150719,0.3756485795575497,0.608848580721099,CVNA,3.436395866210834,1.2799422806869516,6.086579571639579,SMCI,3.0313906050304915,1.1978879257079433,2.2114928691725018
C_z_mom6m_plus_0.3_z_accel_3v3_6m_top3,C_combined_score,2023-06,2023-06-01,"META,NVDA,WST",combined_score_accel_3v3_6m,4.30831705774693,0.07450289262779657,0.19932115844435128,6.0,recent3_minus_previous3_avg_accel,accel_3v3_6m,,0.3,META,5.3286646435842675,0.049191191267607515,0.18377917322878212,NVDA,4.593107682816816,0.06656718044705556,0.21986432107046805,WST,3.003178846839706,0.1077503061687266,0.19431998103380366
C_z_mom6m_plus_0.3_z_accel_3v3_6m_top3,C_combined_score,2023-07,2023-07-03,"CVNA,SMCI,PLTR",combined_score_accel_3v3_6m,7.280326578088691,0.5153594692806505,0.5378401241074623,6.0,recent3_minus_previous3_avg_accel,accel_3v3_6m,,0.3,CVNA,10.518836947608833,0.9034883411463168,0.9709303056267522,SMCI,6.752788385473498,0.35457465551576983,0.35457465551576983,PLTR,4.569354401183744,0.28801541117986473,0.28801541117986473
C_z_mom6m_plus_0.3_z_accel_3v3_6m_top3,C_combined_score,2023-08,2023-08-01,"CVNA,SMCI,PLTR",combined_score_accel_3v3_6m,7.419316121684694,-0.12310285372093033,-0.10481424544427491,6.0,recent3_minus_previous3_avg_accel,accel_3v3_6m,,0.3,CVNA,12.133544749994813,0.03543072107277556,0.03543072107277556,SMCI,5.772029514189867,-0.16411899604166968,-0.14427067082551082,PLTR,4.352374100869401,-0.24062028619389686,-0.20560278658008946
C_z_mom6m_plus_0.3_z_accel_3v3_6m_top3,C_combined_score,2023-09,2023-09-01,"CVNA,SMCI,PLTR",combined_score_accel_3v3_6m,8.554342443367192,-0.05275441773036219,0.043644358182396724,6.0,recent3_minus_previous3_avg_accel,accel_3v3_6m,,0.3,CVNA,10.81627099068148,-0.2281219424048233,-0.2281219424048233,SMCI,9.208075248461475,0.023745395722796214,0.023745395722796214,PLTR,5.638681090958622,0.04611329349094051,0.33530962122921726
C_z_mom6m_plus_0.3_z_accel_3v3_6m_top3,C_combined_score,2023-10,2023-10-02,"CVNA,SMCI,APP",combined_score_accel_3v3_6m,5.8940733826870115,-0.1884785526600331,0.06110501328310743,6.0,recent3_minus_previous3_avg_accel,accel_3v3_6m,,0.3,CVNA,8.46011755965933,-0.33783439269138016,0.2450955779093309,SMCI,4.872295031013321,-0.12667037448307417,-0.011805013053182156,APP,4.349807557388383,-0.10093089080564499,-0.04997552500682645
C_z_mom6m_plus_0.3_z_accel_3v3_6m_top3,C_combined_score,2023-11,2023-11-01,"CVNA,SMCI,APP",combined_score_accel_3v3_6m,5.469440430098497,0.1551388474467789,0.7698042901238124,6.0,recent3_minus_previous3_avg_accel,accel_3v3_6m,,0.3,CVNA,7.165875944199165,0.3543670688439846,0.8803386406159583,SMCI,5.3510477168994175,0.06881516273781463,1.3129979836253955,APP,3.8913976291969083,0.04223431075853745,0.11607624613008327
C_z_mom6m_plus_0.3_z_accel_3v3_6m_top3,C_combined_score,2023-12,2023-12-01,"CVNA,LEU,SMCI",combined_score_accel_3v3_6m,4.516995261001479,0.17453976852753236,1.26388121341678,6.0,recent3_minus_previous3_avg_accel,accel_3v3_6m,,0.3,CVNA,7.171906192247397,0.388352304092062,1.3568180602074649,LEU,3.2832598168065026,0.07659397657050082,0.07659397657050082,SMCI,3.095819773950536,0.058673024920034234,2.3582316034723747
C_z_mom6m_plus_0.3_z_accel_3v3_6m_top3,C_combined_score,2024-01,2024-01-02,"COIN,CVNA,MSTR",combined_score_accel_3v3_6m,4.810511330159961,-0.19097327609617643,0.9239462826107182,6.0,recent3_minus_previous3_avg_accel,accel_3v3_6m,,0.3,COIN,5.92692177809494,-0.17803421127780872,0.607024431180218,CVNA,4.694213530055335,-0.12973200132464524,0.7759361063587848,MSTR,3.810398682329607,-0.2651536156860753,1.3888783102931517
C_z_mom6m_plus_0.3_z_accel_3v3_6m_top3,C_combined_score,2024-02,2024-02-01,"COIN,CVNA,MSTR",combined_score_accel_3v3_6m,5.787715718909837,0.8967389168838981,1.417894653957438,6.0,recent3_minus_previous3_avg_accel,accel_3v3_6m,,0.3,COIN,6.374003898760056,0.595734851820529,0.9550989265361769,CVNA,5.57270092700839,0.9506230780899649,1.0477310319875568,MSTR,5.416442330961065,1.1438588207412002,2.2508540033485804
C_z_mom6m_plus_0.3_z_accel_3v3_6m_top3,C_combined_score,2024-03,2024-03-01,"SMCI,CRWD,COIN",combined_score_accel_3v3_6m,3.5217904979557484,0.12882628141165045,0.12882628141165045,6.0,recent3_minus_previous3_avg_accel,accel_3v3_6m,,0.3,SMCI,4.7283914620492205,0.1454145903034021,0.1454145903034021,CRWD,3.3860139946489256,0.015861379966830347,0.015861379966830347,COIN,2.4509660371690996,0.22520287396471894,0.22520287396471894
C_z_mom6m_plus_0.3_z_accel_3v3_6m_top3,C_combined_score,2024-04,2024-04-01,"SMCI,MSTR,COIN",combined_score_accel_3v3_6m,6.95417155313251,-0.27552529554189714,-0.09893656541455238,6.0,recent3_minus_previous3_avg_accel,accel_3v3_6m,,0.3,SMCI,9.015338132171639,-0.2881453556578677,-0.2167766945326116,MSTR,7.154848968368775,-0.37175723688693996,-0.0057003475212275,COIN,4.692327558857115,-0.16667329408088383,-0.07433265418981805
C_z_mom6m_plus_0.3_z_accel_3v3_6m_top3,C_combined_score,2024-05,2024-05-01,"MSTR,SMCI,CVNA",combined_score_accel_3v3_6m,7.941158626168857,0.25423309240003805,0.4551076291722214,6.0,recent3_minus_previous3_avg_accel,accel_3v3_6m,,0.3,MSTR,9.101873686630888,0.582667896645291,0.582667896645291,SMCI,9.055060002306824,0.04373555731780132,0.10025735126194513,CVNA,5.666542189568859,0.13629582323702194,0.6823976396094282
C_z_mom6m_plus_0.3_z_accel_3v3_6m_top3,C_combined_score,2024-06,2024-06-03,"CVNA,MSTR,SMCI",combined_score_accel_3v3_6m,7.754363639670754,0.0500246148980675,0.1545728481756988,6.0,recent3_minus_previous3_avg_accel,accel_3v3_6m,,0.3,CVNA,9.442691966215936,0.25656836445624176,0.48059827837499136,MSTR,6.970048501816781,-0.1606478860509044,-0.07103310013676012,SMCI,6.850350450979547,0.054153366288865135,0.054153366288865135
C_z_mom6m_plus_0.3_z_accel_3v3_6m_top3,C_combined_score,2024-07,2024-07-01,"MSTR,CVNA,SMCI",combined_score_accel_3v3_6m,5.923499583213942,0.03753643760976514,0.1441096145427954,6.0,recent3_minus_previous3_avg_accel,accel_3v3_6m,,0.3,MSTR,6.907192818913986,0.10676661728117032,0.19102178156195126,CVNA,6.305859888891727,0.17828708748026978,0.4137514539985796,SMCI,4.557446041836114,-0.17244439193214467,-0.17244439193214467
C_z_mom6m_plus_0.3_z_accel_3v3_6m_top3,C_combined_score,2024-08,2024-08-01,"CVNA,SMCI,NVDA",combined_score_accel_3v3_6m,4.68059368296641,-0.12251783961367042,0.15352264488940617,6.0,recent3_minus_previous3_avg_accel,accel_3v3_6m,,0.3,CVNA,5.106745371617155,-0.013650065322653337,0.5634725824499975,SMCI,4.721276571659166,-0.34282396100228985,-0.34282396100228985,NVDA,4.213759105622908,-0.011079492516068101,0.23991931322051085
C_z_mom6m_plus_0.3_z_accel_3v3_6m_top3,C_combined_score,2024-09,2024-09-03,"MSTR,CVNA,TPL",combined_score_accel_3v3_6m,5.365457304448706,0.2227704584729425,1.23859247670001,6.0,recent3_minus_previous3_avg_accel,accel_3v3_6m,,0.3,MSTR,7.300465570006251,0.3300359945004989,2.1090581159399773,CVNA,5.595088728095045,0.21644065403107549,0.7640465038319864,TPL,3.2008176152448233,0.12183472688725305,0.8426728103280665
C_z_mom6m_plus_0.3_z_accel_3v3_6m_top3,C_combined_score,2024-10,2024-10-01,"MMM,NEM,TPL",combined_score_accel_3v3_6m,2.7227024612127555,0.015554782531795505,0.15108851837045204,6.0,recent3_minus_previous3_avg_accel,accel_3v3_6m,,0.3,MMM,2.860724054195041,-0.07179329734947681,-0.025268068370632224,NEM,2.775662787009204,-0.16401921087438587,-0.16401921087438587,TPL,2.5317205424340217,0.2824768558192492,0.6425528343563742
C_z_mom6m_plus_0.3_z_accel_3v3_6m_top3,C_combined_score,2024-11,2024-11-01,"RKLB,CVNA,ECHO",combined_score_accel_3v3_6m,3.6414194718737054,0.41636829243388546,0.5714294841966857,6.0,recent3_minus_previous3_avg_accel,accel_3v3_6m,,0.3,RKLB,5.321401316221866,1.1151489076420713,1.4851137452861187,CVNA,2.804803598915331,0.11288625931381091,0.11288625931381091,ECHO,2.798053500483919,0.021069710345774206,0.11628844799012761
C_z_mom6m_plus_0.3_z_accel_3v3_6m_top3,C_combined_score,2024-12,2024-12-02,"LEU,RKLB,APP",combined_score_accel_3v3_6m,5.583947075542986,-0.02175913280767139,0.08880859606554063,6.0,recent3_minus_previous3_avg_accel,accel_3v3_6m,,0.3,LEU,6.972336181178666,-0.10209770879488689,0.018552185723901493,RKLB,5.688095286756451,0.03332636617444629,0.17491195835307738,APP,4.091409758693841,0.003493944197426435,0.07296164411964301
C_z_mom6m_plus_0.3_z_accel_3v3_6m_top3,C_combined_score,2025-01,2025-01-02,"RKLB,APP,MSTR",combined_score_accel_3v3_6m,7.545606140815461,0.12105770670736475,0.12105770670736475,6.0,recent3_minus_previous3_avg_accel,accel_3v3_6m,,0.3,RKLB,9.149268034689038,0.13701923885171485,0.13701923885171485,APP,8.16363805954565,0.06922582873957994,0.06922582873957994,MSTR,5.3239123282116925,0.15692805253079944,0.15692805253079944
C_z_mom6m_plus_0.3_z_accel_3v3_6m_top3,C_combined_score,2025-02,2025-02-03,"RKLB,APP,MSTR",combined_score_accel_3v3_6m,7.318762057729444,-0.23215447742162068,-0.06601491738574088,6.0,recent3_minus_previous3_avg_accel,accel_3v3_6m,,0.3,RKLB,8.378298182538266,-0.342494700521053,-0.2205778191208413,APP,7.99078748495267,-0.07689362389390075,-0.07689362389390075,MSTR,5.587200505697396,-0.2770751078499083,0.09942669085751943
C_z_mom6m_plus_0.3_z_accel_3v3_6m_top3,C_combined_score,2025-03,2025-03-03,"APP,RKLB,PLTR",combined_score_accel_3v3_6m,6.860777882804143,-0.05806664099193859,0.399917411341995,6.0,recent3_minus_previous3_avg_accel,accel_3v3_6m,,0.3,APP,7.843870171363252,-0.16197303825227471,0.19140928447613836,RKLB,7.734315703535235,-0.02733120220001306,0.42550914249652516,PLTR,5.004147773513944,0.015104317476472007,0.5828338070533214
C_z_mom6m_plus_0.3_z_accel_3v3_6m_top3,C_combined_score,2025-04,2025-04-01,"APP,RKLB,LEU",combined_score_accel_3v3_6m,4.80522445215632,0.1008622054305383,0.9707603782624391,6.0,recent3_minus_previous3_avg_accel,accel_3v3_6m,,0.3,APP,5.700766813954768,-0.011354870300838371,0.4216837152726276,RKLB,4.427327601214788,0.21873285422275934,0.8914601957349577,LEU,4.287578941299404,0.0952086323696939,1.5991372237797319
C_z_mom6m_plus_0.3_z_accel_3v3_6m_top3,C_combined_score,2025-05,2025-05-01,"APP,PLTR,MSTR",combined_score_accel_3v3_6m,4.060362902906531,0.18329303143109424,0.24796214718289222,6.0,recent3_minus_previous3_avg_accel,accel_3v3_6m,,0.3,APP,4.162113256984693,0.4380121568041677,0.4380121568041677,PLTR,4.0894057599952385,0.13631666741734993,0.32762485648924655,MSTR,3.929569691739664,-0.02444972992823491,-0.0217505717447376
C_z_mom6m_plus_0.3_z_accel_3v3_6m_top3,C_combined_score,2025-06,2025-06-02,"PLTR,RKLB,MSTR",combined_score_accel_3v3_6m,4.365451004251695,0.094356148553982,0.34874716664787936,6.0,recent3_minus_previous3_avg_accel,accel_3v3_6m,,0.3,PLTR,5.493564213947788,-0.010299914264645715,0.18971527056559334,RKLB,3.9166747548052108,0.2906015540875664,0.8537594235390193,MSTR,3.6861140440020876,0.0027668058390253325,0.0027668058390253325
C_z_mom6m_plus_0.3_z_accel_3v3_6m_top3,C_combined_score,2025-07,2025-07-01,"PLTR,NRG,AVGO",combined_score_accel_3v3_6m,3.5629444204834955,0.11615252147372372,0.25147361943427043,6.0,recent3_minus_previous3_avg_accel,accel_3v3_6m,,0.3,PLTR,3.9641000918578335,0.1805173930121562,0.41528931216812603,NRG,3.471950706009639,0.07766276456499677,0.07766276456499677,AVGO,3.2527824635830136,0.0902774068440182,0.26146878156968856
C_z_mom6m_plus_0.3_z_accel_3v3_6m_top3,C_combined_score,2025-08,2025-08-01,"LEU,CVNA,NRG",combined_score_accel_3v3_6m,4.685763072722298,-0.05314507412842303,0.25501336960922827,6.0,recent3_minus_previous3_avg_accel,accel_3v3_6m,,0.3,LEU,7.073319276570139,-0.02131235252907482,0.6463782807073697,CVNA,3.514658253052213,-0.0037794317098863717,0.07512644780716626,NRG,3.4693116885445434,-0.1343434381463079,0.04353538031314885
C_z_mom6m_plus_0.3_z_accel_3v3_6m_top3,C_combined_score,2025-09,2025-09-02,"LEU,SEDG,UUUU",combined_score_accel_3v3_6m,5.553574148140297,0.4105838542242303,0.4913323691732845,6.0,recent3_minus_previous3_avg_accel,accel_3v3_6m,,0.3,LEU,8.461957668182123,0.62396383512066,0.6822305716863362,SEDG,4.173856695896498,0.22486514718796746,0.22486514718796746,UUUU,4.024908080342268,0.38292258036406346,0.5669013886455498
C_z_mom6m_plus_0.3_z_accel_3v3_6m_top3,C_combined_score,2025-10,2025-10-01,"ECHO,UUUU,RKLB",combined_score_accel_3v3_6m,6.708103728007871,0.11993413834794305,0.3760734682039937,6.0,recent3_minus_previous3_avg_accel,accel_3v3_6m,,0.3,ECHO,7.717219891980777,-0.051949650986389595,0.4110691862286262,UUUU,6.38932934330796,0.1330362313073612,0.1330362313073612,RKLB,6.017761948734878,0.27871583472285755,0.5841149870759936
C_z_mom6m_plus_0.3_z_accel_3v3_6m_top3,C_combined_score,2025-11,2025-11-03,"ECHO,LEU,UUUU",combined_score_accel_3v3_6m,6.423223254539778,-0.1693820251563326,0.17373072943090082,6.0,recent3_minus_previous3_avg_accel,accel_3v3_6m,,0.3,ECHO,6.660389020914378,-0.031444907260395616,0.5463712193780337,LEU,6.4300116262049745,-0.2671506231462031,-0.20551617318688264,UUUU,6.179269116499983,-0.20955054506239912,0.18033714210155138
C_z_mom6m_plus_0.3_z_accel_3v3_6m_top3,C_combined_score,2025-12,2025-12-01,"ECHO,PLUG,LEU",combined_score_accel_3v3_6m,5.711670699259469,0.26075772734616104,0.2904380926429648,6.0,recent3_minus_previous3_avg_accel,accel_3v3_6m,,0.3,ECHO,6.90983655301236,0.5367123329476133,0.6257534288380244,PLUG,5.476581830162865,0.16145836922805823,0.16145836922805823,LEU,4.748593714603183,0.08410247986281161,0.08410247986281161
C_z_mom6m_plus_0.3_z_accel_3v3_6m_top3,C_combined_score,2026-01,2026-01-02,"ECHO,PLUG,CIEN",combined_score_accel_3v3_6m,5.136515686120506,0.02094908609657072,0.25739736389183765,6.0,recent3_minus_previous3_avg_accel,accel_3v3_6m,,0.3,ECHO,6.244006349868223,0.03895527486801398,0.07505792606560391,PLUG,4.775447372199017,-0.06726461618137258,0.00896860123562826,CIEN,4.390093336294279,0.09115659960307076,0.6881655643742808
C_z_mom6m_plus_0.3_z_accel_3v3_6m_top3,C_combined_score,2026-02,2026-02-02,"ECHO,CIEN,MU",combined_score_accel_3v3_6m,4.776930648488292,0.09278471715065077,0.4298664050850147,6.0,recent3_minus_previous3_avg_accel,accel_3v3_6m,,0.3,ECHO,6.390751159754273,0.018275394231196174,0.0568854318302654,CIEN,4.0413108324274,0.3174793245645542,0.9937055290592733,MU,3.8987299532832025,-0.05740056734379806,0.23900825436550543
C_z_mom6m_plus_0.3_z_accel_3v3_6m_top3,C_combined_score,2026-03,2026-03-02,"ECHO,MU,CIEN",combined_score_accel_3v3_6m,5.138729668370435,0.027418779650341712,0.731420730637126,6.0,recent3_minus_previous3_avg_accel,accel_3v3_6m,,0.3,ECHO,6.370163330361809,0.016177942062758577,0.07364339266342568,MU,5.283872317455388,-0.10823535017034125,1.510322902206923,CIEN,3.76215335729411,0.1743137470586078,0.6102958970410295
C_z_mom6m_plus_0.3_z_avg_accel_3m_top3,C_combined_score,2016-01,2016-01-04,"AMZN,LDOS,NVDA",combined_score_avg_accel_3m,2.518461542431113,-0.11624891145499294,0.005458345523553658,3.0,avg_accel,avg_accel_3m,,0.3,AMZN,2.57613414753001,-0.09761538157961003,-0.060424853747184426,LDOS,2.52272744105342,-0.1562905152519075,-0.044043623063586224,NVDA,2.456523038709909,-0.09484083753346129,0.12084351338143162
C_z_mom6m_plus_0.3_z_avg_accel_3m_top3,C_combined_score,2016-02,2016-02-01,"FSLR,NVDA,PODD",combined_score_avg_accel_3m,2.616394343832767,0.013979636884926538,0.08200890274601524,3.0,avg_accel,avg_accel_3m,,0.3,FSLR,2.7839973833173515,-0.0015912138683923382,-0.0015912138683923382,NVDA,2.5963974627067197,0.12181975252068455,0.23828334270754992,PODD,2.468788185474229,-0.0782896279975126,0.009334579398888154
C_z_mom6m_plus_0.3_z_avg_accel_3m_top3,C_combined_score,2016-03,2016-03-01,"FSLR,HRL,TSN",combined_score_avg_accel_3m,2.6532341274560522,0.01221654275359437,0.01221654275359437,3.0,avg_accel,avg_accel_3m,,0.3,FSLR,3.2669329726795944,-0.022312277036129258,-0.022312277036129258,HRL,2.3604910508955452,0.020688561314952336,0.020688561314952336,TSN,2.3322783587930167,0.03827334398196003,0.03827334398196003
C_z_mom6m_plus_0.3_z_avg_accel_3m_top3,C_combined_score,2016-04,2016-04-01,"NEM,TSN,SMCI",combined_score_avg_accel_3m,2.8848442632856877,0.01877944076005611,0.09426758600054308,3.0,avg_accel,avg_accel_3m,,0.3,NEM,3.007731135816032,0.29000800387293624,0.5164724395943971,TSN,2.9300256653212706,-0.020854374912084195,-0.020854374912084195,SMCI,2.716775988719761,-0.2128153066806837,-0.2128153066806837
C_z_mom6m_plus_0.3_z_avg_accel_3m_top3,C_combined_score,2016-05,2016-05-02,"LEU,FCX,NEM",combined_score_avg_accel_3m,6.311335622910402,-0.10393212588975069,0.09725861798079682,3.0,avg_accel,avg_accel_3m,,0.3,LEU,12.709295389211894,-0.04516124864274451,0.08387096724574694,FCX,3.175538840035414,-0.21771229333910225,-0.0789667491068975,NEM,3.0491726394838983,-0.0489228356874053,0.286871635803541
C_z_mom6m_plus_0.3_z_avg_accel_3m_top3,C_combined_score,2016-06,2016-06-01,"LEU,AMD,FCX",combined_score_avg_accel_3m,6.958541319426409,0.11678651236021431,0.33964446315726615,3.0,avg_accel,avg_accel_3m,,0.3,LEU,11.434129360018105,0.13513508506549265,0.18243241719384562,AMD,4.94758976571637,0.14446960905702166,0.659142254953321,FCX,4.493904832544755,0.07075484295812862,0.17735871732463182
C_z_mom6m_plus_0.3_z_avg_accel_3m_top3,C_combined_score,2016-07,2016-07-01,"LEU,AMD,OKE",combined_score_avg_accel_3m,6.183965895518621,0.052279376023779446,0.2301713773893915,3.0,avg_accel,avg_accel_3m,,0.3,LEU,9.104283002418345,-0.05654756688510587,0.1517857161863727,AMD,5.686919256445346,0.3096646236029119,0.4497040741172329,OKE,3.760695427692169,-0.0962789286464677,0.08902434186456887
C_z_mom6m_plus_0.3_z_avg_accel_3m_top3,C_combined_score,2016-08,2016-08-01,"LEU,NEM,OKE",combined_score_avg_accel_3m,4.5120561331147835,0.036694318872155206,0.11571520483269238,3.0,avg_accel,avg_accel_3m,,0.3,LEU,5.948970788761661,0.10410091979930125,0.24921133843524013,NEM,3.9657671991187584,-0.10711048430055903,-0.10711048430055903,OKE,3.62143041146393,0.11309252111772339,0.20504476036339603
C_z_mom6m_plus_0.3_z_avg_accel_3m_top3,C_combined_score,2016-09,2016-09-01,"LEU,AMD,FCX",combined_score_avg_accel_3m,5.255792060102505,0.028047564545156112,0.4464617213994066,3.0,avg_accel,avg_accel_3m,,0.3,LEU,5.785086644192067,0.10571425301688064,0.7457143238612585,AMD,5.397221816554869,-0.05442178238877515,0.14149666016113716,FCX,4.585067719560579,0.032850223007362844,0.4521741801758241
C_z_mom6m_plus_0.3_z_avg_accel_3m_top3,C_combined_score,2016-10,2016-10-03,"LEU,AMD,DHR",combined_score_avg_accel_3m,6.944484112889903,0.01036330776831118,0.5391929691272926,3.0,avg_accel,avg_accel_3m,,0.3,LEU,10.375443873398243,0.023255854069589743,0.9612404075023369,AMD,5.983330383426033,0.020143934843871225,0.6446044055912483,DHR,4.474678081845431,-0.012309865608527426,0.011734094288292862
C_z_mom6m_plus_0.3_z_avg_accel_3m_top3,C_combined_score,2016-11,2016-11-01,"AMD,WMB,TRGP",combined_score_avg_accel_3m,4.663114968451006,0.13820808279996463,0.39153618945977725,3.0,avg_accel,avg_accel_3m,,0.3,AMD,5.047540131537947,0.18335686357642111,0.7009873286412738,WMB,4.738348034945353,0.05075258563827578,0.1082158450850983,TRGP,4.203456738869719,0.18051479918519697,0.3654053946529596
C_z_mom6m_plus_0.3_z_avg_accel_3m_top3,C_combined_score,2016-12,2016-12-01,"TPL,NVDA,AMD",combined_score_avg_accel_3m,4.335593732339269,0.18236231091207364,0.3910886265182796,3.0,avg_accel,avg_accel_3m,,0.3,TPL,5.232727239512184,0.02078457504227149,0.08998624900297991,NVDA,4.331516158095746,0.16396626264570147,0.30020460957727657,AMD,3.4425377994098754,0.36233609504824793,0.7830750209745823
C_z_mom6m_plus_0.3_z_avg_accel_3m_top3,C_combined_score,2017-01,2017-01-03,"LEU,NVDA,TPL",combined_score_avg_accel_3m,4.175747769797137,-0.021390873061518285,-0.010850677930626587,3.0,avg_accel,avg_accel_3m,,0.3,LEU,5.591862662846426,-0.24901189793498735,-0.21739131254231225,NVDA,3.525781081409352,0.11704664585544333,0.11704664585544333,TPL,3.4095995651356317,0.06779263289498916,0.06779263289498916
C_z_mom6m_plus_0.3_z_avg_accel_3m_top3,C_combined_score,2017-02,2017-02-01,"LEU,AMD,NVDA",combined_score_avg_accel_3m,4.996288697158946,0.06192358095251967,0.07829634946061237,3.0,avg_accel,avg_accel_3m,,0.3,LEU,5.562973846764746,0.04210530806776713,0.04210530806776713,AMD,5.195352576004648,0.24046430494423188,0.24046430494423188,NVDA,4.230539668707445,-0.09679887015444,-0.047680564630161903
C_z_mom6m_plus_0.3_z_avg_accel_3m_top3,C_combined_score,2017-03,2017-03-01,"AMD,NVDA,MU",combined_score_avg_accel_3m,3.792962426070467,0.06653017447463061,0.21248605448197774,3.0,avg_accel,avg_accel_3m,,0.3,AMD,3.987640806233695,-0.02139035387755628,-0.02139035387755628,NVDA,3.854502920649449,0.05438246687388104,0.40589562177592864,MU,3.5367435513282572,0.16659841042756707,0.25295289554756084
C_z_mom6m_plus_0.3_z_avg_accel_3m_top3,C_combined_score,2017-04,2017-04-03,"AMD,CSX,COHR",combined_score_avg_accel_3m,3.6312990756222128,0.006205430905001104,0.03154376662677453,3.0,avg_accel,avg_accel_3m,,0.3,AMD,4.532617297492699,-0.06967216078166893,-0.06967216078166893,CSX,3.4778543934248183,0.10557958535910084,0.17583088190361162,COHR,2.8834255359491197,-0.017291131862428588,-0.011527421241619096
C_z_mom6m_plus_0.3_z_avg_accel_3m_top3,C_combined_score,2017-05,2017-05-01,"AMD,SHOP,NRG",combined_score_avg_accel_3m,3.733923470538036,0.005772661101926091,0.27568308244014456,3.0,avg_accel,avg_accel_3m,,0.3,AMD,4.469492785409918,-0.19750364192259917,0.006607940774163712,SHOP,3.490564296342606,0.20942273694906666,0.3471395571425713,NRG,3.241713329861584,0.005398888279310787,0.4733017494036986
C_z_mom6m_plus_0.3_z_avg_accel_3m_top3,C_combined_score,2017-06,2017-06-01,"PLUG,SHOP,BLDR",combined_score_avg_accel_3m,4.535887449075955,0.040722957745460676,0.20587088063225178,3.0,avg_accel,avg_accel_3m,,0.3,PLUG,6.479377126967233,0.10215050352144872,0.24193544355565155,SHOP,3.835729260343907,-0.07962323331932353,0.18642985931466516,BLDR,3.2925559599167236,0.09964160303425684,0.18924733902643864
C_z_mom6m_plus_0.3_z_avg_accel_3m_top3,C_combined_score,2017-07,2017-07-03,"SHOP,PLUG,NVDA",combined_score_avg_accel_3m,4.034926776796294,0.17254676461927665,0.3370118092982204,3.0,avg_accel,avg_accel_3m,,0.3,SHOP,4.712008479229155,0.2102325035701793,0.3837208244979846,PLUG,3.944933703089072,0.12682926659070604,0.34146344583705446,NVDA,3.447838148070657,0.1805785236969446,0.2858511575596221
C_z_mom6m_plus_0.3_z_avg_accel_3m_top3,C_combined_score,2017-08,2017-08-01,"SHOP,PLUG,XYZ",combined_score_avg_accel_3m,3.42516847683688,-0.0065431015773661505,0.24148128103914543,3.0,avg_accel,avg_accel_3m,,0.3,SHOP,3.813433550336288,0.06514224160561843,0.14335123244171322,PLUG,3.355491959261782,-0.051948003693320643,0.22077922211963008,XYZ,3.1065799209125697,-0.03282354264439624,0.36031338855609296
C_z_mom6m_plus_0.3_z_avg_accel_3m_top3,C_combined_score,2017-09,2017-09-01,"PLUG,SHOP,FSLR",combined_score_avg_accel_3m,4.000370665892166,0.1051125372443847,0.20718283972405102,3.0,avg_accel,avg_accel_3m,,0.3,PLUG,4.198208197405754,0.25570772974786626,0.2876711687496176,SHOP,3.9174983679883657,0.07342586537381224,0.07342586537381224,FSLR,3.8854054322823757,-0.013795983388524391,0.2604514850487232
C_z_mom6m_plus_0.3_z_avg_accel_3m_top3,C_combined_score,2017-10,2017-10-02,"PLUG,SEDG,NRG",combined_score_avg_accel_3m,4.280708851341943,0.04676687438292304,0.1600261478607794,3.0,avg_accel,avg_accel_3m,,0.3,PLUG,4.488783921145894,0.02545452117919922,0.02545452117919922,SEDG,4.3416227395490905,0.142608642578125,0.32347823433254086,NRG,4.011719893330845,-0.027762540608555097,0.13114568807059812
C_z_mom6m_plus_0.3_z_avg_accel_3m_top3,C_combined_score,2017-11,2017-11-01,"PLUG,ENPH,SEDG",combined_score_avg_accel_3m,4.523047518890168,0.3402867903582241,0.37326497555317245,3.0,avg_accel,avg_accel_3m,,0.3,PLUG,6.5218753649143135,-0.10992906032556649,-0.10992906032556649,ENPH,3.5244486266836694,1.0714286748243858,1.0714286748243858,SEDG,3.522818565072521,0.05936075657585316,0.15829531216069803
C_z_mom6m_plus_0.3_z_avg_accel_3m_top3,C_combined_score,2017-12,2017-12-01,"XYZ,NVDA,SEDG",combined_score_avg_accel_3m,4.327307924203061,0.01606721184785313,0.28382224587090193,3.0,avg_accel,avg_accel_3m,,0.3,XYZ,4.583262019382214,-0.05363691748516641,0.2038199071697142,NVDA,4.2216665915436,0.008447746383566823,0.21661233823456572,SEDG,4.176995161683368,0.09339080664515897,0.43103449220842593
C_z_mom6m_plus_0.3_z_avg_accel_3m_top3,C_combined_score,2018-01,2018-01-02,"ENPH,CVNA,ALGN",combined_score_avg_accel_3m,6.956651601313915,-0.005921845349115255,0.3687186535317122,3.0,avg_accel,avg_accel_3m,,0.3,ENPH,11.806994118499874,-0.16538455542727826,0.7346155362721787,CVNA,5.956692937578606,0.00983069741472109,0.23375210235774646,ALGN,3.106267747863262,0.1377883219652114,0.1377883219652114
C_z_mom6m_plus_0.3_z_avg_accel_3m_top3,C_combined_score,2018-02,2018-02-01,"ENPH,FSLR,FCX",combined_score_avg_accel_3m,5.6679253997010575,0.1325766232583401,0.3529311518035538,3.0,avg_accel,avg_accel_3m,,0.3,ENPH,9.780463497386254,0.5253455421220792,1.0783410462290313,FSLR,3.640960374390634,-0.08082905481123936,0.027239026717449377,FCX,3.5823523273262854,-0.046786617535819475,-0.046786617535819475
C_z_mom6m_plus_0.3_z_avg_accel_3m_top3,C_combined_score,2018-03,2018-03-01,"ENPH,ANET,TKO",combined_score_avg_accel_3m,3.7665607981652376,0.08312631695079405,0.4379553293946077,3.0,avg_accel,avg_accel_3m,,0.3,ENPH,5.376473537353855,0.3625378570534372,0.7462236585281175,ANET,3.421430581954794,-0.03900679970542087,0.0055724082210981685,TKO,2.5017782751870636,-0.0741521064956342,0.5620699214346074
C_z_mom6m_plus_0.3_z_avg_accel_3m_top3,C_combined_score,2018-04,2018-04-02,"ENPH,AXON,SEDG",combined_score_avg_accel_3m,5.153478575364422,-0.025670184382125094,0.4160803957539186,3.0,avg_accel,avg_accel_3m,,0.3,ENPH,7.850906293474528,-0.09977832888355831,0.5831484488096834,AXON,3.9229954746047278,0.05141840939296749,0.6540021228191464,SEDG,3.6865339580140097,-0.028650633655784463,0.011090615632926015
C_z_mom6m_plus_0.3_z_avg_accel_3m_top3,C_combined_score,2018-05,2018-05-01,"ENPH,SEDG,AXON",combined_score_avg_accel_3m,6.081323895850734,0.3458912955202958,0.4924357924265019,3.0,avg_accel,avg_accel_3m,,0.3,ENPH,9.015464487050842,0.42364539193842177,0.7586206815553396,SEDG,4.844686499363604,0.04091344542518338,0.07040914969852285,AXON,4.383820701137757,0.5731150491972823,0.6482775460256431
C_z_mom6m_plus_0.3_z_avg_accel_3m_top3,C_combined_score,2018-06,2018-06-01,"ENPH,CVNA,DXCM",combined_score_avg_accel_3m,6.281970187633057,0.2723678265319501,0.7366484717408767,3.0,avg_accel,avg_accel_3m,,0.3,ENPH,10.208511882973111,0.2352940497077145,0.2352940497077145,CVNA,4.683654795516984,0.5140220089893202,1.390486480557417,DXCM,3.953743884409077,0.06778742089881562,0.5841648849574981
C_z_mom6m_plus_0.3_z_avg_accel_3m_top3,C_combined_score,2018-07,2018-07-02,"AXON,TKO,ENPH",combined_score_avg_accel_3m,5.339753661984712,-0.03914949987677052,0.04307406283545919,3.0,avg_accel,avg_accel_3m,,0.3,AXON,6.417499653218816,0.06192763999488937,0.08458787711358084,TKO,5.048492325813456,0.03771065909775695,0.2617211101157546,ENPH,4.553269006921866,-0.21708679872295789,-0.21708679872295789
C_z_mom6m_plus_0.3_z_avg_accel_3m_top3,C_combined_score,2018-08,2018-08-01,"TKO,ENPH,CVNA",combined_score_avg_accel_3m,5.819829180095769,0.18600466238924795,0.21424016866005355,3.0,avg_accel,avg_accel_3m,,0.3,TKO,6.554764343114266,0.14368572936584934,0.21586985645185974,ENPH,5.541847178670423,-0.12522366135861906,-0.11270126963221272,CVNA,5.3628760185026145,0.5395519191605136,0.5395519191605136
C_z_mom6m_plus_0.3_z_avg_accel_3m_top3,C_combined_score,2018-09,2018-09-04,"AXON,ENPH,CVNA",combined_score_avg_accel_3m,5.821361797270799,-0.05858594651042237,-0.00268954609799558,3.0,avg_accel,avg_accel_3m,,0.3,AXON,6.050722547567524,-0.04350316306543145,-0.04350316306543145,ENPH,5.851437806347744,0.014314963920783352,0.18200416515806372,CVNA,5.561925037897129,-0.14656964038661902,-0.14656964038661902
C_z_mom6m_plus_0.3_z_avg_accel_3m_top3,C_combined_score,2018-10,2018-10-01,"CVNA,DXCM,AMD",combined_score_avg_accel_3m,6.274017691175946,-0.18910426803390223,-0.15063374997366288,3.0,avg_accel,avg_accel_3m,,0.3,CVNA,7.624949708393736,-0.22759701378977826,-0.22759701378977826,DXCM,5.920146497671507,0.016745086064381187,0.02108089986814954,AMD,5.276956867462599,-0.35646087637630963,-0.24538513599935996
C_z_mom6m_plus_0.3_z_avg_accel_3m_top3,C_combined_score,2018-11,2018-11-01,"AMD,CVNA,TKO",combined_score_avg_accel_3m,5.394633499088866,0.05464047864510457,0.10859473969724098,3.0,avg_accel,avg_accel_3m,,0.3,AMD,7.253016227988632,0.1726013793093042,0.21216622459002643,CVNA,5.042323262506357,-0.03446730126074493,-0.03446730126074493,TKO,3.88856100677161,0.02578735788675446,0.14808529576244145
C_z_mom6m_plus_0.3_z_avg_accel_3m_top3,C_combined_score,2018-12,2018-12-03,"MDB,DXCM,AMD",combined_score_avg_accel_3m,4.106193931441446,-0.1405857383437571,0.10331915270361058,3.0,avg_accel,avg_accel_3m,,0.3,MDB,4.865982459969919,-0.059190470816579466,0.22570015942004384,DXCM,3.994821254080676,-0.15674644268787952,0.05051621158407893,AMD,3.4577780802737434,-0.2058203015268123,0.03374108710670898
C_z_mom6m_plus_0.3_z_avg_accel_3m_top3,C_combined_score,2019-01,2019-01-02,"UUUU,MDB,MKC",combined_score_avg_accel_3m,2.9805645068133138,0.0401482283000499,0.4012494505365333,3.0,avg_accel,avg_accel_3m,,0.3,UUUU,3.292440753922659,0.053956869392500106,0.2446043430774778,MDB,3.0795310404707763,0.1590994584895078,0.8505316147043964,MKC,2.569721726046505,-0.0926116429818582,0.1086123938277257
C_z_mom6m_plus_0.3_z_avg_accel_3m_top3,C_combined_score,2019-02,2019-02-01,"MDB,LLY,SBUX",combined_score_avg_accel_3m,2.8517051937393325,0.08039491212985987,0.2713030877380156,3.0,avg_accel,avg_accel_3m,,0.3,MDB,3.1258414223662827,0.1239884074694464,0.596525303459235,LLY,2.7171940773278305,0.07153843594570497,0.07328528077379293,SBUX,2.712080081523885,0.04565789297442824,0.1440986789810188
C_z_mom6m_plus_0.3_z_avg_accel_3m_top3,C_combined_score,2019-03,2019-03-01,"AMD,MDB,DXCM",combined_score_avg_accel_3m,4.001204608825953,0.11207360019835692,0.14269743000977517,3.0,avg_accel,avg_accel_3m,,0.3,AMD,4.287376118505406,0.11317568710461567,0.16469592771406516,MDB,3.9245510539661805,0.42041082705973865,0.42041082705973865,DXCM,3.791686654006272,-0.19736571356928356,-0.15701446474447833
C_z_mom6m_plus_0.3_z_avg_accel_3m_top3,C_combined_score,2019-04,2019-04-01,"ENPH,LEU,ZS",combined_score_avg_accel_3m,4.146911517166467,0.15762887600844688,0.39832778530520957,3.0,avg_accel,avg_accel_3m,,0.3,ENPH,5.9701459971850666,0.4017277776896653,0.9762417694097951,LEU,3.402279116032993,0.1357616186821642,0.1357616186821642,ZS,3.068309438281341,-0.06460276834648881,0.08297996782366934
C_z_mom6m_plus_0.3_z_avg_accel_3m_top3,C_combined_score,2019-05,2019-05-01,"MDB,ENPH,ZS",combined_score_avg_accel_3m,4.88349206833876,0.06615170509351538,0.570866896577622,3.0,avg_accel,avg_accel_3m,,0.3,MDB,5.3029195521105414,-0.022900745924366084,0.10514895648241618,ENPH,4.9565693501178,0.21032362035355612,1.3189523453776477,ZS,4.39098730278794,0.011032240851356123,0.28849938787280216
C_z_mom6m_plus_0.3_z_avg_accel_3m_top3,C_combined_score,2019-06,2019-06-03,"ENPH,CVNA,QCOM",combined_score_avg_accel_3m,5.008629960943895,0.15446956765063832,0.484916354875413,3.0,avg_accel,avg_accel_3m,,0.3,ENPH,6.79564765773503,0.16486309310149871,0.9159771042890517,CVNA,4.583363645572341,0.12500002044055125,0.36522637092732246,QCOM,3.6468785795243157,0.17354558940986498,0.17354558940986498
C_z_mom6m_plus_0.3_z_avg_accel_3m_top3,C_combined_score,2019-07,2019-07-01,"ENPH,SHOP,PLUG",combined_score_avg_accel_3m,4.233581695919413,0.2417057836309622,0.341795935629597,3.0,avg_accel,avg_accel_3m,,0.3,ENPH,6.769222256771763,0.6448088325879386,0.6448088325879386,SHOP,3.2789738471412524,0.12048705124518855,0.260043269043265,PLUG,2.6525489838452243,-0.04017853294024054,0.12053570525758728
C_z_mom6m_plus_0.3_z_avg_accel_3m_top3,C_combined_score,2019-08,2019-08-01,"ENPH,SHOP,LEU",combined_score_avg_accel_3m,4.95423244626688,0.01812317615581016,0.3100552258506432,3.0,avg_accel,avg_accel_3m,,0.3,ENPH,7.556710364183806,-0.07973420558518562,-0.07973420558518562,SHOP,3.7413708689665373,0.12454960335595922,0.12454960335595922,LEU,3.564616105650295,0.009554130696656893,0.8853502797811561
C_z_mom6m_plus_0.3_z_avg_accel_3m_top3,C_combined_score,2019-09,2019-09-03,"ENPH,SHOP,ZS",combined_score_avg_accel_3m,5.340232961935491,-0.22812430369925177,-0.18793612025628367,3.0,avg_accel,avg_accel_3m,,0.3,ENPH,9.688606409768484,-0.21624554200305202,-0.2032491304349623,SHOP,3.3072942352664514,-0.18413165977243573,-0.1382355074587861,ZS,3.0247982407715344,-0.2839957093222676,-0.2223237228751026
C_z_mom6m_plus_0.3_z_avg_accel_3m_top3,C_combined_score,2019-10,2019-10-01,"ENPH,CVNA,PODD",combined_score_avg_accel_3m,4.6680951094917935,0.00032336937256997417,0.30490615847219865,3.0,avg_accel,avg_accel_3m,,0.3,ENPH,6.49357866012529,-0.1326577283380186,0.3514510082855018,CVNA,3.84620893775711,0.23403934489800982,0.44615150661408887,PODD,3.6644977305929824,-0.1004115084422813,0.11711596051700535
C_z_mom6m_plus_0.3_z_avg_accel_3m_top3,C_combined_score,2019-11,2019-11-01,"ENPH,SEDG,PODD",combined_score_avg_accel_3m,4.198238598527838,0.13206772785052648,0.43408210951501863,3.0,avg_accel,avg_accel_3m,,0.3,ENPH,4.749135247736255,0.17206584090524424,0.7482739406440804,SEDG,4.419812436902139,-0.0176704072311874,0.22382491370044444,PODD,3.4257681109451203,0.24180774987752263,0.33014747420053103
C_z_mom6m_plus_0.3_z_avg_accel_3m_top3,C_combined_score,2019-12,2019-12-02,"LEU,SEDG,BLDR",combined_score_avg_accel_3m,4.098269612234101,0.1519470847704462,0.37294669006159303,3.0,avg_accel,avg_accel_3m,,0.3,LEU,5.422937738803169,0.19926197573866644,0.5332103879413339,SEDG,3.5722296229960744,0.24583940330144038,0.5748898069722135,BLDR,3.2996414749030576,0.010739875271231769,0.010739875271231769
C_z_mom6m_plus_0.3_z_avg_accel_3m_top3,C_combined_score,2020-01,2020-01-02,"DXCM,TSLA,LEU",combined_score_avg_accel_3m,3.9987446759631826,0.29427184932276884,0.4645874047908711,3.0,avg_accel,avg_accel_3m,,0.3,DXCM,4.197765561663593,0.08072746403911513,0.30244327024679474,TSLA,3.983107923182402,0.8128573411078648,0.8128573411078648,LEU,3.815360543043551,-0.010769257178673386,0.27846160301795364
C_z_mom6m_plus_0.3_z_avg_accel_3m_top3,C_combined_score,2020-02,2020-02-03,"ENPH,TSLA,LEU",combined_score_avg_accel_3m,4.887746473656027,0.2690331986799947,0.2690331986799947,3.0,avg_accel,avg_accel_3m,,0.3,ENPH,5.572464120484267,0.5613610080442375,0.5613610080442375,TSLA,4.555655043660139,-0.04664098299466646,-0.04664098299466646,LEU,4.535120256823676,0.2923795709904131,0.2923795709904131
C_z_mom6m_plus_0.3_z_avg_accel_3m_top3,C_combined_score,2020-03,2020-03-02,"TSLA,PCG,LEU",combined_score_avg_accel_3m,5.735659143431994,-0.3922725488862407,0.033311501040491555,3.0,avg_accel,avg_accel_3m,,0.3,TSLA,9.57669276380247,-0.35241120487373445,0.20774045142001563,PCG,3.926892670585512,-0.44053154732321864,-0.2112956731181832,LEU,3.7033919959079986,-0.38387489446176903,0.10348972481964225
C_z_mom6m_plus_0.3_z_avg_accel_3m_top3,C_combined_score,2020-04,2020-04-01,"TSLA,LEU,ENPH",combined_score_avg_accel_3m,6.593390598684537,0.4059162358486015,1.081908206652751,3.0,avg_accel,avg_accel_3m,,0.3,TSLA,8.599517265720145,0.45635015080435526,1.325006169890199,LEU,5.683854427284022,0.3085937419964464,0.916015749782676,ENPH,5.496800103049445,0.4528048147450028,1.0047027002853781
C_z_mom6m_plus_0.3_z_avg_accel_3m_top3,C_combined_score,2020-05,2020-05-01,"TSLA,LEU,DXCM",combined_score_avg_accel_3m,3.6664072704871535,0.2527027644006214,0.944319298960186,3.0,avg_accel,avg_accel_3m,,0.3,TSLA,4.286829882813041,0.28058520999750747,1.1174357512021218,LEU,3.381102945832286,0.36865676676783643,1.4164180589481767,DXCM,3.331288982816134,0.10886631643652023,0.29910408673025923
C_z_mom6m_plus_0.3_z_avg_accel_3m_top3,C_combined_score,2020-06,2020-06-01,"EQT,ENPH,DXCM",combined_score_avg_accel_3m,5.114500100006983,-0.07742017577241689,0.23651407423549617,3.0,avg_accel,avg_accel_3m,,0.3,EQT,6.025351764111899,-0.11111100533560725,0.21911435281297642,ENPH,4.783806444714032,-0.17794904285487645,0.3188672701405213,DXCM,4.5343420911950165,0.056799520873233034,0.17156059975299076
C_z_mom6m_plus_0.3_z_avg_accel_3m_top3,C_combined_score,2020-07,2020-07-01,"ENPH,TSLA,EQT",combined_score_avg_accel_3m,4.978969244503231,0.31516347069074796,0.7724879953263283,3.0,avg_accel,avg_accel_3m,,0.3,ENPH,5.273463256150316,0.24765587792658073,0.8245006039677982,TSLA,5.09495809297704,0.3263310504364707,1.1214598983019939,EQT,4.568486384382338,0.3715034837091924,0.3715034837091924
C_z_mom6m_plus_0.3_z_avg_accel_3m_top3,C_combined_score,2020-08,2020-08-03,"PLUG,TSLA,DDOG",combined_score_avg_accel_3m,5.716955770446041,0.34619691188762536,0.4567693681525948,3.0,avg_accel,avg_accel_3m,,0.3,PLUG,6.364327555955594,0.5425764574038652,0.6888646861057979,TSLA,5.815838866031167,0.5994950111466224,0.5994950111466224,DDOG,4.97070088935136,-0.10348073288761162,0.081948407205364
C_z_mom6m_plus_0.3_z_avg_accel_3m_top3,C_combined_score,2020-09,2020-09-01,"PLUG,LEU,CVNA",combined_score_avg_accel_3m,5.019046252204369,-0.03217240671826849,0.39057903537833255,3.0,avg_accel,avg_accel_3m,,0.3,PLUG,5.9470415430717605,-0.00920029111026388,0.7317762997288337,LEU,5.462248911661083,-0.135338391691059,0.33458640517587,CVNA,3.6478483018802623,0.04802146264651741,0.10537440123029396
C_z_mom6m_plus_0.3_z_avg_accel_3m_top3,C_combined_score,2020-10,2020-10-01,"PLUG,TSLA,CVNA",combined_score_avg_accel_3m,5.242064221685354,-0.0747657485163659,0.6603170836406892,3.0,avg_accel,avg_accel_3m,,0.3,PLUG,5.930962020081163,0.10500001907348633,1.2978570120675221,TSLA,5.337401730394458,-0.106323718451248,0.6283692731663943,CVNA,4.45782891458044,-0.22297354617133602,0.05472496568815122
C_z_mom6m_plus_0.3_z_avg_accel_3m_top3,C_combined_score,2020-11,2020-11-02,"TSLA,CVNA,PLUG",combined_score_avg_accel_3m,4.755246508906266,0.4663985952598257,1.550813973605461,3.0,avg_accel,avg_accel_3m,,0.3,TSLA,5.1953242675888305,0.46003851290975684,1.0968516930661902,CVNA,4.871039106533423,0.35738617455194155,0.4282471526369682,PLUG,4.199376152596544,0.5817710983177786,3.1273430751132247
C_z_mom6m_plus_0.3_z_avg_accel_3m_top3,C_combined_score,2020-12,2020-12-01,"PLUG,ENPH,SEDG",combined_score_avg_accel_3m,4.040284265790462,0.26248091979884774,0.7307908392358553,3.0,avg_accel,avg_accel_3m,,0.3,PLUG,4.819516763177576,0.3146709878078564,1.6093175425336028,ENPH,3.7335839368304553,0.33674813608304954,0.44703133966832587,SEDG,3.567752097363357,0.13602363550563723,0.13602363550563723
C_z_mom6m_plus_0.3_z_avg_accel_3m_top3,C_combined_score,2021-01,2021-01-04,"PLUG,MSTR,TSLA",combined_score_avg_accel_3m,6.02956236508714,0.5426218883837878,0.6585462117696202,3.0,avg_accel,avg_accel_3m,,0.3,PLUG,8.616346998398207,0.9847684833180206,0.9847684833180206,MSTR,5.3496531305805375,0.4923099157639259,0.8400828859214236,TSLA,4.122686966282674,0.15078726606941673,0.15078726606941673
C_z_mom6m_plus_0.3_z_avg_accel_3m_top3,C_combined_score,2021-02,2021-02-01,"MSTR,UUUU,PLUG",combined_score_avg_accel_3m,6.266288689723282,0.09003775003340386,0.16263726857304486,3.0,avg_accel,avg_accel_3m,,0.3,MSTR,6.9177431042699,0.23304339566722643,0.23304339566722643,UUUU,6.177756594238344,0.21545669330291695,0.43325524892184,PLUG,5.703366370661603,-0.17838683886993179,-0.17838683886993179
C_z_mom6m_plus_0.3_z_avg_accel_3m_top3,C_combined_score,2021-03,2021-03-01,"PLUG,MSTR,UUUU",combined_score_avg_accel_3m,8.24174219360314,-0.09215530867034465,-0.015084030826094478,3.0,avg_accel,avg_accel_3m,,0.3,PLUG,10.663198761091103,-0.32786887272421594,-0.32786887272421594,MSTR,8.08040085069362,-0.10081284387317058,-0.10081284387317058,UUUU,5.981626969024692,0.1522157905863526,0.3834296241191031
C_z_mom6m_plus_0.3_z_avg_accel_3m_top3,C_combined_score,2021-04,2021-04-01,"MSTR,PLUG,UUUU",combined_score_avg_accel_3m,5.259263719636542,-0.10596932274621433,0.023486886642625326,3.0,avg_accel,avg_accel_3m,,0.3,MSTR,5.799026895659214,-0.09656606773890541,-0.07490482776389873,PLUG,5.688199026778148,-0.24475324933570064,-0.05530337609379088,UUUU,4.290565236472267,0.023411348835963075,0.2006688637855656
C_z_mom6m_plus_0.3_z_avg_accel_3m_top3,C_combined_score,2021-05,2021-05-03,"TPL,MSTR,UUUU",combined_score_avg_accel_3m,4.043472641844324,-0.04777919594211807,0.06782021029973502,3.0,avg_accel,avg_accel_3m,,0.3,TPL,4.452145600458632,-0.0681842722739282,0.006281460315332721,MSTR,4.371443443025937,-0.24835592382056437,0.023976562315733974,UUUU,3.3068288820484035,0.17320260826813838,0.17320260826813838
C_z_mom6m_plus_0.3_z_avg_accel_3m_top3,C_combined_score,2021-06,2021-06-01,"UUUU,TPL,MSTR",combined_score_avg_accel_3m,4.312235335392462,0.09912786966109659,0.13515712674477376,3.0,avg_accel,avg_accel_3m,,0.3,UUUU,4.425728745047212,-0.14484679480746898,-0.14484679480746898,TPL,4.408782471466668,0.07991465519795526,0.07991465519795526,MSTR,4.102194789663506,0.36231574859280347,0.470403519843835
C_z_mom6m_plus_0.3_z_avg_accel_3m_top3,C_combined_score,2021-07,2021-07-01,"UUUU,TPL,NUE",combined_score_avg_accel_3m,4.709637783271318,-0.06327813909183717,0.07628912721062601,3.0,avg_accel,avg_accel_3m,,0.3,UUUU,7.140684571069676,-0.16123775124523232,0.11074923777889256,TPL,3.4981882522747108,-0.08477915176806738,-0.08477915176806738,NUE,3.4900405264695666,0.05618248573778817,0.20289729562105285
C_z_mom6m_plus_0.3_z_avg_accel_3m_top3,C_combined_score,2021-08,2021-08-02,"FANG,GNRC,DVN",combined_score_avg_accel_3m,3.240130653855129,0.058837526979055386,0.46776950094241915,3.0,avg_accel,avg_accel_3m,,0.3,FANG,3.3747631413225463,-0.028148096629166286,0.4626265535686658,GNRC,3.2102477990127887,0.09677497863769524,0.26449996948242194,DVN,3.135381021230052,0.1078856989286372,0.6761819797761697
C_z_mom6m_plus_0.3_z_avg_accel_3m_top3,C_combined_score,2021-09,2021-09-01,"NUE,FTNT,GNRC",combined_score_avg_accel_3m,3.383385919076837,-0.0892162269706062,0.048928345304239396,3.0,avg_accel,avg_accel_3m,,0.3,NUE,3.689824029575043,-0.15675410124363143,-0.05684240572634447,FTNT,3.640108479439446,-0.03394174087809165,0.050701824159114395,GNRC,2.820225248216022,-0.07695283879009551,0.15292561747994826
C_z_mom6m_plus_0.3_z_avg_accel_3m_top3,C_combined_score,2021-10,2021-10-01,"NUE,BX,FTNT",combined_score_avg_accel_3m,3.3017356168205523,0.13466015845357462,0.15969705566661788,3.0,avg_accel,avg_accel_3m,,0.3,NUE,3.3628175415225052,0.11848465040225897,0.1626637829368971,BX,3.3366456929550288,0.19787837100269412,0.1985749972336983,FTNT,3.205743615984122,0.08761745395577081,0.11785238682925825
C_z_mom6m_plus_0.3_z_avg_accel_3m_top3,C_combined_score,2021-11,2021-11-01,"LEU,RKLB,DVN",combined_score_avg_accel_3m,4.308326844701914,-0.02454930466764771,0.07644151787287894,3.0,avg_accel,avg_accel_3m,,0.3,LEU,5.375982770676822,-0.11147811866310575,-0.11147811866310575,RKLB,3.8822858682145993,0.06521734478081331,0.06521734478081331,DVN,3.6667118952143194,-0.027387140120650688,0.27558532750092923
C_z_mom6m_plus_0.3_z_avg_accel_3m_top3,C_combined_score,2021-12,2021-12-01,"LEU,DVN,TSLA",combined_score_avg_accel_3m,5.003676187820523,0.07083827061273089,0.18462171214025014,3.0,avg_accel,avg_accel_3m,,0.3,LEU,6.742005277684386,-0.020260226171844198,-0.020260226171844198,DVN,4.28063213886301,0.13708554140793927,0.47843586599049703,TSLA,3.988391146914171,0.09568949660209758,0.09568949660209758
C_z_mom6m_plus_0.3_z_avg_accel_3m_top3,C_combined_score,2022-01,2022-01-03,"LEU,ENPH,NVDA",combined_score_avg_accel_3m,4.796499825680889,-0.19594219830088133,-0.05869035508925572,3.0,avg_accel,avg_accel_3m,,0.3,LEU,5.604914792018968,-0.17928288611416876,-0.17928288611416876,ENPH,4.477451994627327,-0.22651124679075274,0.11623747788633709,NVDA,4.307132690396372,-0.1820324619977225,-0.1130256570399355
C_z_mom6m_plus_0.3_z_avg_accel_3m_top3,C_combined_score,2022-02,2022-02-01,"BLDR,TSLA,LEU",combined_score_avg_accel_3m,3.9060291385757875,-0.01160670723037116,0.06721925749625568,3.0,avg_accel,avg_accel_3m,,0.3,BLDR,4.295229511294617,0.04208280516191132,0.04208280516191132,TSLA,3.7124436461309616,-0.07181745726121591,0.1646604369186646,LEU,3.7104142583017836,-0.005085469591808889,-0.005085469591808889
C_z_mom6m_plus_0.3_z_avg_accel_3m_top3,C_combined_score,2022-03,2022-03-01,"DVN,HAL,CF",combined_score_avg_accel_3m,3.4257665509501716,0.1496459858300767,0.272439719920222,3.0,avg_accel,avg_accel_3m,,0.3,DVN,4.276549788665564,0.03566388311783042,0.3124703300692069,HAL,3.0151955243730284,0.20149495727443223,0.29306971259349157,CF,2.985554339811921,0.21177911709796748,0.21177911709796748
C_z_mom6m_plus_0.3_z_avg_accel_3m_top3,C_combined_score,2022-04,2022-04-01,"DVN,OXY,CF",combined_score_avg_accel_3m,4.2840434875486695,-0.02114697967686426,0.14851446444154123,3.0,avg_accel,avg_accel_3m,,0.3,DVN,4.567367840061322,-0.03313998125967499,0.2672744038520105,OXY,4.407248621242218,0.0032695995057594462,0.2118395467492904,CF,3.8775140013424694,-0.03357055727667724,-0.03357055727667724
C_z_mom6m_plus_0.3_z_avg_accel_3m_top3,C_combined_score,2022-05,2022-05-02,"OXY,EQT,MOS",combined_score_avg_accel_3m,3.99064640502819,0.13912734305371052,0.13912734305371052,3.0,avg_accel,avg_accel_3m,,0.3,OXY,4.2298620355502194,0.20789022945206215,0.20789022945206215,EQT,4.002647480458487,0.2666893858823096,0.2666893858823096,MOS,3.7394296990758633,-0.05719758617324022,-0.05719758617324022
C_z_mom6m_plus_0.3_z_avg_accel_3m_top3,C_combined_score,2022-06,2022-06-01,"EQT,VLO,OXY",combined_score_avg_accel_3m,3.2982592020287385,-0.21243758426919293,-0.083871528817749,3.0,avg_accel,avg_accel_3m,,0.3,EQT,4.4751179145703786,-0.3118472504767288,-0.06676933087658621,VLO,2.7312160276752047,-0.18536391616412362,-0.1579931226093796,OXY,2.688443663840631,-0.1401015861667264,-0.026852132967281173
C_z_mom6m_plus_0.3_z_avg_accel_3m_top3,C_combined_score,2022-07,2022-07-01,"EQT,VLO,OXY",combined_score_avg_accel_3m,3.5514789657639785,0.11286203336468088,0.17901327357624694,3.0,avg_accel,avg_accel_3m,,0.3,EQT,4.504983681646051,0.23460724174779646,0.3561388365736011,VLO,3.1812623347223603,0.024726792108036966,0.04920001648548289,OXY,2.968190880923524,0.07925206623820924,0.13170096766965678
C_z_mom6m_plus_0.3_z_avg_accel_3m_top3,C_combined_score,2022-08,2022-08-01,"OXY,XOM,EQT",combined_score_avg_accel_3m,2.4616434634458364,0.05007737066907129,0.1426973906209379,3.0,avg_accel,avg_accel_3m,,0.3,OXY,3.03121078429354,0.04859745287702899,0.13366238296690702,XOM,2.2701059232134737,0.003197204111084151,0.19599233387680592,EQT,2.0836136828304954,0.09843745501910073,0.09843745501910073
C_z_mom6m_plus_0.3_z_avg_accel_3m_top3,C_combined_score,2022-09,2022-09-01,"ENPH,SEDG,EQT",combined_score_avg_accel_3m,4.0540807058513675,-0.06740486344301877,0.037923891207321724,3.0,avg_accel,avg_accel_3m,,0.3,ENPH,5.054939317336746,0.016852338915988252,0.11402829886743038,SEDG,3.589488827338168,-0.12060006721753613,0.09821023678204321,EQT,3.517813972879187,-0.09846686202750843,-0.09846686202750843
C_z_mom6m_plus_0.3_z_avg_accel_3m_top3,C_combined_score,2022-10,2022-10-03,"FSLR,EQT,ENPH",combined_score_avg_accel_3m,4.27311784885949,0.03614043864465636,0.10902837720371057,3.0,avg_accel,avg_accel_3m,,0.3,FSLR,4.639145951925719,0.08746898429311889,0.23364075032769205,EQT,4.2720098015827235,-0.023951985349288663,-0.0021210771734255784,ENPH,3.908197793070029,0.04490431699013886,0.09556545845686526
C_z_mom6m_plus_0.3_z_avg_accel_3m_top3,C_combined_score,2022-11,2022-11-01,"FSLR,SMCI,CEG",combined_score_avg_accel_3m,4.032395091016279,0.1281559620853274,0.15420428955834933,3.0,avg_accel,avg_accel_3m,,0.3,FSLR,4.7128865013687875,0.13441465287360677,0.21255963529267263,SMCI,3.6977304417176216,0.25953239699129393,0.25953239699129393,CEG,3.6865683299624283,-0.00947916360891854,-0.00947916360891854
C_z_mom6m_plus_0.3_z_avg_accel_3m_top3,C_combined_score,2022-12,2022-12-01,"FSLR,SMCI,TPL",combined_score_avg_accel_3m,3.442808821109193,-0.12822971173772582,0.036951167830254684,3.0,avg_accel,avg_accel_3m,,0.3,FSLR,3.602227901603806,-0.13409274798271897,0.16103002533987554,SMCI,3.4158038029702893,-0.07347254316638197,0.12694732221496507,TPL,3.310394758753484,-0.17712384406407655,-0.17712384406407655
C_z_mom6m_plus_0.3_z_avg_accel_3m_top3,C_combined_score,2023-01,2023-01-03,"FSLR,AXON,SMCI",combined_score_avg_accel_3m,3.6596294778587257,0.12149670109734423,0.37477564257480994,3.0,avg_accel,avg_accel_3m,,0.3,FSLR,3.884959403449871,0.23441133947365245,0.42860080858824956,AXON,3.753329485417001,0.17920823176452783,0.3515810268972428,SMCI,3.340599544709304,-0.04912946794614759,0.3441450922389375
C_z_mom6m_plus_0.3_z_avg_accel_3m_top3,C_combined_score,2023-02,2023-02-01,"SMCI,FSLR,AXON",combined_score_avg_accel_3m,3.5639449447700997,0.1598776800284997,0.23902812237641916,3.0,avg_accel,avg_accel_3m,,0.3,SMCI,4.246956412029283,0.27915724085060467,0.4135942243741886,FSLR,3.3941311136552588,0.08620593563950107,0.15731341968828527,AXON,3.050747308625758,0.11426986359539337,0.14617672306678364
C_z_mom6m_plus_0.3_z_avg_accel_3m_top3,C_combined_score,2023-03,2023-03-01,"CVNA,RCL,FSLR",combined_score_avg_accel_3m,4.235756805115066,0.002238077315137884,0.33469534161957903,3.0,avg_accel,avg_accel_3m,,0.3,CVNA,5.361487025200791,0.042648763598271744,0.7732885422141715,RCL,3.985160397372777,-0.10139862249942477,0.1640557956749542,FSLR,3.360622992771628,0.06546409084656668,0.06674168696961136
C_z_mom6m_plus_0.3_z_avg_accel_3m_top3,C_combined_score,2023-04,2023-04-03,"RCL,AXON,MSTR",combined_score_avg_accel_3m,3.5910270150539936,0.008764928462035582,0.27555180030262766,3.0,avg_accel,avg_accel_3m,,0.3,RCL,3.6253456754823254,0.04249007067595589,0.6062253598483254,AXON,3.582763984589073,-0.05009015093109215,-0.05009015093109215,MSTR,3.5649713850905824,0.033894865641243,0.2705201919906497
C_z_mom6m_plus_0.3_z_avg_accel_3m_top3,C_combined_score,2023-05,2023-05-01,"NVDA,SMCI,MSTR",combined_score_avg_accel_3m,4.185883465184513,0.5163487674856729,1.07834954115291,3.0,avg_accel,avg_accel_3m,,0.3,NVDA,4.882838926071358,0.3756485795575497,0.608848580721099,SMCI,3.8742028852035366,1.1978879257079433,2.2114928691725018,MSTR,3.8006085842786437,-0.02449020280847425,0.4147071735651293
C_z_mom6m_plus_0.3_z_avg_accel_3m_top3,C_combined_score,2023-06,2023-06-01,"META,NVDA,AMD",combined_score_avg_accel_3m,4.06360483242776,0.02840225211396541,0.12933033547182396,3.0,avg_accel,avg_accel_3m,,0.3,META,5.273154218017512,0.049191191267607515,0.18377917322878212,NVDA,4.424096355842242,0.06656718044705556,0.21986432107046805,AMD,2.4935639234235256,-0.03055161537276685,-0.015652487883778265
C_z_mom6m_plus_0.3_z_avg_accel_3m_top3,C_combined_score,2023-07,2023-07-03,"CVNA,SMCI,PLTR",combined_score_avg_accel_3m,6.822480031165251,0.5153594692806505,0.5378401241074623,3.0,avg_accel,avg_accel_3m,,0.3,CVNA,8.203504926083246,0.9034883411463168,0.9709303056267522,SMCI,7.390535937309011,0.35457465551576983,0.35457465551576983,PLTR,4.8733992301034945,0.28801541117986473,0.28801541117986473
C_z_mom6m_plus_0.3_z_avg_accel_3m_top3,C_combined_score,2023-08,2023-08-01,"CVNA,SMCI,PLTR",combined_score_avg_accel_3m,8.048512063350113,-0.12310285372093033,-0.10481424544427491,3.0,avg_accel,avg_accel_3m,,0.3,CVNA,13.661786729011716,0.03543072107277556,0.03543072107277556,SMCI,5.848672730645939,-0.16411899604166968,-0.14427067082551082,PLTR,4.6350767303926865,-0.24062028619389686,-0.20560278658008946
C_z_mom6m_plus_0.3_z_avg_accel_3m_top3,C_combined_score,2023-09,2023-09-01,"CVNA,SMCI,PLTR",combined_score_avg_accel_3m,8.344016695491995,-0.05275441773036219,0.043644358182396724,3.0,avg_accel,avg_accel_3m,,0.3,CVNA,11.719433764944503,-0.2281219424048233,-0.2281219424048233,SMCI,8.325700152797596,0.023745395722796214,0.023745395722796214,PLTR,4.986916168733883,0.04611329349094051,0.33530962122921726
C_z_mom6m_plus_0.3_z_avg_accel_3m_top3,C_combined_score,2023-10,2023-10-02,"CVNA,APP,SMCI",combined_score_avg_accel_3m,6.411947702047681,-0.1884785526600331,0.06110501328310743,3.0,avg_accel,avg_accel_3m,,0.3,CVNA,10.152473195169568,-0.33783439269138016,0.2450955779093309,APP,5.152833521217931,-0.10093089080564499,-0.04997552500682645,SMCI,3.930536389755546,-0.12667037448307417,-0.011805013053182156
C_z_mom6m_plus_0.3_z_avg_accel_3m_top3,C_combined_score,2023-11,2023-11-01,"CVNA,APP,SMCI",combined_score_avg_accel_3m,5.331275549854963,0.1551388474467789,0.7698042901238124,3.0,avg_accel,avg_accel_3m,,0.3,CVNA,7.253600022963552,0.3543670688439846,0.8803386406159583,APP,4.567231555106342,0.04223431075853745,0.11607624613008327,SMCI,4.172995071494995,0.06881516273781463,1.3129979836253955
C_z_mom6m_plus_0.3_z_avg_accel_3m_top3,C_combined_score,2023-12,2023-12-01,"CVNA,SMCI,PLTR",combined_score_avg_accel_3m,4.791052275713338,0.08832762651455343,1.314982016526299,3.0,avg_accel,avg_accel_3m,,0.3,CVNA,5.945907460387527,0.388352304092062,1.3568180602074649,SMCI,4.867630924719854,0.058673024920034234,2.3582316034723747,PLTR,3.5596184420326336,-0.18204244946843595,0.22989638589905748
C_z_mom6m_plus_0.3_z_avg_accel_3m_top3,C_combined_score,2024-01,2024-01-02,"COIN,CVNA,MSTR",combined_score_avg_accel_3m,4.822849315849417,-0.19097327609617643,0.9239462826107182,3.0,avg_accel,avg_accel_3m,,0.3,COIN,5.753522553038983,-0.17803421127780872,0.607024431180218,CVNA,4.836125359583117,-0.12973200132464524,0.7759361063587848,MSTR,3.878900034926148,-0.2651536156860753,1.3888783102931517
C_z_mom6m_plus_0.3_z_avg_accel_3m_top3,C_combined_score,2024-02,2024-02-01,"CVNA,COIN,MSTR",combined_score_avg_accel_3m,5.958213124168299,0.8967389168838981,1.417894653957438,3.0,avg_accel,avg_accel_3m,,0.3,CVNA,7.175002415243813,0.9506230780899649,1.0477310319875568,COIN,6.093683196454866,0.595734851820529,0.9550989265361769,MSTR,4.605953760806218,1.1438588207412002,2.2508540033485804
C_z_mom6m_plus_0.3_z_avg_accel_3m_top3,C_combined_score,2024-03,2024-03-01,"SMCI,CRWD,DELL",combined_score_avg_accel_3m,4.27303171718775,0.04051523704591942,0.0750377413295491,3.0,avg_accel,avg_accel_3m,,0.3,SMCI,6.836191042301536,0.1454145903034021,0.1454145903034021,CRWD,3.334205688803186,0.015861379966830347,0.015861379966830347,DELL,2.6486984204585258,-0.03973025913247419,0.06383725371841487
C_z_mom6m_plus_0.3_z_avg_accel_3m_top3,C_combined_score,2024-04,2024-04-01,"SMCI,MSTR,ARM",combined_score_avg_accel_3m,7.348480200254699,-0.3030185166759073,0.009679919735273193,3.0,avg_accel,avg_accel_3m,,0.3,SMCI,9.162919991158834,-0.2881453556578677,-0.2167766945326116,MSTR,7.122531760237022,-0.37175723688693996,-0.0057003475212275,ARM,5.759988849368246,-0.24915295748291422,0.2515168012596587
C_z_mom6m_plus_0.3_z_avg_accel_3m_top3,C_combined_score,2024-05,2024-05-01,"MSTR,SMCI,COIN",combined_score_avg_accel_3m,7.640489785405265,0.24259619697295967,0.264578299011416,3.0,avg_accel,avg_accel_3m,,0.3,MSTR,10.201307669161615,0.582667896645291,0.582667896645291,SMCI,7.262111176766102,0.04373555731780132,0.10025735126194513,COIN,5.458050510288079,0.10138513695578677,0.11080964912701186
C_z_mom6m_plus_0.3_z_avg_accel_3m_top3,C_combined_score,2024-06,2024-06-03,"MSTR,CVNA,COIN",combined_score_avg_accel_3m,5.685305390933447,0.03482581389425188,0.13937404717188318,3.0,avg_accel,avg_accel_3m,,0.3,MSTR,6.113931322455487,-0.1606478860509044,-0.07103310013676012,CVNA,5.741893909625287,0.25656836445624176,0.48059827837499136,COIN,5.200090940719567,0.008556963277418284,0.008556963277418284
C_z_mom6m_plus_0.3_z_avg_accel_3m_top3,C_combined_score,2024-07,2024-07-01,"MSTR,CVNA,VST",combined_score_avg_accel_3m,5.071787679012351,0.051891452437984764,0.3370823672588817,3.0,avg_accel,avg_accel_3m,,0.3,MSTR,6.770295541044285,0.10676661728117032,0.19102178156195126,CVNA,4.53248749812059,0.17828708748026978,0.4137514539985796,VST,3.9125799978721774,-0.1293793474474858,0.40647386621611425
C_z_mom6m_plus_0.3_z_avg_accel_3m_top3,C_combined_score,2024-08,2024-08-01,"SMCI,ARM,NVDA",combined_score_avg_accel_3m,4.717177744524599,-0.11185036334096372,0.02048130328987526,3.0,avg_accel,avg_accel_3m,,0.3,SMCI,5.205085650650048,-0.34282396100228985,-0.34282396100228985,ARM,4.478324180340768,0.01835236349546676,0.16434855765140477,NVDA,4.468123402582983,-0.011079492516068101,0.23991931322051085
C_z_mom6m_plus_0.3_z_avg_accel_3m_top3,C_combined_score,2024-09,2024-09-03,"CVNA,MSTR,ARM",combined_score_avg_accel_3m,6.61295621729393,0.21540063754544025,1.0054899084656357,3.0,avg_accel,avg_accel_3m,,0.3,CVNA,7.516101538563485,0.21644065403107549,0.7640465038319864,MSTR,7.509607769401963,0.3300359945004989,2.1090581159399773,ARM,4.813159343916339,0.09972526410474636,0.14336510562494298
C_z_mom6m_plus_0.3_z_avg_accel_3m_top3,C_combined_score,2024-10,2024-10-01,"MMM,CVNA,NEM",combined_score_avg_accel_3m,2.7708962025311785,0.022419741199960114,0.08696111533395885,3.0,avg_accel,avg_accel_3m,,0.3,MMM,3.0573834682492405,-0.07179329734947681,-0.025268068370632224,CVNA,2.7423601261399906,0.30307173182374303,0.45017062524689466,NEM,2.5129450132043054,-0.16401921087438587,-0.16401921087438587
C_z_mom6m_plus_0.3_z_avg_accel_3m_top3,C_combined_score,2024-11,2024-11-01,"RKLB,APP,VST",combined_score_avg_accel_3m,4.525317847541651,0.8291338270496075,1.0440903395467167,3.0,avg_accel,avg_accel_3m,,0.3,RKLB,5.4057866218048884,1.1151489076420713,1.4851137452861187,APP,4.180135756899409,1.0827371056093336,1.234697029103577,VST,3.9900311639206585,0.28951546789741767,0.41246024425045413
C_z_mom6m_plus_0.3_z_avg_accel_3m_top3,C_combined_score,2024-12,2024-12-02,"LEU,RKLB,MSTR",combined_score_avg_accel_3m,6.46367771752604,-0.09329802980373329,0.035379456106064,3.0,avg_accel,avg_accel_3m,,0.3,LEU,7.9365585292716165,-0.10209770879488689,0.018552185723901493,RKLB,5.9715021621293305,0.03332636617444629,0.17491195835307738,MSTR,5.482972461177174,-0.21112274679075926,-0.08732577575878686
C_z_mom6m_plus_0.3_z_avg_accel_3m_top3,C_combined_score,2025-01,2025-01-02,"RKLB,APP,MSTR",combined_score_avg_accel_3m,7.611516064750958,0.12105770670736475,0.12105770670736475,3.0,avg_accel,avg_accel_3m,,0.3,RKLB,9.295463817561991,0.13701923885171485,0.13701923885171485,APP,8.30053079869627,0.06922582873957994,0.06922582873957994,MSTR,5.238553577994617,0.15692805253079944,0.15692805253079944
C_z_mom6m_plus_0.3_z_avg_accel_3m_top3,C_combined_score,2025-02,2025-02-03,"RKLB,APP,PLTR",combined_score_avg_accel_3m,7.372896993353447,-0.14106989089043756,0.030052309825976103,3.0,avg_accel,avg_accel_3m,,0.3,RKLB,9.120034809262686,-0.342494700521053,-0.2205778191208413,APP,7.829899118073891,-0.07689362389390075,-0.07689362389390075,PLTR,5.168757052723766,-0.0038213482563589363,0.38762837249267035
C_z_mom6m_plus_0.3_z_avg_accel_3m_top3,C_combined_score,2025-03,2025-03-03,"RKLB,APP,PLTR",combined_score_avg_accel_3m,5.637295849000355,-0.05806664099193859,0.399917411341995,3.0,avg_accel,avg_accel_3m,,0.3,RKLB,6.723814428260899,-0.02733120220001306,0.42550914249652516,APP,5.860745591008061,-0.16197303825227471,0.19140928447613836,PLTR,4.327327527732105,0.015104317476472007,0.5828338070533214
C_z_mom6m_plus_0.3_z_avg_accel_3m_top3,C_combined_score,2025-04,2025-04-01,"APP,RKLB,LEU",combined_score_avg_accel_3m,4.7989114262674475,0.1008622054305383,0.9707603782624391,3.0,avg_accel,avg_accel_3m,,0.3,APP,5.372402365657525,-0.011354870300838371,0.4216837152726276,RKLB,4.63967452855225,0.21873285422275934,0.8914601957349577,LEU,4.384657384592567,0.0952086323696939,1.5991372237797319
C_z_mom6m_plus_0.3_z_avg_accel_3m_top3,C_combined_score,2025-05,2025-05-01,"MSTR,APP,PLTR",combined_score_avg_accel_3m,4.018475972599158,0.18329303143109424,0.24796214718289222,3.0,avg_accel,avg_accel_3m,,0.3,MSTR,4.079627114452565,-0.02444972992823491,-0.0217505717447376,APP,4.000950875912951,0.4380121568041677,0.4380121568041677,PLTR,3.9748499274319578,0.13631666741734993,0.32762485648924655
C_z_mom6m_plus_0.3_z_avg_accel_3m_top3,C_combined_score,2025-06,2025-06-02,"PLTR,RKLB,MSTR",combined_score_avg_accel_3m,5.736890191089323,0.094356148553982,0.34874716664787936,3.0,avg_accel,avg_accel_3m,,0.3,PLTR,6.388580546887748,-0.010299914264645715,0.18971527056559334,RKLB,5.7462550432535275,0.2906015540875664,0.8537594235390193,MSTR,5.075834983126692,0.0027668058390253325,0.0027668058390253325
C_z_mom6m_plus_0.3_z_avg_accel_3m_top3,C_combined_score,2025-07,2025-07-01,"PLTR,LEU,AVGO",combined_score_avg_accel_3m,4.491250934618074,0.16854520424442856,0.5464521568953516,3.0,avg_accel,avg_accel_3m,,0.3,PLTR,4.834953890964346,0.1805173930121562,0.41528931216812603,LEU,4.704517865067216,0.23484081287711134,0.9625983769482405,AVGO,3.934281047822658,0.0902774068440182,0.26146878156968856
C_z_mom6m_plus_0.3_z_avg_accel_3m_top3,C_combined_score,2025-08,2025-08-01,"LEU,CVNA,NRG",combined_score_avg_accel_3m,4.706278210747906,-0.05314507412842303,0.25501336960922827,3.0,avg_accel,avg_accel_3m,,0.3,LEU,7.316198879660862,-0.02131235252907482,0.6463782807073697,CVNA,3.503196052128729,-0.0037794317098863717,0.07512644780716626,NRG,3.2994397004541267,-0.1343434381463079,0.04353538031314885
C_z_mom6m_plus_0.3_z_avg_accel_3m_top3,C_combined_score,2025-09,2025-09-02,"LEU,SMCI,SEDG",combined_score_avg_accel_3m,5.216687164522216,0.37784246245242453,0.39726470797431657,3.0,avg_accel,avg_accel_3m,,0.3,LEU,6.8024379261995,0.62396383512066,0.6822305716863362,SMCI,4.490957544638517,0.2846984050486461,0.2846984050486461,SEDG,4.356666022728629,0.22486514718796746,0.22486514718796746
C_z_mom6m_plus_0.3_z_avg_accel_3m_top3,C_combined_score,2025-10,2025-10-01,"ECHO,UUUU,ALAB",combined_score_avg_accel_3m,6.513207071987172,0.021990295511607028,0.1763299079166123,3.0,avg_accel,avg_accel_3m,,0.3,ECHO,8.519217555835413,-0.051949650986389595,0.4110691862286262,UUUU,5.950019785721491,0.1330362313073612,0.1330362313073612,ALAB,5.070383874404612,-0.01511569378615052,-0.01511569378615052
C_z_mom6m_plus_0.3_z_avg_accel_3m_top3,C_combined_score,2025-11,2025-11-03,"ECHO,UUUU,LEU",combined_score_avg_accel_3m,6.426495524703339,-0.1693820251563326,0.17373072943090082,3.0,avg_accel,avg_accel_3m,,0.3,ECHO,7.967147316130937,-0.031444907260395616,0.5463712193780337,UUUU,5.901534548784279,-0.20955054506239912,0.18033714210155138,LEU,5.410804709194801,-0.2671506231462031,-0.20551617318688264
C_z_mom6m_plus_0.3_z_avg_accel_3m_top3,C_combined_score,2025-12,2025-12-01,"LEU,PLUG,MU",combined_score_avg_accel_3m,5.27883699622338,0.18594223050989847,0.35565779332297653,3.0,avg_accel,avg_accel_3m,,0.3,LEU,5.8402215730715925,0.08410247986281161,0.08410247986281161,PLUG,5.058758157645913,0.16145836922805823,0.16145836922805823,MU,4.937531257952633,0.3122658424388256,0.8214125308780598
C_z_mom6m_plus_0.3_z_avg_accel_3m_top3,C_combined_score,2026-01,2026-01-02,"ECHO,MU,PLUG",combined_score_avg_accel_3m,4.328082306493726,0.11989372161933587,0.1573390111575328,3.0,avg_accel,avg_accel_3m,,0.3,ECHO,4.784873389943996,0.03895527486801398,0.07505792606560391,MU,4.153585215898682,0.3879905061713662,0.3879905061713662,PLUG,4.045788313638499,-0.06726461618137258,0.00896860123562826
C_z_mom6m_plus_0.3_z_avg_accel_3m_top3,C_combined_score,2026-02,2026-02-02,"ECHO,RKLB,CIEN",combined_score_avg_accel_3m,4.810069932495058,0.09762289125182295,0.3711454964566396,3.0,avg_accel,avg_accel_3m,,0.3,ECHO,5.484239442053941,0.018275394231196174,0.0568854318302654,RKLB,4.9505549436129765,-0.042886045040281484,0.06284552848037994,CIEN,3.9954154118182577,0.3174793245645542,0.9937055290592733
C_z_mom6m_plus_0.3_z_avg_accel_3m_top3,C_combined_score,2026-03,2026-03-02,"ECHO,MU,RKLB",combined_score_avg_accel_3m,5.687726762169473,-0.05628349413973188,0.7694992495958676,3.0,avg_accel,avg_accel_3m,,0.3,ECHO,7.951912413286887,0.016177942062758577,0.07364339266342568,MU,5.459867178238694,-0.10823535017034125,1.510322902206923,RKLB,3.6514006949828395,-0.07679307431161297,0.7245314539172538
C_z_mom6m_plus_0.3_z_avg_accel_4m_top3,C_combined_score,2016-01,2016-01-04,"NVDA,LDOS,AMZN",combined_score_avg_accel_4m,2.771717736911739,-0.11624891145499294,0.005458345523553658,4.0,avg_accel,avg_accel_4m,,0.3,NVDA,3.057550546470486,-0.09484083753346129,0.12084351338143162,LDOS,2.6367550186598976,-0.1562905152519075,-0.044043623063586224,AMZN,2.6208476456048335,-0.09761538157961003,-0.060424853747184426
C_z_mom6m_plus_0.3_z_avg_accel_4m_top3,C_combined_score,2016-02,2016-02-01,"FSLR,NVDA,LDOS",combined_score_avg_accel_4m,2.9570505460431593,0.03066074087219243,0.1232439569521075,4.0,avg_accel,avg_accel_4m,,0.3,FSLR,3.2226601800985333,-0.0015912138683923382,-0.0015912138683923382,NVDA,3.204377681944358,0.12181975252068455,0.23828334270754992,LDOS,2.4441137760865868,-0.028246316035714925,0.13303974201716495
C_z_mom6m_plus_0.3_z_avg_accel_4m_top3,C_combined_score,2016-03,2016-03-01,"FSLR,NEM,SEDG",combined_score_avg_accel_4m,2.810559103935457,-0.008382230614332556,0.12035248408211367,4.0,avg_accel,avg_accel_4m,,0.3,FSLR,3.5857120340752044,-0.022312277036129258,-0.022312277036129258,NEM,2.4322659292346493,0.04943309427942655,0.3537770911496019,SEDG,2.4136993484965177,-0.05226750908629496,0.029592638132868387
C_z_mom6m_plus_0.3_z_avg_accel_4m_top3,C_combined_score,2016-04,2016-04-01,"TSN,NEM,TRMB",combined_score_avg_accel_4m,2.704071849392953,0.07481436379871116,0.1721255222074929,4.0,avg_accel,avg_accel_4m,,0.3,TSN,2.991759579422295,-0.020854374912084195,-0.020854374912084195,NEM,2.861494470374752,0.29000800387293624,0.5164724395943971,TRMB,2.2589614983818125,-0.044710537564718544,0.020758501940165708
C_z_mom6m_plus_0.3_z_avg_accel_4m_top3,C_combined_score,2016-05,2016-05-02,"LEU,NEM,AMD",combined_score_avg_accel_4m,6.131481371466393,0.03013594845344632,0.38204787744727176,4.0,avg_accel,avg_accel_4m,,0.3,LEU,12.671877164114456,-0.04516124864274451,0.08387096724574694,NEM,3.1539084039008936,-0.0489228356874053,0.286871635803541,AMD,2.5686585463838294,0.18449192969048878,0.7754010292925273
C_z_mom6m_plus_0.3_z_avg_accel_4m_top3,C_combined_score,2016-06,2016-06-01,"LEU,FCX,NEM",combined_score_avg_accel_4m,7.108565755634828,0.14730412956235575,0.23761955702918316,4.0,avg_accel,avg_accel_4m,,0.3,LEU,11.830972037969453,0.13513508506549265,0.18243241719384562,FCX,5.071327544850829,0.07075484295812862,0.17735871732463182,NEM,4.423397684084202,0.236022460663446,0.3530675365690721
C_z_mom6m_plus_0.3_z_avg_accel_4m_top3,C_combined_score,2016-07,2016-07-01,"LEU,AMD,FCX",combined_score_avg_accel_4m,7.47462225873678,0.11755887016401083,0.2336831146926107,4.0,avg_accel,avg_accel_4m,,0.3,LEU,12.733463989923449,-0.05654756688510587,0.1517857161863727,AMD,5.195658256306909,0.3096646236029119,0.4497040741172329,FCX,4.494744529979981,0.09955955377422643,0.09955955377422643
C_z_mom6m_plus_0.3_z_avg_accel_4m_top3,C_combined_score,2016-08,2016-08-01,"LEU,OKE,AMD",combined_score_avg_accel_4m,6.029686236839129,0.10804038655182764,0.18706127251236482,4.0,avg_accel,avg_accel_4m,,0.3,LEU,9.39494987775951,0.10410091979930125,0.24921133843524013,OKE,4.406090967380856,0.11309252111772339,0.20504476036339603,AMD,4.28801786537702,0.1069277187384583,0.1069277187384583
C_z_mom6m_plus_0.3_z_avg_accel_4m_top3,C_combined_score,2016-09,2016-09-01,"AMD,LEU,FCX",combined_score_avg_accel_4m,5.521560893031032,0.028047564545156112,0.4464617213994066,4.0,avg_accel,avg_accel_4m,,0.3,AMD,6.523981387246568,-0.05442178238877515,0.14149666016113716,LEU,5.707012104995002,0.10571425301688064,0.7457143238612585,FCX,4.333689186851526,0.032850223007362844,0.4521741801758241
C_z_mom6m_plus_0.3_z_avg_accel_4m_top3,C_combined_score,2016-10,2016-10-03,"LEU,AMD,DHR",combined_score_avg_accel_4m,5.6520904200583,0.01036330776831118,0.5391929691272926,4.0,avg_accel,avg_accel_4m,,0.3,LEU,6.567980882895606,0.023255854069589743,0.9612404075023369,AMD,6.207366989959942,0.020143934843871225,0.6446044055912483,DHR,4.180923387319355,-0.012309865608527426,0.011734094288292862
C_z_mom6m_plus_0.3_z_avg_accel_4m_top3,C_combined_score,2016-11,2016-11-01,"AMD,DHR,WMB",combined_score_avg_accel_4m,4.614825239932451,0.07799340178527818,0.29847958715045836,4.0,avg_accel,avg_accel_4m,,0.3,AMD,4.922045060906704,0.18335686357642111,0.7009873286412738,DHR,4.463933155974837,-0.00012924385886237122,0.08623558772500295,WMB,4.458497502915812,0.05075258563827578,0.1082158450850983
C_z_mom6m_plus_0.3_z_avg_accel_4m_top3,C_combined_score,2016-12,2016-12-01,"TPL,NVDA,DHR",combined_score_avg_accel_4m,4.250514561992765,0.06974229053115118,0.1749809810129818,4.0,avg_accel,avg_accel_4m,,0.3,TPL,4.663830655253681,0.02078457504227149,0.08998624900297991,NVDA,4.375101389494917,0.16396626264570147,0.30020460957727657,DHR,3.7126116412296972,0.024476033905480588,0.13475208445868891
C_z_mom6m_plus_0.3_z_avg_accel_4m_top3,C_combined_score,2017-01,2017-01-03,"LEU,TPL,NVDA",combined_score_avg_accel_4m,4.283770797328156,-0.021390873061518285,-0.010850677930626587,4.0,avg_accel,avg_accel_4m,,0.3,LEU,5.554137398629827,-0.24901189793498735,-0.21739131254231225,TPL,3.888633529718776,0.06779263289498916,0.06779263289498916,NVDA,3.408541463635865,0.11704664585544333,0.11704664585544333
C_z_mom6m_plus_0.3_z_avg_accel_4m_top3,C_combined_score,2017-02,2017-02-01,"LEU,AMD,NVDA",combined_score_avg_accel_4m,4.58573981112129,0.06192358095251967,0.07829634946061237,4.0,avg_accel,avg_accel_4m,,0.3,LEU,5.493881772217435,0.04210530806776713,0.04210530806776713,AMD,4.209963691698614,0.24046430494423188,0.24046430494423188,NVDA,4.05337396944782,-0.09679887015444,-0.047680564630161903
C_z_mom6m_plus_0.3_z_avg_accel_4m_top3,C_combined_score,2017-03,2017-03-01,"LEU,NVDA,URI",combined_score_avg_accel_4m,3.896468167696435,-0.01186552918789737,0.1053055224461185,4.0,avg_accel,avg_accel_4m,,0.3,LEU,4.293970564989606,-0.018518540817300533,-0.018518540817300533,NVDA,3.7631644375271978,0.05438246687388104,0.40589562177592864,URI,3.632269500572502,-0.07146051362027261,-0.07146051362027261
C_z_mom6m_plus_0.3_z_avg_accel_4m_top3,C_combined_score,2017-04,2017-04-03,"AMD,CSX,URI",combined_score_avg_accel_4m,4.068798540388272,-0.028274223324063857,0.0067986310789109146,4.0,avg_accel,avg_accel_4m,,0.3,AMD,5.31226236189434,-0.06967216078166893,-0.06967216078166893,CSX,3.523815162034596,0.10557958535910084,0.17583088190361162,URI,3.3703180972358813,-0.12073009454962347,-0.08576282788520995
C_z_mom6m_plus_0.3_z_avg_accel_4m_top3,C_combined_score,2017-05,2017-05-01,"AMD,NRG,SHOP",combined_score_avg_accel_4m,4.2162079553539415,0.005772661101926091,0.27568308244014456,4.0,avg_accel,avg_accel_4m,,0.3,AMD,5.195051433249126,-0.19750364192259917,0.006607940774163712,NRG,3.878554346945008,0.005398888279310787,0.4733017494036986,SHOP,3.5750180858676925,0.20942273694906666,0.3471395571425713
C_z_mom6m_plus_0.3_z_avg_accel_4m_top3,C_combined_score,2017-06,2017-06-01,"PLUG,SHOP,BLDR",combined_score_avg_accel_4m,4.504801532234257,0.040722957745460676,0.20587088063225178,4.0,avg_accel,avg_accel_4m,,0.3,PLUG,5.537539283012833,0.10215050352144872,0.24193544355565155,SHOP,4.404108023105664,-0.07962323331932353,0.18642985931466516,BLDR,3.572757290584274,0.09964160303425684,0.18924733902643864
C_z_mom6m_plus_0.3_z_avg_accel_4m_top3,C_combined_score,2017-07,2017-07-03,"SHOP,PLUG,MELI",combined_score_avg_accel_4m,4.321747168744538,0.1631491278602779,0.2925232945849958,4.0,avg_accel,avg_accel_4m,,0.3,SHOP,5.2057291569645265,0.2102325035701793,0.3837208244979846,PLUG,4.241028007919141,0.12682926659070604,0.34146344583705446,MELI,3.5184843413499447,0.15238561341994838,0.15238561341994838
C_z_mom6m_plus_0.3_z_avg_accel_4m_top3,C_combined_score,2017-08,2017-08-01,"PLUG,SHOP,VRTX",combined_score_avg_accel_4m,4.62331371550044,0.02406737592072165,0.14104611480373683,4.0,avg_accel,avg_accel_4m,,0.3,PLUG,6.496867585053444,-0.051948003693320643,0.22077922211963008,SHOP,4.102196011596189,0.06514224160561843,0.14335123244171322,VRTX,3.2708775498516864,0.05900788984986716,0.05900788984986716
C_z_mom6m_plus_0.3_z_avg_accel_4m_top3,C_combined_score,2017-09,2017-09-01,"PLUG,FSLR,XYZ",combined_score_avg_accel_4m,4.981821338548106,0.12511596126557292,0.34069701997524926,4.0,avg_accel,avg_accel_4m,,0.3,PLUG,5.962220735027416,0.25570772974786626,0.2876711687496176,FSLR,4.801744788553382,-0.013795983388524391,0.2604514850487232,XYZ,4.18149849206352,0.13343613743737692,0.473968406127407
C_z_mom6m_plus_0.3_z_avg_accel_4m_top3,C_combined_score,2017-10,2017-10-02,"SEDG,NVDA,PLUG",combined_score_avg_accel_4m,4.007254838905538,0.10853488580970312,0.16882474972784176,4.0,avg_accel,avg_accel_4m,,0.3,SEDG,4.374033895494493,0.142608642578125,0.32347823433254086,NVDA,3.8322876253538642,0.15754149367178516,0.15754149367178516,PLUG,3.8154429958682545,0.02545452117919922,0.02545452117919922
C_z_mom6m_plus_0.3_z_avg_accel_4m_top3,C_combined_score,2017-11,2017-11-01,"PLUG,ENPH,SEDG",combined_score_avg_accel_4m,4.199077310383736,0.3402867903582241,0.37326497555317245,4.0,avg_accel,avg_accel_4m,,0.3,PLUG,4.875631210110243,-0.10992906032556649,-0.10992906032556649,ENPH,3.9816190812907464,1.0714286748243858,1.0714286748243858,SEDG,3.7399816397502215,0.05936075657585316,0.15829531216069803
C_z_mom6m_plus_0.3_z_avg_accel_4m_top3,C_combined_score,2017-12,2017-12-01,"SEDG,XYZ,NVDA",combined_score_avg_accel_4m,4.230550789473045,0.01606721184785313,0.28382224587090193,4.0,avg_accel,avg_accel_4m,,0.3,SEDG,4.52033187780682,0.09339080664515897,0.43103449220842593,XYZ,4.168189544352442,-0.05363691748516641,0.2038199071697142,NVDA,4.0031309462598745,0.008447746383566823,0.21661233823456572
C_z_mom6m_plus_0.3_z_avg_accel_4m_top3,C_combined_score,2018-01,2018-01-02,"ENPH,CVNA,ALGN",combined_score_avg_accel_4m,6.517532978346002,-0.005921845349115255,0.3687186535317122,4.0,avg_accel,avg_accel_4m,,0.3,ENPH,12.817215698421844,-0.16538455542727826,0.7346155362721787,CVNA,3.735799574980807,0.00983069741472109,0.23375210235774646,ALGN,2.999583661635356,0.1377883219652114,0.1377883219652114
C_z_mom6m_plus_0.3_z_avg_accel_4m_top3,C_combined_score,2018-02,2018-02-01,"ENPH,FSLR,SEDG",combined_score_avg_accel_4m,5.480478537085818,0.28376535537936903,0.5446095171798906,4.0,avg_accel,avg_accel_4m,,0.3,ENPH,10.129907930035396,0.5253455421220792,1.0783410462290313,FSLR,3.306309390737854,-0.08082905481123936,0.027239026717449377,SEDG,3.0052182904842053,0.40677957882726723,0.5282484785931911
C_z_mom6m_plus_0.3_z_avg_accel_4m_top3,C_combined_score,2018-03,2018-03-01,"ENPH,ANET,GWW",combined_score_avg_accel_4m,4.423714771993395,0.13512728339327543,0.3228153269771001,4.0,avg_accel,avg_accel_4m,,0.3,ENPH,7.2596347589562935,0.3625378570534372,0.7462236585281175,ANET,3.3038391799836044,-0.03900679970542087,0.0055724082210981685,GWW,2.7076703770402877,0.08185079283180996,0.21664991418208457
C_z_mom6m_plus_0.3_z_avg_accel_4m_top3,C_combined_score,2018-04,2018-04-02,"ENPH,AXON,SEDG",combined_score_avg_accel_4m,5.460200071940114,-0.025670184382125094,0.4160803957539186,4.0,avg_accel,avg_accel_4m,,0.3,ENPH,8.814939516767941,-0.09977832888355831,0.5831484488096834,AXON,4.146527850140072,0.05141840939296749,0.6540021228191464,SEDG,3.4191328489123256,-0.028650633655784463,0.011090615632926015
C_z_mom6m_plus_0.3_z_avg_accel_4m_top3,C_combined_score,2018-05,2018-05-01,"ENPH,SEDG,AXON",combined_score_avg_accel_4m,5.353062252092653,0.3458912955202958,0.4924357924265019,4.0,avg_accel,avg_accel_4m,,0.3,ENPH,7.464727769058581,0.42364539193842177,0.7586206815553396,SEDG,4.342976437000245,0.04091344542518338,0.07040914969852285,AXON,4.251482550219134,0.5731150491972823,0.6482775460256431
C_z_mom6m_plus_0.3_z_avg_accel_4m_top3,C_combined_score,2018-06,2018-06-01,"ENPH,AXON,CVNA",combined_score_avg_accel_4m,6.04956592883241,0.24533096440527516,0.565306087871005,4.0,avg_accel,avg_accel_4m,,0.3,ENPH,9.002501437361277,0.2352940497077145,0.2352940497077145,AXON,4.641156711432633,-0.013323165481209154,0.07013773334788342,CVNA,4.505039637703319,0.5140220089893202,1.390486480557417
C_z_mom6m_plus_0.3_z_avg_accel_4m_top3,C_combined_score,2018-07,2018-07-02,"AXON,TKO,ENPH",combined_score_avg_accel_4m,5.542731991069949,-0.03914949987677052,0.04307406283545919,4.0,avg_accel,avg_accel_4m,,0.3,AXON,7.231824897400996,0.06192763999488937,0.08458787711358084,TKO,4.7440783611605175,0.03771065909775695,0.2617211101157546,ENPH,4.652292714648332,-0.21708679872295789,-0.21708679872295789
C_z_mom6m_plus_0.3_z_avg_accel_4m_top3,C_combined_score,2018-08,2018-08-01,"ENPH,TKO,CVNA",combined_score_avg_accel_4m,6.2556029301481475,0.18600466238924795,0.21424016866005355,4.0,avg_accel,avg_accel_4m,,0.3,ENPH,6.8043920655829515,-0.12522366135861906,-0.11270126963221272,TKO,5.9914506650109045,0.14368572936584934,0.21586985645185974,CVNA,5.970966059850589,0.5395519191605136,0.5395519191605136
C_z_mom6m_plus_0.3_z_avg_accel_4m_top3,C_combined_score,2018-09,2018-09-04,"AXON,TKO,CVNA",combined_score_avg_accel_4m,6.043555501474507,-0.04231915057153849,-0.04231915057153849,4.0,avg_accel,avg_accel_4m,,0.3,AXON,6.347140995993736,-0.04350316306543145,-0.04350316306543145,TKO,6.014299423267624,0.06311535173743499,0.06311535173743499,CVNA,5.769226085162159,-0.14656964038661902,-0.14656964038661902
C_z_mom6m_plus_0.3_z_avg_accel_4m_top3,C_combined_score,2018-10,2018-10-01,"CVNA,AMD,DXCM",combined_score_avg_accel_4m,6.629592131193244,-0.18910426803390223,-0.15063374997366288,4.0,avg_accel,avg_accel_4m,,0.3,CVNA,7.984113920895957,-0.22759701378977826,-0.22759701378977826,AMD,6.213589492939402,-0.35646087637630963,-0.24538513599935996,DXCM,5.691072979744374,0.016745086064381187,0.02108089986814954
C_z_mom6m_plus_0.3_z_avg_accel_4m_top3,C_combined_score,2018-11,2018-11-01,"AMD,CVNA,TKO",combined_score_avg_accel_4m,5.8851364225530745,0.05464047864510457,0.10859473969724098,4.0,avg_accel,avg_accel_4m,,0.3,AMD,7.549802984664386,0.1726013793093042,0.21216622459002643,CVNA,5.417854314106859,-0.03446730126074493,-0.03446730126074493,TKO,4.6877519688879765,0.02578735788675446,0.14808529576244145
C_z_mom6m_plus_0.3_z_avg_accel_4m_top3,C_combined_score,2018-12,2018-12-03,"MDB,DXCM,AMD",combined_score_avg_accel_4m,4.744278213614276,-0.1405857383437571,0.10331915270361058,4.0,avg_accel,avg_accel_4m,,0.3,MDB,5.4811066048009245,-0.059190470816579466,0.22570015942004384,DXCM,4.483612456948003,-0.15674644268787952,0.05051621158407893,AMD,4.268115579093901,-0.2058203015268123,0.03374108710670898
C_z_mom6m_plus_0.3_z_avg_accel_4m_top3,C_combined_score,2019-01,2019-01-02,"MDB,AMD,UUUU",combined_score_avg_accel_4m,3.0520487903487576,0.17156755146411373,0.49834326079284263,4.0,avg_accel,avg_accel_4m,,0.3,MDB,3.2652538352944913,0.1590994584895078,0.8505316147043964,AMD,3.0045876565324603,0.3016463265103333,0.3998938245966537,UUUU,2.8863048792193204,0.053956869392500106,0.2446043430774778
C_z_mom6m_plus_0.3_z_avg_accel_4m_top3,C_combined_score,2019-02,2019-02-01,"MDB,SBUX,LLY",combined_score_avg_accel_4m,3.005566452265318,0.08039491212985987,0.2713030877380156,4.0,avg_accel,avg_accel_4m,,0.3,MDB,3.3810697446810067,0.1239884074694464,0.596525303459235,SBUX,3.041706943921791,0.04565789297442824,0.1440986789810188,LLY,2.593922668193155,0.07153843594570497,0.07328528077379293
C_z_mom6m_plus_0.3_z_avg_accel_4m_top3,C_combined_score,2019-03,2019-03-01,"ENPH,MDB,CIEN",combined_score_avg_accel_4m,3.4504980219557155,0.1070984746861866,0.34803945082308063,4.0,avg_accel,avg_accel_4m,,0.3,ENPH,3.639674545412815,0.017582400077467586,0.7263735581964528,MDB,3.4809666993153696,0.42041082705973865,0.42041082705973865,CIEN,3.230852821138962,-0.11669780307864641,-0.10266603278694963
C_z_mom6m_plus_0.3_z_avg_accel_4m_top3,C_combined_score,2019-04,2019-04-01,"ENPH,LEU,ERIE",combined_score_avg_accel_4m,4.460936539394144,0.19580162342751617,0.5153028854260716,4.0,avg_accel,avg_accel_4m,,0.3,ENPH,6.445685585066676,0.4017277776896653,0.9762417694097951,LEU,3.6554368004295075,0.1357616186821642,0.1357616186821642,ERIE,3.2816872326862483,0.049915473910719044,0.43390526818625563
C_z_mom6m_plus_0.3_z_avg_accel_4m_top3,C_combined_score,2019-05,2019-05-01,"ENPH,MDB,ZS",combined_score_avg_accel_4m,4.970765502835751,0.06615170509351538,0.570866896577622,4.0,avg_accel,avg_accel_4m,,0.3,ENPH,5.21876159646269,0.21032362035355612,1.3189523453776477,MDB,4.969118859861339,-0.022900745924366084,0.10514895648241618,ZS,4.724416052183223,0.011032240851356123,0.28849938787280216
C_z_mom6m_plus_0.3_z_avg_accel_4m_top3,C_combined_score,2019-06,2019-06-03,"ENPH,CVNA,LEU",combined_score_avg_accel_4m,5.506628544294114,0.09272240617476701,0.4231691933995417,4.0,avg_accel,avg_accel_4m,,0.3,ENPH,7.301361233872424,0.16486309310149871,0.9159771042890517,CVNA,4.696280385616979,0.12500002044055125,0.36522637092732246,LEU,4.522244013392938,-0.011695895017748925,-0.011695895017748925
C_z_mom6m_plus_0.3_z_avg_accel_4m_top3,C_combined_score,2019-07,2019-07-01,"ENPH,PLUG,CVNA",combined_score_avg_accel_4m,4.894108611374917,0.18731797274207396,0.3262930225772516,4.0,avg_accel,avg_accel_4m,,0.3,ENPH,7.014835430920475,0.6448088325879386,0.6448088325879386,PLUG,4.208141733961638,-0.04017853294024054,0.12053570525758728,CVNA,3.459348669242636,-0.04267638142147623,0.213534529886229
C_z_mom6m_plus_0.3_z_avg_accel_4m_top3,C_combined_score,2019-08,2019-08-01,"ENPH,SHOP,CVNA",combined_score_avg_accel_4m,5.093873866308602,0.10414929854608461,0.12065409414660089,4.0,avg_accel,avg_accel_4m,,0.3,ENPH,7.769849379198486,-0.07973420558518562,-0.07973420558518562,SHOP,3.9605843551378874,0.12454960335595922,0.12454960335595922,CVNA,3.5511878645894326,0.2676324978674802,0.31714688466902907
C_z_mom6m_plus_0.3_z_avg_accel_4m_top3,C_combined_score,2019-09,2019-09-03,"ENPH,SHOP,SEDG",combined_score_avg_accel_4m,5.361237907070742,-0.10934247993103752,-0.08953966710993393,4.0,avg_accel,avg_accel_4m,,0.3,ENPH,9.662786569790084,-0.21624554200305202,-0.2032491304349623,SHOP,3.477496254655259,-0.18413165977243573,-0.1382355074587861,SEDG,2.943430896766884,0.0723497619823752,0.07286563656394662
C_z_mom6m_plus_0.3_z_avg_accel_4m_top3,C_combined_score,2019-10,2019-10-01,"ENPH,PODD,SEDG",combined_score_avg_accel_4m,4.867993161104978,-0.07752938915008474,0.2309935423780928,4.0,avg_accel,avg_accel_4m,,0.3,ENPH,6.69317397053876,-0.1326577283380186,0.3514510082855018,PODD,3.994765457913552,-0.1004115084422813,0.11711596051700535,SEDG,3.9160400548626217,0.0004810693300456581,0.2244136583317713
C_z_mom6m_plus_0.3_z_avg_accel_4m_top3,C_combined_score,2019-11,2019-11-01,"ENPH,SEDG,PODD",combined_score_avg_accel_4m,4.744454524692258,0.13206772785052648,0.43408210951501863,4.0,avg_accel,avg_accel_4m,,0.3,ENPH,5.734508369328048,0.17206584090524424,0.7482739406440804,SEDG,4.705325671215252,-0.0176704072311874,0.22382491370044444,PODD,3.793529533533472,0.24180774987752263,0.33014747420053103
C_z_mom6m_plus_0.3_z_avg_accel_4m_top3,C_combined_score,2019-12,2019-12-02,"LEU,PODD,BLDR",combined_score_avg_accel_4m,4.009499117387442,0.04777230468694238,0.20502942230889473,4.0,avg_accel,avg_accel_4m,,0.3,LEU,5.0243190670758455,0.19926197573866644,0.5332103879413339,PODD,3.5785364098508605,-0.06668493694907107,0.07113800371411849,BLDR,3.4256418752356206,0.010739875271231769,0.010739875271231769
C_z_mom6m_plus_0.3_z_avg_accel_4m_top3,C_combined_score,2020-01,2020-01-02,"LEU,TSLA,DXCM",combined_score_avg_accel_4m,3.9574728324791217,0.29427184932276884,0.4645874047908711,4.0,avg_accel,avg_accel_4m,,0.3,LEU,4.0542680632169095,-0.010769257178673386,0.27846160301795364,TSLA,3.999594277455155,0.8128573411078648,0.8128573411078648,DXCM,3.8185561567652995,0.08072746403911513,0.30244327024679474
C_z_mom6m_plus_0.3_z_avg_accel_4m_top3,C_combined_score,2020-02,2020-02-03,"LEU,TSLA,ENPH",combined_score_avg_accel_4m,4.6895292707891585,0.2690331986799947,0.2690331986799947,4.0,avg_accel,avg_accel_4m,,0.3,LEU,6.003753364528847,0.2923795709904131,0.2923795709904131,TSLA,4.616077828788695,-0.04664098299466646,-0.04664098299466646,ENPH,3.4487566190499352,0.5613610080442375,0.5613610080442375
C_z_mom6m_plus_0.3_z_avg_accel_4m_top3,C_combined_score,2020-03,2020-03-02,"TSLA,PCG,LEU",combined_score_avg_accel_4m,6.370383203610294,-0.3922725488862407,0.033311501040491555,4.0,avg_accel,avg_accel_4m,,0.3,TSLA,9.996881489635154,-0.35241120487373445,0.20774045142001563,PCG,4.565895123164704,-0.44053154732321864,-0.2112956731181832,LEU,4.548372998031024,-0.38387489446176903,0.10348972481964225
C_z_mom6m_plus_0.3_z_avg_accel_4m_top3,C_combined_score,2020-04,2020-04-01,"TSLA,ENPH,PCG",combined_score_avg_accel_4m,6.933394708051222,0.3711434949932781,0.9131491886966613,4.0,avg_accel,avg_accel_4m,,0.3,TSLA,8.784923052620965,0.45635015080435526,1.325006169890199,ENPH,6.33340993736728,0.4528048147450028,1.0047027002853781,PCG,5.681851134165424,0.20427551943047617,0.4097386959144069
C_z_mom6m_plus_0.3_z_avg_accel_4m_top3,C_combined_score,2020-05,2020-05-01,"TSLA,ENPH,DXCM",combined_score_avg_accel_4m,4.2930654025839585,0.256445308851233,0.6105999774570184,4.0,avg_accel,avg_accel_4m,,0.3,TSLA,5.264278485036205,0.28058520999750747,1.1174357512021218,ENPH,4.132257597873993,0.3798844001196713,0.4152600944386742,DXCM,3.482660124841675,0.10886631643652023,0.29910408673025923
C_z_mom6m_plus_0.3_z_avg_accel_4m_top3,C_combined_score,2020-06,2020-06-01,"ENPH,EQT,TSLA",combined_score_avg_accel_4m,5.445375754250041,-0.0141316290898299,0.7275772561525296,4.0,avg_accel,avg_accel_4m,,0.3,ENPH,5.947677462885771,-0.17794904285487645,0.3188672701405213,EQT,5.597252558834864,-0.11111100533560725,0.21911435281297642,TSLA,4.791197241029489,0.246665160920994,1.6447501455040907
C_z_mom6m_plus_0.3_z_avg_accel_4m_top3,C_combined_score,2020-07,2020-07-01,"EQT,ENPH,ZS",combined_score_avg_accel_4m,5.1399906986289965,0.2693703396023824,0.5417045208929111,4.0,avg_accel,avg_accel_4m,,0.3,EQT,5.599167602994225,0.3715034837091924,0.3715034837091924,ENPH,5.218536940592667,0.24765587792658073,0.8245006039677982,ZS,4.602267552300097,0.18895165717137408,0.4291094750017428
C_z_mom6m_plus_0.3_z_avg_accel_4m_top3,C_combined_score,2020-08,2020-08-03,"PLUG,DDOG,SHOP",combined_score_avg_accel_4m,5.369593430457381,0.16214474964422523,0.2727172059091947,4.0,avg_accel,avg_accel_4m,,0.3,PLUG,6.340985196835547,0.5425764574038652,0.6888646861057979,DDOG,4.965320524096628,-0.10348073288761162,0.081948407205364,SHOP,4.802474570439966,0.04733852441642217,0.04733852441642217
C_z_mom6m_plus_0.3_z_avg_accel_4m_top3,C_combined_score,2020-09,2020-09-01,"LEU,PLUG,EQT",combined_score_avg_accel_4m,4.875428566972935,-0.1105727624842076,0.3526764662805375,4.0,avg_accel,avg_accel_4m,,0.3,LEU,5.18988399102529,-0.135338391691059,0.33458640517587,PLUG,4.991337923756382,-0.00920029111026388,0.7317762997288337,EQT,4.445063786137132,-0.1871796046512999,-0.00833330606309124
C_z_mom6m_plus_0.3_z_avg_accel_4m_top3,C_combined_score,2020-10,2020-10-01,"PLUG,TSLA,CVNA",combined_score_avg_accel_4m,6.02843544302651,-0.0747657485163659,0.6603170836406892,4.0,avg_accel,avg_accel_4m,,0.3,PLUG,6.955594825784592,0.10500001907348633,1.2978570120675221,TSLA,5.938396896543951,-0.106323718451248,0.6283692731663943,CVNA,5.191314606750987,-0.22297354617133602,0.05472496568815122
C_z_mom6m_plus_0.3_z_avg_accel_4m_top3,C_combined_score,2020-11,2020-11-02,"PLUG,TSLA,CVNA",combined_score_avg_accel_4m,5.624355955731744,0.4663985952598257,1.550813973605461,4.0,avg_accel,avg_accel_4m,,0.3,PLUG,5.871883821333599,0.5817710983177786,3.1273430751132247,TSLA,5.599185479043916,0.46003851290975684,1.0968516930661902,CVNA,5.401998566817717,0.35738617455194155,0.4282471526369682
C_z_mom6m_plus_0.3_z_avg_accel_4m_top3,C_combined_score,2020-12,2020-12-01,"PLUG,TSLA,ENPH",combined_score_avg_accel_4m,4.3803362911649,0.29980040701272176,0.8308369292938669,4.0,avg_accel,avg_accel_4m,,0.3,PLUG,5.839599300752589,0.3146709878078564,1.6093175425336028,TSLA,3.8732654521521654,0.24798209714725927,0.4361619056796717,ENPH,3.428144120589947,0.33674813608304954,0.44703133966832587
C_z_mom6m_plus_0.3_z_avg_accel_4m_top3,C_combined_score,2021-01,2021-01-04,"PLUG,MSTR,TSLA",combined_score_avg_accel_4m,5.976054672226707,0.5426218883837878,0.6585462117696202,4.0,avg_accel,avg_accel_4m,,0.3,PLUG,7.891392123187667,0.9847684833180206,0.9847684833180206,MSTR,5.694487596636747,0.4923099157639259,0.8400828859214236,TSLA,4.342284296855707,0.15078726606941673,0.15078726606941673
C_z_mom6m_plus_0.3_z_avg_accel_4m_top3,C_combined_score,2021-02,2021-02-01,"MSTR,UUUU,ENPH",combined_score_avg_accel_4m,5.881179734124536,0.14969680367645144,0.22229632221609244,4.0,avg_accel,avg_accel_4m,,0.3,MSTR,6.938331772806025,0.23304339566722643,0.23304339566722643,UUUU,5.5947519053721075,0.21545669330291695,0.43325524892184,ENPH,5.110455524195473,0.0005903220592109459,0.0005903220592109459
C_z_mom6m_plus_0.3_z_avg_accel_4m_top3,C_combined_score,2021-03,2021-03-01,"PLUG,MSTR,UUUU",combined_score_avg_accel_4m,7.939794469307451,-0.09215530867034465,-0.015084030826094478,4.0,avg_accel,avg_accel_4m,,0.3,PLUG,10.079134004383766,-0.32786887272421594,-0.32786887272421594,MSTR,8.574743304890971,-0.10081284387317058,-0.10081284387317058,UUUU,5.165506098647617,0.1522157905863526,0.3834296241191031
C_z_mom6m_plus_0.3_z_avg_accel_4m_top3,C_combined_score,2021-04,2021-04-01,"MSTR,UUUU,PLUG",combined_score_avg_accel_4m,6.333805487098355,-0.10596932274621433,0.023486886642625326,4.0,avg_accel,avg_accel_4m,,0.3,MSTR,7.237053633849723,-0.09656606773890541,-0.07490482776389873,UUUU,5.886515955218568,0.023411348835963075,0.2006688637855656,PLUG,5.877846872226772,-0.24475324933570064,-0.05530337609379088
C_z_mom6m_plus_0.3_z_avg_accel_4m_top3,C_combined_score,2021-05,2021-05-03,"TPL,UUUU,MSTR",combined_score_avg_accel_4m,5.1881420965514975,-0.04777919594211807,0.06782021029973502,4.0,avg_accel,avg_accel_4m,,0.3,TPL,5.235545116632563,-0.0681842722739282,0.006281460315332721,UUUU,5.194711865047638,0.17320260826813838,0.17320260826813838,MSTR,5.13416930797429,-0.24835592382056437,0.023976562315733974
C_z_mom6m_plus_0.3_z_avg_accel_4m_top3,C_combined_score,2021-06,2021-06-01,"UUUU,TPL,MSTR",combined_score_avg_accel_4m,4.456486082845977,0.09912786966109659,0.13515712674477376,4.0,avg_accel,avg_accel_4m,,0.3,UUUU,4.8249400871102575,-0.14484679480746898,-0.14484679480746898,TPL,4.552294506147081,0.07991465519795526,0.07991465519795526,MSTR,3.9922236552805943,0.36231574859280347,0.470403519843835
C_z_mom6m_plus_0.3_z_avg_accel_4m_top3,C_combined_score,2021-07,2021-07-01,"UUUU,TPL,NUE",combined_score_avg_accel_4m,4.7377658968585665,-0.06327813909183717,0.07628912721062601,4.0,avg_accel,avg_accel_4m,,0.3,UUUU,6.2340063630518525,-0.16123775124523232,0.11074923777889256,TPL,4.1342434193828534,-0.08477915176806738,-0.08477915176806738,NUE,3.8450479081409923,0.05618248573778817,0.20289729562105285
C_z_mom6m_plus_0.3_z_avg_accel_4m_top3,C_combined_score,2021-08,2021-08-02,"NUE,TPL,FANG",combined_score_avg_accel_4m,3.2622299987944268,0.008971139341052758,0.1725626894069968,4.0,avg_accel,avg_accel_4m,,0.3,NUE,3.4772032174581624,0.13891047415047608,0.13891047415047608,TPL,3.3508806333362178,-0.08384895949815152,-0.08384895949815152,FANG,2.9586061455889014,-0.028148096629166286,0.4626265535686658
C_z_mom6m_plus_0.3_z_avg_accel_4m_top3,C_combined_score,2021-09,2021-09-01,"NUE,FTNT,IT",combined_score_avg_accel_4m,3.535573375921446,-0.06691681086157357,0.018525808201059868,4.0,avg_accel,avg_accel_4m,,0.3,NUE,4.121201557701974,-0.15675410124363143,-0.05684240572634447,FTNT,3.590364520766702,-0.03394174087809165,0.050701824159114395,IT,2.8951540492956616,-0.010054590462997615,0.06171800617040968
C_z_mom6m_plus_0.3_z_avg_accel_4m_top3,C_combined_score,2021-10,2021-10-01,"BX,NUE,FTNT",combined_score_avg_accel_4m,3.1816207396622107,0.13466015845357462,0.15969705566661788,4.0,avg_accel,avg_accel_4m,,0.3,BX,3.331764124673596,0.19787837100269412,0.1985749972336983,NUE,3.131067672821234,0.11848465040225897,0.1626637829368971,FTNT,3.0820304214918015,0.08761745395577081,0.11785238682925825
C_z_mom6m_plus_0.3_z_avg_accel_4m_top3,C_combined_score,2021-11,2021-11-01,"LEU,MDB,RKLB",combined_score_avg_accel_4m,4.51180016498808,-0.04310268935847972,-0.02258504257634882,4.0,avg_accel,avg_accel_4m,,0.3,LEU,5.128001947227688,-0.11147811866310575,-0.11147811866310575,MDB,4.2295418323615355,-0.08304729419314671,-0.021494353846754022,RKLB,4.177856715375016,0.06521734478081331,0.06521734478081331
C_z_mom6m_plus_0.3_z_avg_accel_4m_top3,C_combined_score,2021-12,2021-12-01,"LEU,TSLA,DDOG",combined_score_avg_accel_4m,5.2899158273288736,0.023724915234210348,0.023724915234210348,4.0,avg_accel,avg_accel_4m,,0.3,LEU,7.384559699996525,-0.020260226171844198,-0.020260226171844198,TSLA,4.392340217409396,0.09568949660209758,0.09568949660209758,DDOG,4.092847564580702,-0.004254524727622333,-0.004254524727622333
C_z_mom6m_plus_0.3_z_avg_accel_4m_top3,C_combined_score,2022-01,2022-01-03,"LEU,TSLA,NVDA",combined_score_avg_accel_4m,4.824560431177562,-0.19504380189917395,-0.12943927121751106,4.0,avg_accel,avg_accel_4m,,0.3,LEU,6.601656725260738,-0.17928288611416876,-0.17928288611416876,TSLA,4.1364251358405575,-0.2238160575856306,-0.09600927049842889,NVDA,3.7355994324313886,-0.1820324619977225,-0.1130256570399355
C_z_mom6m_plus_0.3_z_avg_accel_4m_top3,C_combined_score,2022-02,2022-02-01,"LEU,TSLA,BLDR",combined_score_avg_accel_4m,4.714199917450586,-0.01160670723037116,0.06721925749625568,4.0,avg_accel,avg_accel_4m,,0.3,LEU,5.262490857935688,-0.005085469591808889,-0.005085469591808889,TSLA,4.500627310128225,-0.07181745726121591,0.1646604369186646,BLDR,4.379481584287847,0.04208280516191132,0.04208280516191132
C_z_mom6m_plus_0.3_z_avg_accel_4m_top3,C_combined_score,2022-03,2022-03-01,"DVN,FANG,EOG",combined_score_avg_accel_4m,3.7733611866899217,0.03150041696804714,0.22718200712025918,4.0,avg_accel,avg_accel_4m,,0.3,DVN,4.545823226574799,0.03566388311783042,0.3124703300692069,FANG,3.422093298186222,0.01622762729187399,0.14929604065899893,EOG,3.3521670353087436,0.042609740494437,0.21977965063257177
C_z_mom6m_plus_0.3_z_avg_accel_4m_top3,C_combined_score,2022-04,2022-04-01,"DVN,OXY,CF",combined_score_avg_accel_4m,3.859027991508885,-0.02114697967686426,0.14851446444154123,4.0,avg_accel,avg_accel_4m,,0.3,DVN,4.061473809694668,-0.03313998125967499,0.2672744038520105,OXY,3.86984027200381,0.0032695995057594462,0.2118395467492904,CF,3.645769892828177,-0.03357055727667724,-0.03357055727667724
C_z_mom6m_plus_0.3_z_avg_accel_4m_top3,C_combined_score,2022-05,2022-05-02,"OXY,EQT,MOS",combined_score_avg_accel_4m,3.7923530106771004,0.13912734305371052,0.13912734305371052,4.0,avg_accel,avg_accel_4m,,0.3,OXY,3.962072432366144,0.20789022945206215,0.20789022945206215,EQT,3.88615732579271,0.2666893858823096,0.2666893858823096,MOS,3.528829273872447,-0.05719758617324022,-0.05719758617324022
C_z_mom6m_plus_0.3_z_avg_accel_4m_top3,C_combined_score,2022-06,2022-06-01,"EQT,OXY,MOS",combined_score_avg_accel_4m,3.812383822783321,-0.2174981076754684,-0.06364546185528908,4.0,avg_accel,avg_accel_4m,,0.3,EQT,4.6959682608629745,-0.3118472504767288,-0.06676933087658621,OXY,3.680967340016359,-0.1401015861667264,-0.026852132967281173,MOS,3.0602158674706303,-0.20054548638295,-0.09731492172199985
C_z_mom6m_plus_0.3_z_avg_accel_4m_top3,C_combined_score,2022-07,2022-07-01,"EQT,OXY,VLO",combined_score_avg_accel_4m,4.382191134585109,0.11286203336468088,0.17901327357624694,4.0,avg_accel,avg_accel_4m,,0.3,EQT,5.550531761992277,0.23460724174779646,0.3561388365736011,OXY,4.050743973671996,0.07925206623820924,0.13170096766965678,VLO,3.545297668091054,0.024726792108036966,0.04920001648548289
C_z_mom6m_plus_0.3_z_avg_accel_4m_top3,C_combined_score,2022-08,2022-08-01,"OXY,EQT,VLO",combined_score_avg_accel_4m,2.7392009648032194,0.051897610505422964,0.13908491313980886,4.0,avg_accel,avg_accel_4m,,0.3,OXY,3.0103321330813997,0.04859745287702899,0.13366238296690702,EQT,2.8749960459024284,0.09843745501910073,0.09843745501910073,VLO,2.33227471542583,0.008657923620139174,0.18515490143341884
C_z_mom6m_plus_0.3_z_avg_accel_4m_top3,C_combined_score,2022-09,2022-09-01,"ENPH,EQT,TPL",combined_score_avg_accel_4m,4.04175016054612,-0.01243993893734959,0.14909910871727208,4.0,avg_accel,avg_accel_4m,,0.3,ENPH,4.846370063237453,0.016852338915988252,0.11402829886743038,EQT,4.046262812084323,-0.09846686202750843,-0.09846686202750843,TPL,3.232617606316583,0.04429470629947141,0.4317358893118943
C_z_mom6m_plus_0.3_z_avg_accel_4m_top3,C_combined_score,2022-10,2022-10-03,"FSLR,ENPH,SMCI",combined_score_avg_accel_4m,3.959336693312572,0.13050958351235686,0.3050510966559539,4.0,avg_accel,avg_accel_4m,,0.3,FSLR,4.567568025086699,0.08746898429311889,0.23364075032769205,ENPH,3.7001773190592435,0.04490431699013886,0.09556545845686526,SMCI,3.6102647357917745,0.25915544925381284,0.5859470811833045
C_z_mom6m_plus_0.3_z_avg_accel_4m_top3,C_combined_score,2022-11,2022-11-01,"FSLR,LEU,SMCI",combined_score_avg_accel_4m,4.201519991815463,0.06356731702904224,0.12434380456623972,4.0,avg_accel,avg_accel_4m,,0.3,FSLR,4.955804337482172,0.13441465287360677,0.21255963529267263,LEU,3.915721642730555,-0.20324509877777397,-0.0990606185852474,SMCI,3.7330339952336624,0.25953239699129393,0.25953239699129393
C_z_mom6m_plus_0.3_z_avg_accel_4m_top3,C_combined_score,2022-12,2022-12-01,"FSLR,LEU,SMCI",combined_score_avg_accel_4m,4.002072795945687,-0.10393297684121532,0.1556566181720848,4.0,avg_accel,avg_accel_4m,,0.3,FSLR,4.781096759003907,-0.13409274798271897,0.16103002533987554,LEU,3.692574934096685,-0.104233639374545,0.17899250696141378,SMCI,3.5325466947364705,-0.07347254316638197,0.12694732221496507
C_z_mom6m_plus_0.3_z_avg_accel_4m_top3,C_combined_score,2023-01,2023-01-03,"FSLR,AXON,DXCM",combined_score_avg_accel_4m,4.111738477361631,0.1174774669255259,0.26154233556223105,4.0,avg_accel,avg_accel_4m,,0.3,FSLR,4.634271138007859,0.23441133947365245,0.42860080858824956,AXON,4.178401510786728,0.17920823176452783,0.3515810268972428,DXCM,3.5225427832903056,-0.0611871704616026,0.004445171201200804
C_z_mom6m_plus_0.3_z_avg_accel_4m_top3,C_combined_score,2023-02,2023-02-01,"SMCI,AXON,FSLR",combined_score_avg_accel_4m,3.5706229223958856,0.1598776800284997,0.23902812237641916,4.0,avg_accel,avg_accel_4m,,0.3,SMCI,4.237199787056356,0.27915724085060467,0.4135942243741886,AXON,3.2633718338176196,0.11426986359539337,0.14617672306678364,FSLR,3.2112971463136812,0.08620593563950107,0.15731341968828527
C_z_mom6m_plus_0.3_z_avg_accel_4m_top3,C_combined_score,2023-03,2023-03-01,"RCL,CVNA,AXON",combined_score_avg_accel_4m,3.7859294098226144,-0.01003836350270674,0.32199303542738617,4.0,avg_accel,avg_accel_4m,,0.3,RCL,4.450455451054957,-0.10139862249942477,0.1640557956749542,CVNA,3.5092175054503842,0.042648763598271744,0.7732885422141715,AXON,3.398115272962502,0.028634768393032806,0.028634768393032806
C_z_mom6m_plus_0.3_z_avg_accel_4m_top3,C_combined_score,2023-04,2023-04-03,"NVDA,AXON,RCL",combined_score_avg_accel_4m,3.6560034033849824,0.008730749953348623,0.35764589108878964,4.0,avg_accel,avg_accel_4m,,0.3,NVDA,3.977671699268427,0.03379233011518212,0.5168024643491358,AXON,3.611792781065907,-0.05009015093109215,-0.05009015093109215,RCL,3.3785457298206127,0.04249007067595589,0.6062253598483254
C_z_mom6m_plus_0.3_z_avg_accel_4m_top3,C_combined_score,2023-05,2023-05-01,"NVDA,CVNA,MSTR",combined_score_avg_accel_4m,4.461038284011344,0.5437002191453423,2.3700451086419356,4.0,avg_accel,avg_accel_4m,,0.3,NVDA,4.98514061242678,0.3756485795575497,0.608848580721099,CVNA,4.724507839872986,1.2799422806869516,6.086579571639579,MSTR,3.6734663997342647,-0.02449020280847425,0.4147071735651293
C_z_mom6m_plus_0.3_z_avg_accel_4m_top3,C_combined_score,2023-06,2023-06-01,"META,NVDA,CVNA",combined_score_avg_accel_4m,4.720312280064572,0.24955655715997294,0.8739992871356543,4.0,avg_accel,avg_accel_4m,,0.3,META,6.027610956270614,0.049191191267607515,0.18377917322878212,NVDA,4.852493685088473,0.06656718044705556,0.21986432107046805,CVNA,3.2808321988346316,0.6329112997652557,2.218354367107713
C_z_mom6m_plus_0.3_z_avg_accel_4m_top3,C_combined_score,2023-07,2023-07-03,"CVNA,SMCI,PLTR",combined_score_avg_accel_4m,7.305470082416829,0.5153594692806505,0.5378401241074623,4.0,avg_accel,avg_accel_4m,,0.3,CVNA,9.296018067060826,0.9034883411463168,0.9709303056267522,SMCI,7.438925906681283,0.35457465551576983,0.35457465551576983,PLTR,5.181466273508377,0.28801541117986473,0.28801541117986473
C_z_mom6m_plus_0.3_z_avg_accel_4m_top3,C_combined_score,2023-08,2023-08-01,"CVNA,SMCI,PLTR",combined_score_avg_accel_4m,7.534555593694068,-0.12310285372093033,-0.10481424544427491,4.0,avg_accel,avg_accel_4m,,0.3,CVNA,11.31885456158231,0.03543072107277556,0.03543072107277556,SMCI,6.46273890791778,-0.16411899604166968,-0.14427067082551082,PLTR,4.822073311582118,-0.24062028619389686,-0.20560278658008946
C_z_mom6m_plus_0.3_z_avg_accel_4m_top3,C_combined_score,2023-09,2023-09-01,"CVNA,SMCI,PLTR",combined_score_avg_accel_4m,8.891404659690433,-0.05275441773036219,0.043644358182396724,4.0,avg_accel,avg_accel_4m,,0.3,CVNA,10.944985386720132,-0.2281219424048233,-0.2281219424048233,SMCI,9.778830024277248,0.023745395722796214,0.023745395722796214,PLTR,5.950398568073919,0.04611329349094051,0.33530962122921726
C_z_mom6m_plus_0.3_z_avg_accel_4m_top3,C_combined_score,2023-10,2023-10-02,"CVNA,SMCI,APP",combined_score_avg_accel_4m,8.023039563841891,-0.1884785526600331,0.06110501328310743,4.0,avg_accel,avg_accel_4m,,0.3,CVNA,13.143478254926151,-0.33783439269138016,0.2450955779093309,SMCI,5.476233678160676,-0.12667037448307417,-0.011805013053182156,APP,5.449406758438848,-0.10093089080564499,-0.04997552500682645
C_z_mom6m_plus_0.3_z_avg_accel_4m_top3,C_combined_score,2023-11,2023-11-01,"CVNA,SMCI,APP",combined_score_avg_accel_4m,6.180627055169491,0.1551388474467789,0.7698042901238124,4.0,avg_accel,avg_accel_4m,,0.3,CVNA,9.56083316472639,0.3543670688439846,0.8803386406159583,SMCI,4.556477308336653,0.06881516273781463,1.3129979836253955,APP,4.4245706924454264,0.04223431075853745,0.11607624613008327
C_z_mom6m_plus_0.3_z_avg_accel_4m_top3,C_combined_score,2023-12,2023-12-01,"CVNA,SMCI,APP",combined_score_avg_accel_4m,4.62976560506904,0.15362716874953866,1.4475873460330027,4.0,avg_accel,avg_accel_4m,,0.3,CVNA,6.578904135225306,0.388352304092062,1.3568180602074649,SMCI,3.783725631790664,0.058673024920034234,2.3582316034723747,APP,3.52666704819115,0.013856177236519773,0.6277123744191686
C_z_mom6m_plus_0.3_z_avg_accel_4m_top3,C_combined_score,2024-01,2024-01-02,"COIN,MSTR,CVNA",combined_score_avg_accel_4m,3.6365917593431196,-0.19097327609617643,0.9239462826107182,4.0,avg_accel,avg_accel_4m,,0.3,COIN,4.691323179594237,-0.17803421127780872,0.607024431180218,MSTR,3.2053924584829776,-0.2651536156860753,1.3888783102931517,CVNA,3.0130596399521443,-0.12973200132464524,0.7759361063587848
C_z_mom6m_plus_0.3_z_avg_accel_4m_top3,C_combined_score,2024-02,2024-02-01,"COIN,MSTR,CVNA",combined_score_avg_accel_4m,4.902412266551226,0.8967389168838981,1.417894653957438,4.0,avg_accel,avg_accel_4m,,0.3,COIN,5.784344691350206,0.595734851820529,0.9550989265361769,MSTR,4.675952787833942,1.1438588207412002,2.2508540033485804,CVNA,4.246939320469531,0.9506230780899649,1.0477310319875568
C_z_mom6m_plus_0.3_z_avg_accel_4m_top3,C_combined_score,2024-03,2024-03-01,"SMCI,CRWD,COIN",combined_score_avg_accel_4m,4.251096844298872,0.12882628141165045,0.12882628141165045,4.0,avg_accel,avg_accel_4m,,0.3,SMCI,5.778677802278688,0.1454145903034021,0.1454145903034021,CRWD,3.58993455388833,0.015861379966830347,0.015861379966830347,COIN,3.3846781767295977,0.22520287396471894,0.22520287396471894
C_z_mom6m_plus_0.3_z_avg_accel_4m_top3,C_combined_score,2024-04,2024-04-01,"SMCI,MSTR,COIN",combined_score_avg_accel_4m,7.3669475008955425,-0.27552529554189714,-0.09893656541455238,4.0,avg_accel,avg_accel_4m,,0.3,SMCI,8.634354795434684,-0.2881453556578677,-0.2167766945326116,MSTR,7.715941195074957,-0.37175723688693996,-0.0057003475212275,COIN,5.750546512176989,-0.16667329408088383,-0.07433265418981805
C_z_mom6m_plus_0.3_z_avg_accel_4m_top3,C_combined_score,2024-05,2024-05-01,"MSTR,SMCI,CVNA",combined_score_avg_accel_4m,8.014171054951426,0.25423309240003805,0.4551076291722214,4.0,avg_accel,avg_accel_4m,,0.3,MSTR,9.48362190165244,0.582667896645291,0.582667896645291,SMCI,8.78955217459864,0.04373555731780132,0.10025735126194513,CVNA,5.769339088603196,0.13629582323702194,0.6823976396094282
C_z_mom6m_plus_0.3_z_avg_accel_4m_top3,C_combined_score,2024-06,2024-06-03,"CVNA,SMCI,MSTR",combined_score_avg_accel_4m,6.847815328221547,0.0500246148980675,0.1545728481756988,4.0,avg_accel,avg_accel_4m,,0.3,CVNA,7.154469021429964,0.25656836445624176,0.48059827837499136,SMCI,6.7006810045472545,0.054153366288865135,0.054153366288865135,MSTR,6.688295958687421,-0.1606478860509044,-0.07103310013676012
C_z_mom6m_plus_0.3_z_avg_accel_4m_top3,C_combined_score,2024-07,2024-07-01,"MSTR,CVNA,VST",combined_score_avg_accel_4m,6.059016743756793,0.051891452437984764,0.3370823672588817,4.0,avg_accel,avg_accel_4m,,0.3,MSTR,8.484087904418137,0.10676661728117032,0.19102178156195126,CVNA,5.057883702059838,0.17828708748026978,0.4137514539985796,VST,4.635078624792403,-0.1293793474474858,0.40647386621611425
C_z_mom6m_plus_0.3_z_avg_accel_4m_top3,C_combined_score,2024-08,2024-08-01,"MSTR,NVDA,ARM",combined_score_avg_accel_4m,4.153220738582195,-0.06121024952453465,0.30790162800684956,4.0,avg_accel,avg_accel_4m,,0.3,MSTR,4.334194670352259,-0.1909036195530026,0.519437013148633,NVDA,4.0760746137289985,-0.011079492516068101,0.23991931322051085,ARM,4.049392931665325,0.01835236349546676,0.16434855765140477
C_z_mom6m_plus_0.3_z_avg_accel_4m_top3,C_combined_score,2024-09,2024-09-03,"MSTR,CVNA,ARM",combined_score_avg_accel_4m,5.599092528809005,0.21540063754544025,1.0054899084656357,4.0,avg_accel,avg_accel_4m,,0.3,MSTR,6.873574208972233,0.3300359945004989,2.1090581159399773,CVNA,6.486317889180934,0.21644065403107549,0.7640465038319864,ARM,3.4373854882738484,0.09972526410474636,0.14336510562494298
C_z_mom6m_plus_0.3_z_avg_accel_4m_top3,C_combined_score,2024-10,2024-10-01,"MMM,NEM,TPL",combined_score_avg_accel_4m,2.63609887120138,0.015554782531795505,0.15108851837045204,4.0,avg_accel,avg_accel_4m,,0.3,MMM,2.8367884052333356,-0.07179329734947681,-0.025268068370632224,NEM,2.5601594207130236,-0.16401921087438587,-0.16401921087438587,TPL,2.511348787657781,0.2824768558192492,0.6425528343563742
C_z_mom6m_plus_0.3_z_avg_accel_4m_top3,C_combined_score,2024-11,2024-11-01,"RKLB,CVNA,APP",combined_score_avg_accel_4m,4.2586523305330966,0.7702574241884053,0.9442323445678356,4.0,avg_accel,avg_accel_4m,,0.3,RKLB,5.5579783545777195,1.1151489076420713,1.4851137452861187,CVNA,3.616730246465274,0.11288625931381091,0.11288625931381091,APP,3.6012483905562975,1.0827371056093336,1.234697029103577
C_z_mom6m_plus_0.3_z_avg_accel_4m_top3,C_combined_score,2024-12,2024-12-02,"LEU,RKLB,MSTR",combined_score_avg_accel_4m,6.269260833360144,-0.09329802980373329,0.035379456106064,4.0,avg_accel,avg_accel_4m,,0.3,LEU,7.5681566086190735,-0.10209770879488689,0.018552185723901493,RKLB,6.294499107664947,0.03332636617444629,0.17491195835307738,MSTR,4.945126783796411,-0.21112274679075926,-0.08732577575878686
C_z_mom6m_plus_0.3_z_avg_accel_4m_top3,C_combined_score,2025-01,2025-01-02,"RKLB,APP,PLTR",combined_score_avg_accel_4m,7.869105538355192,0.10665231093202054,0.11081954243835801,4.0,avg_accel,avg_accel_4m,,0.3,RKLB,9.785548833083485,0.13701923885171485,0.13701923885171485,APP,8.609937171473508,0.06922582873957994,0.06922582873957994,PLTR,5.2118306105085805,0.11371186520476684,0.12621355972377923
C_z_mom6m_plus_0.3_z_avg_accel_4m_top3,C_combined_score,2025-02,2025-02-03,"RKLB,APP,ALAB",combined_score_avg_accel_4m,7.986348780957563,-0.24320690304702686,-0.19733625052831405,4.0,avg_accel,avg_accel_4m,,0.3,RKLB,9.535727418295052,-0.342494700521053,-0.2205778191208413,APP,8.47970987498947,-0.07689362389390075,-0.07689362389390075,ALAB,5.943609049588167,-0.3102323847261268,-0.2945373085702001
C_z_mom6m_plus_0.3_z_avg_accel_4m_top3,C_combined_score,2025-03,2025-03-03,"RKLB,APP,PLTR",combined_score_avg_accel_4m,7.168149954463876,-0.05806664099193859,0.399917411341995,4.0,avg_accel,avg_accel_4m,,0.3,RKLB,8.4263708063776,-0.02733120220001306,0.42550914249652516,APP,7.940937393038351,-0.16197303825227471,0.19140928447613836,PLTR,5.137141663975676,0.015104317476472007,0.5828338070533214
C_z_mom6m_plus_0.3_z_avg_accel_4m_top3,C_combined_score,2025-04,2025-04-01,"APP,RKLB,PLTR",combined_score_avg_accel_4m,5.079498319764661,0.19320092980625372,0.6241419429790587,4.0,avg_accel,avg_accel_4m,,0.3,APP,5.907518282090874,-0.011354870300838371,0.4216837152726276,RKLB,5.107617017899413,0.21873285422275934,0.8914601957349577,PLTR,4.223359659303696,0.3722248054968402,0.5592819179295907
C_z_mom6m_plus_0.3_z_avg_accel_4m_top3,C_combined_score,2025-05,2025-05-01,"PLTR,APP,RKLB",combined_score_avg_accel_4m,3.9258650375338218,0.2589534804708409,0.5971351779271962,4.0,avg_accel,avg_accel_4m,,0.3,PLTR,4.191850797606481,0.13631666741734993,0.32762485648924655,APP,3.89158059823907,0.4380121568041677,0.4380121568041677,RKLB,3.6941637167559143,0.202531617191005,1.0257685204881741
C_z_mom6m_plus_0.3_z_avg_accel_4m_top3,C_combined_score,2025-06,2025-06-02,"PLTR,RKLB,MSTR",combined_score_avg_accel_4m,4.264781391020412,0.094356148553982,0.34874716664787936,4.0,avg_accel,avg_accel_4m,,0.3,PLTR,5.584078433502909,-0.010299914264645715,0.18971527056559334,RKLB,3.9449887863356343,0.2906015540875664,0.8537594235390193,MSTR,3.265276953222692,0.0027668058390253325,0.0027668058390253325
C_z_mom6m_plus_0.3_z_avg_accel_4m_top3,C_combined_score,2025-07,2025-07-01,"LEU,PLTR,NRG",combined_score_avg_accel_4m,4.213874779033877,0.16434032348475477,0.4851834845604544,4.0,avg_accel,avg_accel_4m,,0.3,LEU,5.075320137826309,0.23484081287711134,0.9625983769482405,PLTR,3.8241943901981856,0.1805173930121562,0.41528931216812603,NRG,3.742109809077138,0.07766276456499677,0.07766276456499677
C_z_mom6m_plus_0.3_z_avg_accel_4m_top3,C_combined_score,2025-08,2025-08-01,"LEU,CVNA,NRG",combined_score_avg_accel_4m,4.757730458138528,-0.05314507412842303,0.25501336960922827,4.0,avg_accel,avg_accel_4m,,0.3,LEU,7.146071782445622,-0.02131235252907482,0.6463782807073697,CVNA,3.6712403176722592,-0.0037794317098863717,0.07512644780716626,NRG,3.4558792742977027,-0.1343434381463079,0.04353538031314885
C_z_mom6m_plus_0.3_z_avg_accel_4m_top3,C_combined_score,2025-09,2025-09-02,"LEU,UUUU,SEDG",combined_score_avg_accel_4m,5.31793834891897,0.4105838542242303,0.4913323691732845,4.0,avg_accel,avg_accel_4m,,0.3,LEU,7.2314543219449146,0.62396383512066,0.6822305716863362,UUUU,4.440028456870952,0.38292258036406346,0.5669013886455498,SEDG,4.282332267941044,0.22486514718796746,0.22486514718796746
C_z_mom6m_plus_0.3_z_avg_accel_4m_top3,C_combined_score,2025-10,2025-10-01,"ECHO,UUUU,ALAB",combined_score_avg_accel_4m,6.591118774276683,0.021990295511607028,0.1763299079166123,4.0,avg_accel,avg_accel_4m,,0.3,ECHO,8.054519997180266,-0.051949650986389595,0.4110691862286262,UUUU,6.187855349347382,0.1330362313073612,0.1330362313073612,ALAB,5.530980976302398,-0.01511569378615052,-0.01511569378615052
C_z_mom6m_plus_0.3_z_avg_accel_4m_top3,C_combined_score,2025-11,2025-11-03,"ECHO,LEU,UUUU",combined_score_avg_accel_4m,6.972388850409383,-0.1693820251563326,0.17373072943090082,4.0,avg_accel,avg_accel_4m,,0.3,ECHO,8.236848116364955,-0.031444907260395616,0.5463712193780337,LEU,6.444673724741011,-0.2671506231462031,-0.20551617318688264,UUUU,6.235644710122186,-0.20955054506239912,0.18033714210155138
C_z_mom6m_plus_0.3_z_avg_accel_4m_top3,C_combined_score,2025-12,2025-12-01,"ECHO,PLUG,UUUU",combined_score_avg_accel_4m,5.945957055956316,0.29455727189229347,0.4827309013246701,4.0,avg_accel,avg_accel_4m,,0.3,ECHO,7.3027644322089245,0.5367123329476133,0.6257534288380244,PLUG,5.601799434921602,0.16145836922805823,0.16145836922805823,UUUU,4.933307300738418,0.1855011135012088,0.6609809059079277
C_z_mom6m_plus_0.3_z_avg_accel_4m_top3,C_combined_score,2026-01,2026-01-02,"ECHO,PLUG,CIEN",combined_score_avg_accel_4m,5.454279198891548,0.02094908609657072,0.25739736389183765,4.0,avg_accel,avg_accel_4m,,0.3,ECHO,7.070462546220427,0.03895527486801398,0.07505792606560391,PLUG,4.705559368366837,-0.06726461618137258,0.00896860123562826,CIEN,4.586815682087378,0.09115659960307076,0.6881655643742808
C_z_mom6m_plus_0.3_z_avg_accel_4m_top3,C_combined_score,2026-02,2026-02-02,"CIEN,ECHO,MU",combined_score_avg_accel_4m,5.0394022292542795,0.09278471715065077,0.4298664050850147,4.0,avg_accel,avg_accel_4m,,0.3,CIEN,5.24633848295,0.3174793245645542,0.9937055290592733,ECHO,5.1972318765885825,0.018275394231196174,0.0568854318302654,MU,4.674636328224256,-0.05740056734379806,0.23900825436550543
C_z_mom6m_plus_0.3_z_avg_accel_4m_top3,C_combined_score,2026-03,2026-03-02,"ECHO,MU,CIEN",combined_score_avg_accel_4m,5.28186399961156,0.027418779650341712,0.731420730637126,4.0,avg_accel,avg_accel_4m,,0.3,ECHO,6.074091414178054,0.016177942062758577,0.07364339266342568,MU,5.942844766619023,-0.10823535017034125,1.510322902206923,CIEN,3.828655818037601,0.1743137470586078,0.6102958970410295
C_z_mom6m_plus_0.3_z_avg_accel_5m_top3,C_combined_score,2016-01,2016-01-04,"NVDA,AMZN,LDOS",combined_score_avg_accel_5m,2.9024744965307256,-0.11624891145499294,0.005458345523553658,5.0,avg_accel,avg_accel_5m,,0.3,NVDA,3.1293269820790077,-0.09484083753346129,0.12084351338143162,AMZN,2.8044389435482007,-0.09761538157961003,-0.060424853747184426,LDOS,2.773657563964968,-0.1562905152519075,-0.044043623063586224
C_z_mom6m_plus_0.3_z_avg_accel_5m_top3,C_combined_score,2016-02,2016-02-01,"FSLR,NVDA,LDOS",combined_score_avg_accel_5m,3.1764281853231986,0.03066074087219243,0.1232439569521075,5.0,avg_accel,avg_accel_5m,,0.3,FSLR,3.5330309057891665,-0.0015912138683923382,-0.0015912138683923382,NVDA,3.481114629141932,0.12181975252068455,0.23828334270754992,LDOS,2.5151390210384976,-0.028246316035714925,0.13303974201716495
C_z_mom6m_plus_0.3_z_avg_accel_5m_top3,C_combined_score,2016-03,2016-03-01,"FSLR,NVDA,KLAC",combined_score_avg_accel_5m,3.203174519409156,0.04683549562539091,0.15961453126342132,5.0,avg_accel,avg_accel_5m,,0.3,FSLR,4.087405885323531,-0.022312277036129258,-0.022312277036129258,NVDA,2.7942658864393772,0.10381666923333821,0.43302494321006435,KLAC,2.727851786464559,0.05900209467896378,0.06813092761632888
C_z_mom6m_plus_0.3_z_avg_accel_5m_top3,C_combined_score,2016-04,2016-04-01,"NEM,TSN,TRMB",combined_score_avg_accel_5m,3.2226110161515122,0.07481436379871116,0.1721255222074929,5.0,avg_accel,avg_accel_5m,,0.3,NEM,3.6818681635743893,0.29000800387293624,0.5164724395943971,TSN,3.16047999772305,-0.020854374912084195,-0.020854374912084195,TRMB,2.8254848871570966,-0.044710537564718544,0.020758501940165708
C_z_mom6m_plus_0.3_z_avg_accel_5m_top3,C_combined_score,2016-05,2016-05-02,"LEU,NEM,AMD",combined_score_avg_accel_5m,6.189057709402626,0.03013594845344632,0.38204787744727176,5.0,avg_accel,avg_accel_5m,,0.3,LEU,11.932557727446868,-0.04516124864274451,0.08387096724574694,NEM,3.3710418883710256,-0.0489228356874053,0.286871635803541,AMD,3.2635735123899816,0.18449192969048878,0.7754010292925273
C_z_mom6m_plus_0.3_z_avg_accel_5m_top3,C_combined_score,2016-06,2016-06-01,"LEU,NEM,FCX",combined_score_avg_accel_5m,7.01579085513789,0.14730412956235575,0.23761955702918316,5.0,avg_accel,avg_accel_5m,,0.3,LEU,11.872406258489931,0.13513508506549265,0.18243241719384562,NEM,4.6125435053067045,0.236022460663446,0.3530675365690721,FCX,4.562422801617036,0.07075484295812862,0.17735871732463182
C_z_mom6m_plus_0.3_z_avg_accel_5m_top3,C_combined_score,2016-07,2016-07-01,"LEU,AMD,FCX",combined_score_avg_accel_5m,7.4113966004067064,0.11755887016401083,0.2336831146926107,5.0,avg_accel,avg_accel_5m,,0.3,LEU,12.90743488511663,-0.05654756688510587,0.1517857161863727,AMD,4.6664719579407725,0.3096646236029119,0.4497040741172329,FCX,4.660282958162719,0.09955955377422643,0.09955955377422643
C_z_mom6m_plus_0.3_z_avg_accel_5m_top3,C_combined_score,2016-08,2016-08-01,"LEU,FCX,OKE",combined_score_avg_accel_5m,7.416956444003376,0.015506741675733996,0.11589515659982748,5.0,avg_accel,avg_accel_5m,,0.3,LEU,12.660886122448456,0.10410091979930125,0.24921133843524013,FCX,5.111743348386196,-0.17067321588982265,-0.1065706289991537,OKE,4.478239861175478,0.11309252111772339,0.20504476036339603
C_z_mom6m_plus_0.3_z_avg_accel_5m_top3,C_combined_score,2016-09,2016-09-01,"LEU,AMD,FCX",combined_score_avg_accel_5m,7.402523961149199,0.028047564545156112,0.4464617213994066,5.0,avg_accel,avg_accel_5m,,0.3,LEU,9.393982496540376,0.10571425301688064,0.7457143238612585,AMD,6.851801759313048,-0.05442178238877515,0.14149666016113716,FCX,5.961787627594174,0.032850223007362844,0.4521741801758241
C_z_mom6m_plus_0.3_z_avg_accel_5m_top3,C_combined_score,2016-10,2016-10-03,"LEU,AMD,DVN",combined_score_avg_accel_5m,6.207888482115998,-0.03462845219429952,0.5628079906576954,5.0,avg_accel,avg_accel_5m,,0.3,LEU,6.9279595083383185,0.023255854069589743,0.9612404075023369,AMD,6.799691792771071,0.020143934843871225,0.6446044055912483,DVN,4.896014145238606,-0.14728514549635952,0.08257915887950085
C_z_mom6m_plus_0.3_z_avg_accel_5m_top3,C_combined_score,2016-11,2016-11-01,"AMD,WMB,DHR",combined_score_avg_accel_5m,5.20363890988017,0.07799340178527818,0.29847958715045836,5.0,avg_accel,avg_accel_5m,,0.3,AMD,5.806674109944334,0.18335686357642111,0.7009873286412738,WMB,5.322704406292637,0.05075258563827578,0.1082158450850983,DHR,4.4815382134035415,-0.00012924385886237122,0.08623558772500295
C_z_mom6m_plus_0.3_z_avg_accel_5m_top3,C_combined_score,2016-12,2016-12-01,"DHR,NVDA,TPL",combined_score_avg_accel_5m,4.475804869993446,0.06974229053115118,0.1749809810129818,5.0,avg_accel,avg_accel_5m,,0.3,DHR,4.697617125959523,0.024476033905480588,0.13475208445868891,NVDA,4.456226199776219,0.16396626264570147,0.30020460957727657,TPL,4.273571284244596,0.02078457504227149,0.08998624900297991
C_z_mom6m_plus_0.3_z_avg_accel_5m_top3,C_combined_score,2017-01,2017-01-03,"NVDA,TPL,LEU",combined_score_avg_accel_5m,3.5255974235894243,-0.021390873061518285,-0.010850677930626587,5.0,avg_accel,avg_accel_5m,,0.3,NVDA,3.7714244805569277,0.11704664585544333,0.11704664585544333,TPL,3.711046866247995,0.06779263289498916,0.06779263289498916,LEU,3.094320923963349,-0.24901189793498735,-0.21739131254231225
C_z_mom6m_plus_0.3_z_avg_accel_5m_top3,C_combined_score,2017-02,2017-02-01,"LEU,NVDA,AMD",combined_score_avg_accel_5m,4.545911285151585,0.06192358095251967,0.07829634946061237,5.0,avg_accel,avg_accel_5m,,0.3,LEU,6.148490780196309,0.04210530806776713,0.04210530806776713,NVDA,3.9079579996174454,-0.09679887015444,-0.047680564630161903,AMD,3.581285075641,0.24046430494423188,0.24046430494423188
C_z_mom6m_plus_0.3_z_avg_accel_5m_top3,C_combined_score,2017-03,2017-03-01,"LEU,TPL,COHR",combined_score_avg_accel_5m,3.9351482226807892,-0.03834637244673156,-0.0068937188671334875,5.0,avg_accel,avg_accel_5m,,0.3,LEU,4.339396760121223,-0.018518540817300533,-0.018518540817300533,TPL,3.970670066329612,-0.0498172608175137,0.04454069992128051,COHR,3.495377841591532,-0.046703315705380444,-0.046703315705380444
C_z_mom6m_plus_0.3_z_avg_accel_5m_top3,C_combined_score,2017-04,2017-04-03,"AMD,LEU,URI",combined_score_avg_accel_5m,4.254557868712867,-0.11321012267156765,-0.10155436711676313,5.0,avg_accel,avg_accel_5m,,0.3,AMD,4.85119145828462,-0.06967216078166893,-0.06967216078166893,LEU,4.112760473259482,-0.14922811268341052,-0.14922811268341052,URI,3.799721674594499,-0.12073009454962347,-0.08576282788520995
C_z_mom6m_plus_0.3_z_avg_accel_5m_top3,C_combined_score,2017-05,2017-05-01,"AMD,NRG,SHOP",combined_score_avg_accel_5m,4.3578966784105715,0.005772661101926091,0.27568308244014456,5.0,avg_accel,avg_accel_5m,,0.3,AMD,5.361559051441987,-0.19750364192259917,0.006607940774163712,NRG,4.5332424577000445,0.005398888279310787,0.4733017494036986,SHOP,3.178888526089684,0.20942273694906666,0.3471395571425713
C_z_mom6m_plus_0.3_z_avg_accel_5m_top3,C_combined_score,2017-06,2017-06-01,"PLUG,SHOP,AMD",combined_score_avg_accel_5m,4.323323889041148,0.04471553347362626,0.22757036949446707,5.0,avg_accel,avg_accel_5m,,0.3,PLUG,4.697638998774432,0.10215050352144872,0.24193544355565155,SHOP,4.245447411388636,-0.07962323331932353,0.18642985931466516,AMD,4.026885256960377,0.11161933021875359,0.2543458056130845
C_z_mom6m_plus_0.3_z_avg_accel_5m_top3,C_combined_score,2017-07,2017-07-03,"SHOP,MELI,PLUG",combined_score_avg_accel_5m,4.321768947629665,0.1631491278602779,0.2925232945849958,5.0,avg_accel,avg_accel_5m,,0.3,SHOP,5.490908324486003,0.2102325035701793,0.3837208244979846,MELI,3.7477886377389336,0.15238561341994838,0.15238561341994838,PLUG,3.7266098806640615,0.12682926659070604,0.34146344583705446
C_z_mom6m_plus_0.3_z_avg_accel_5m_top3,C_combined_score,2017-08,2017-08-01,"PLUG,SHOP,VRTX",combined_score_avg_accel_5m,5.008322055236572,0.02406737592072165,0.14104611480373683,5.0,avg_accel,avg_accel_5m,,0.3,PLUG,6.562209223974422,-0.051948003693320643,0.22077922211963008,SHOP,4.763801231759396,0.06514224160561843,0.14335123244171322,VRTX,3.6989557099758974,0.05900788984986716,0.05900788984986716
C_z_mom6m_plus_0.3_z_avg_accel_5m_top3,C_combined_score,2017-09,2017-09-01,"PLUG,SHOP,FSLR",combined_score_avg_accel_5m,5.691581476091767,0.1051125372443847,0.20718283972405102,5.0,avg_accel,avg_accel_5m,,0.3,PLUG,8.125642715548171,0.25570772974786626,0.2876711687496176,SHOP,4.565976165208492,0.07342586537381224,0.07342586537381224,FSLR,4.38312554751864,-0.013795983388524391,0.2604514850487232
C_z_mom6m_plus_0.3_z_avg_accel_5m_top3,C_combined_score,2017-10,2017-10-02,"PLUG,SEDG,NVDA",combined_score_avg_accel_5m,4.823788540704151,0.10853488580970312,0.16882474972784176,5.0,avg_accel,avg_accel_5m,,0.3,PLUG,5.746170458972726,0.02545452117919922,0.02545452117919922,SEDG,4.748337072016457,0.142608642578125,0.32347823433254086,NVDA,3.9768580911232725,0.15754149367178516,0.15754149367178516
C_z_mom6m_plus_0.3_z_avg_accel_5m_top3,C_combined_score,2017-11,2017-11-01,"PLUG,FSLR,SEDG",combined_score_avg_accel_5m,4.47255160099026,0.0011477454088203072,0.0931482532176758,5.0,avg_accel,avg_accel_5m,,0.3,PLUG,5.031285301108942,-0.10992906032556649,-0.10992906032556649,FSLR,4.244525579629162,0.05401153997617425,0.23107850781789585,SEDG,4.1418439222326775,0.05936075657585316,0.15829531216069803
C_z_mom6m_plus_0.3_z_avg_accel_5m_top3,C_combined_score,2017-12,2017-12-01,"SEDG,NVDA,FSLR",combined_score_avg_accel_5m,4.421627042421925,0.08994397978947588,0.27188007226089783,5.0,avg_accel,avg_accel_5m,,0.3,SEDG,4.547659139123965,0.09339080664515897,0.43103449220842593,NVDA,4.364470238975809,0.008447746383566823,0.21661233823456572,FSLR,4.352751749166001,0.16799338633970184,0.16799338633970184
C_z_mom6m_plus_0.3_z_avg_accel_5m_top3,C_combined_score,2018-01,2018-01-02,"ENPH,SEDG,PODD",combined_score_avg_accel_5m,6.402728401570293,-0.04042053550744825,0.4627709953555157,5.0,avg_accel,avg_accel_5m,,0.3,ENPH,13.029238767564019,-0.16538455542727826,0.7346155362721787,SEDG,3.234744889889456,-0.06964514492290852,0.421813391823354,PODD,2.9442015472574026,0.11376809382784203,0.2318840579710144
C_z_mom6m_plus_0.3_z_avg_accel_5m_top3,C_combined_score,2018-02,2018-02-01,"ENPH,SEDG,FCX",combined_score_avg_accel_5m,5.8606460185151334,0.29511283447117564,0.5199343024288009,5.0,avg_accel,avg_accel_5m,,0.3,ENPH,11.461921798613771,0.5253455421220792,1.0783410462290313,SEDG,3.181600858980883,0.40677957882726723,0.5282484785931911,FCX,2.9384153979507457,-0.046786617535819475,-0.046786617535819475
C_z_mom6m_plus_0.3_z_avg_accel_5m_top3,C_combined_score,2018-03,2018-03-01,"ENPH,ANET,TKO",combined_score_avg_accel_5m,5.003796067050406,0.08312631695079405,0.4379553293946077,5.0,avg_accel,avg_accel_5m,,0.3,ENPH,8.567066643264628,0.3625378570534372,0.7462236585281175,ANET,3.38868582088,-0.03900679970542087,0.0055724082210981685,TKO,3.0556357370065887,-0.0741521064956342,0.5620699214346074
C_z_mom6m_plus_0.3_z_avg_accel_5m_top3,C_combined_score,2018-04,2018-04-02,"ENPH,AXON,SEDG",combined_score_avg_accel_5m,5.826102828843649,-0.025670184382125094,0.4160803957539186,5.0,avg_accel,avg_accel_5m,,0.3,ENPH,10.177411462907397,-0.09977832888355831,0.5831484488096834,AXON,4.0420435553349465,0.05141840939296749,0.6540021228191464,SEDG,3.258853468288608,-0.028650633655784463,0.011090615632926015
C_z_mom6m_plus_0.3_z_avg_accel_5m_top3,C_combined_score,2018-05,2018-05-01,"ENPH,AXON,DXCM",combined_score_avg_accel_5m,5.912887473305616,0.41768745283179975,0.5827872039295762,5.0,avg_accel,avg_accel_5m,,0.3,ENPH,9.088040257230638,0.42364539193842177,0.7586206815553396,AXON,4.632057412569233,0.5731150491972823,0.6482775460256431,DXCM,4.018564750116976,0.2563019173596952,0.3414633842077457
C_z_mom6m_plus_0.3_z_avg_accel_5m_top3,C_combined_score,2018-06,2018-06-01,"ENPH,CVNA,AXON",combined_score_avg_accel_5m,5.632822076843614,0.24533096440527516,0.565306087871005,5.0,avg_accel,avg_accel_5m,,0.3,ENPH,7.44679126569038,0.2352940497077145,0.2352940497077145,CVNA,4.746700755800697,0.5140220089893202,1.390486480557417,AXON,4.704974209039765,-0.013323165481209154,0.07013773334788342
C_z_mom6m_plus_0.3_z_avg_accel_5m_top3,C_combined_score,2018-07,2018-07-02,"AXON,TKO,ENPH",combined_score_avg_accel_5m,5.71178062768593,-0.03914949987677052,0.04307406283545919,5.0,avg_accel,avg_accel_5m,,0.3,AXON,7.797021107019556,0.06192763999488937,0.08458787711358084,TKO,4.773326582385522,0.03771065909775695,0.2617211101157546,ENPH,4.56499419365271,-0.21708679872295789,-0.21708679872295789
C_z_mom6m_plus_0.3_z_avg_accel_5m_top3,C_combined_score,2018-08,2018-08-01,"ENPH,AXON,CVNA",combined_score_avg_accel_5m,6.3479980799070015,0.14522234493983607,0.14939647551530486,5.0,avg_accel,avg_accel_5m,,0.3,ENPH,6.743374881459277,-0.12522366135861906,-0.11270126963221272,AXON,6.28469166087314,0.021338777017613664,0.021338777017613664,CVNA,6.015927697388587,0.5395519191605136,0.5395519191605136
C_z_mom6m_plus_0.3_z_avg_accel_5m_top3,C_combined_score,2018-09,2018-09-04,"AXON,CVNA,TKO",combined_score_avg_accel_5m,5.96940620549161,-0.04231915057153849,-0.04231915057153849,5.0,avg_accel,avg_accel_5m,,0.3,AXON,6.323975208918335,-0.04350316306543145,-0.04350316306543145,CVNA,5.883851534935075,-0.14656964038661902,-0.14656964038661902,TKO,5.700391872621421,0.06311535173743499,0.06311535173743499
C_z_mom6m_plus_0.3_z_avg_accel_5m_top3,C_combined_score,2018-10,2018-10-01,"CVNA,AMD,DXCM",combined_score_avg_accel_5m,6.950100320293353,-0.18910426803390223,-0.15063374997366288,5.0,avg_accel,avg_accel_5m,,0.3,CVNA,8.262864530513202,-0.22759701378977826,-0.22759701378977826,AMD,6.5042479203782735,-0.35646087637630963,-0.24538513599935996,DXCM,6.083188509988584,0.016745086064381187,0.02108089986814954
C_z_mom6m_plus_0.3_z_avg_accel_5m_top3,C_combined_score,2018-11,2018-11-01,"AMD,CVNA,TKO",combined_score_avg_accel_5m,6.526506403207814,0.05464047864510457,0.10859473969724098,5.0,avg_accel,avg_accel_5m,,0.3,AMD,7.787895543455887,0.1726013793093042,0.21216622459002643,CVNA,6.200854139374651,-0.03446730126074493,-0.03446730126074493,TKO,5.590769526792906,0.02578735788675446,0.14808529576244145
C_z_mom6m_plus_0.3_z_avg_accel_5m_top3,C_combined_score,2018-12,2018-12-03,"AMD,MDB,DXCM",combined_score_avg_accel_5m,4.509979962725592,-0.1405857383437571,0.10331915270361058,5.0,avg_accel,avg_accel_5m,,0.3,AMD,5.031377313105198,-0.2058203015268123,0.03374108710670898,MDB,4.640126397404412,-0.059190470816579466,0.22570015942004384,DXCM,3.8584361776671683,-0.15674644268787952,0.05051621158407893
C_z_mom6m_plus_0.3_z_avg_accel_5m_top3,C_combined_score,2019-01,2019-01-02,"AMD,MDB,UUUU",combined_score_avg_accel_5m,3.6048856390244572,0.17156755146411373,0.49834326079284263,5.0,avg_accel,avg_accel_5m,,0.3,AMD,4.228025888298171,0.3016463265103333,0.3998938245966537,MDB,3.6449552776279663,0.1590994584895078,0.8505316147043964,UUUU,2.941675751147234,0.053956869392500106,0.2446043430774778
C_z_mom6m_plus_0.3_z_avg_accel_5m_top3,C_combined_score,2019-02,2019-02-01,"MDB,SBUX,CIEN",combined_score_avg_accel_5m,3.2191888818303362,0.09536512167377409,0.28569101567256716,5.0,avg_accel,avg_accel_5m,,0.3,MDB,3.9451137170347015,0.1239884074694464,0.596525303459235,SBUX,3.1236709814597132,0.04565789297442824,0.1440986789810188,CIEN,2.5887819469965936,0.11644906457744764,0.11644906457744764
C_z_mom6m_plus_0.3_z_avg_accel_5m_top3,C_combined_score,2019-03,2019-03-01,"MDB,CIEN,VEEV",combined_score_avg_accel_5m,3.165623068966647,0.11931264801448331,0.18622655640981997,5.0,avg_accel,avg_accel_5m,,0.3,MDB,3.4099314836912993,0.42041082705973865,0.42041082705973865,CIEN,3.2240273513396676,-0.11669780307864641,-0.10266603278694963,VEEV,2.862910371868975,0.054224920062357684,0.24093487495667087
C_z_mom6m_plus_0.3_z_avg_accel_5m_top3,C_combined_score,2019-04,2019-04-01,"ENPH,LEU,ERIE",combined_score_avg_accel_5m,4.519067785820233,0.19580162342751617,0.5153028854260716,5.0,avg_accel,avg_accel_5m,,0.3,ENPH,6.589226722840752,0.4017277776896653,0.9762417694097951,LEU,3.6946554516701786,0.1357616186821642,0.1357616186821642,ERIE,3.2733211829497684,0.049915473910719044,0.43390526818625563
C_z_mom6m_plus_0.3_z_avg_accel_5m_top3,C_combined_score,2019-05,2019-05-01,"ENPH,ZS,MDB",combined_score_avg_accel_5m,5.032893542578046,0.06615170509351538,0.570866896577622,5.0,avg_accel,avg_accel_5m,,0.3,ENPH,6.00465400983328,0.21032362035355612,1.3189523453776477,ZS,4.633295488293805,0.011032240851356123,0.28849938787280216,MDB,4.460731129607053,-0.022900745924366084,0.10514895648241618
C_z_mom6m_plus_0.3_z_avg_accel_5m_top3,C_combined_score,2019-06,2019-06-03,"ENPH,LEU,CVNA",combined_score_avg_accel_5m,5.612259837637104,0.09272240617476701,0.4231691933995417,5.0,avg_accel,avg_accel_5m,,0.3,ENPH,7.818291167137628,0.16486309310149871,0.9159771042890517,LEU,5.234583912491061,-0.011695895017748925,-0.011695895017748925,CVNA,3.783904433282621,0.12500002044055125,0.36522637092732246
C_z_mom6m_plus_0.3_z_avg_accel_5m_top3,C_combined_score,2019-07,2019-07-01,"ENPH,PLUG,CVNA",combined_score_avg_accel_5m,5.3274037720900305,0.18731797274207396,0.3262930225772516,5.0,avg_accel,avg_accel_5m,,0.3,ENPH,7.732013038676881,0.6448088325879386,0.6448088325879386,PLUG,4.224254557440618,-0.04017853294024054,0.12053570525758728,CVNA,4.025943720152592,-0.04267638142147623,0.213534529886229
C_z_mom6m_plus_0.3_z_avg_accel_5m_top3,C_combined_score,2019-08,2019-08-01,"ENPH,CVNA,SHOP",combined_score_avg_accel_5m,5.559364997801673,0.10414929854608461,0.12065409414660089,5.0,avg_accel,avg_accel_5m,,0.3,ENPH,7.753240320817816,-0.07973420558518562,-0.07973420558518562,CVNA,4.826441798913772,0.2676324978674802,0.31714688466902907,SHOP,4.098412873673432,0.12454960335595922,0.12454960335595922
C_z_mom6m_plus_0.3_z_avg_accel_5m_top3,C_combined_score,2019-09,2019-09-03,"ENPH,SHOP,PCG",combined_score_avg_accel_5m,5.741301489544103,-0.15458810797101954,-0.1349572533437731,5.0,avg_accel,avg_accel_5m,,0.3,ENPH,10.112392589851137,-0.21624554200305202,-0.2032491304349623,SHOP,3.797941756471508,-0.18413165977243573,-0.1382355074587861,PCG,3.313570122309666,-0.06338712213757092,-0.06338712213757092
C_z_mom6m_plus_0.3_z_avg_accel_5m_top3,C_combined_score,2019-10,2019-10-01,"ENPH,SEDG,PODD",combined_score_avg_accel_5m,5.28846275744186,-0.07752938915008474,0.2309935423780928,5.0,avg_accel,avg_accel_5m,,0.3,ENPH,7.267734502113814,-0.1326577283380186,0.3514510082855018,SEDG,4.324279701428518,0.0004810693300456581,0.2244136583317713,PODD,4.273374068783251,-0.1004115084422813,0.11711596051700535
C_z_mom6m_plus_0.3_z_avg_accel_5m_top3,C_combined_score,2019-11,2019-11-01,"ENPH,SEDG,PODD",combined_score_avg_accel_5m,4.935277891542107,0.13206772785052648,0.43408210951501863,5.0,avg_accel,avg_accel_5m,,0.3,ENPH,5.473926298304394,0.17206584090524424,0.7482739406440804,SEDG,5.2522557389857925,-0.0176704072311874,0.22382491370044444,PODD,4.079651637336135,0.24180774987752263,0.33014747420053103
C_z_mom6m_plus_0.3_z_avg_accel_5m_top3,C_combined_score,2019-12,2019-12-02,"LEU,SEDG,BLDR",combined_score_avg_accel_5m,4.053782612607399,0.1519470847704462,0.37294669006159303,5.0,avg_accel,avg_accel_5m,,0.3,LEU,4.646129408703322,0.19926197573866644,0.5332103879413339,SEDG,3.917420592705426,0.24583940330144038,0.5748898069722135,BLDR,3.597797836413446,0.010739875271231769,0.010739875271231769
C_z_mom6m_plus_0.3_z_avg_accel_5m_top3,C_combined_score,2020-01,2020-01-02,"TSLA,DXCM,LEU",combined_score_avg_accel_5m,4.2724061155472715,0.29427184932276884,0.4645874047908711,5.0,avg_accel,avg_accel_5m,,0.3,TSLA,4.464372928683685,0.8128573411078648,0.8128573411078648,DXCM,4.426690418206399,0.08072746403911513,0.30244327024679474,LEU,3.9261549997517307,-0.010769257178673386,0.27846160301795364
C_z_mom6m_plus_0.3_z_avg_accel_5m_top3,C_combined_score,2020-02,2020-02-03,"LEU,TSLA,AMD",combined_score_avg_accel_5m,4.742180307082086,0.0780255839761426,0.09482415374272075,5.0,avg_accel,avg_accel_5m,,0.3,LEU,5.857060642252509,0.2923795709904131,0.2923795709904131,TSLA,5.1692597262636895,-0.04664098299466646,-0.04664098299466646,AMD,3.200220552730061,-0.011661836067318854,0.038733873232415617
C_z_mom6m_plus_0.3_z_avg_accel_5m_top3,C_combined_score,2020-03,2020-03-02,"TSLA,LEU,PLUG",combined_score_avg_accel_5m,6.680440405742137,-0.3257039412602412,0.09762719014897987,5.0,avg_accel,avg_accel_5m,,0.3,TSLA,10.16376079482523,-0.35241120487373445,0.20774045142001563,LEU,5.607385572752662,-0.38387489446176903,0.10348972481964225,PLUG,4.27017484964852,-0.2408257244452202,-0.018348605792718242
C_z_mom6m_plus_0.3_z_avg_accel_5m_top3,C_combined_score,2020-04,2020-04-01,"TSLA,LEU,PCG",combined_score_avg_accel_5m,6.987127037792535,0.3230731374104259,0.8835868718624272,5.0,avg_accel,avg_accel_5m,,0.3,TSLA,8.953303756849651,0.45635015080435526,1.325006169890199,LEU,6.480534091558674,0.3085937419964464,0.916015749782676,PCG,5.52754326496928,0.20427551943047617,0.4097386959144069
C_z_mom6m_plus_0.3_z_avg_accel_5m_top3,C_combined_score,2020-05,2020-05-01,"TSLA,ENPH,PCG",combined_score_avg_accel_5m,4.4953812205286425,0.2770270155866992,0.5677690940945715,5.0,avg_accel,avg_accel_5m,,0.3,TSLA,5.614354229290251,0.28058520999750747,1.1174357512021218,ENPH,4.010489983380396,0.3798844001196713,0.4152600944386742,PCG,3.86129944891528,0.17061143664291878,0.17061143664291878
C_z_mom6m_plus_0.3_z_avg_accel_5m_top3,C_combined_score,2020-06,2020-06-01,"ENPH,TSLA,EQT",combined_score_avg_accel_5m,5.99838078742243,-0.0141316290898299,0.7275772561525296,5.0,avg_accel,avg_accel_5m,,0.3,ENPH,6.671747664728329,-0.17794904285487645,0.3188672701405213,TSLA,6.097716255024475,0.246665160920994,1.6447501455040907,EQT,5.225678442514488,-0.11111100533560725,0.21911435281297642
C_z_mom6m_plus_0.3_z_avg_accel_5m_top3,C_combined_score,2020-07,2020-07-01,"ENPH,TSLA,ZS",combined_score_avg_accel_5m,5.675707009408413,0.2543128618448085,0.7916899924238449,5.0,avg_accel,avg_accel_5m,,0.3,ENPH,6.66494590804014,0.24765587792658073,0.8245006039677982,TSLA,5.2222457318284565,0.3263310504364707,1.1214598983019939,ZS,5.13992938835664,0.18895165717137408,0.4291094750017428
C_z_mom6m_plus_0.3_z_avg_accel_5m_top3,C_combined_score,2020-08,2020-08-03,"PLUG,SHOP,DDOG",combined_score_avg_accel_5m,5.36868731580979,0.16214474964422523,0.2727172059091947,5.0,avg_accel,avg_accel_5m,,0.3,PLUG,6.1495425069977765,0.5425764574038652,0.6888646861057979,SHOP,5.0274609754248605,0.04733852441642217,0.04733852441642217,DDOG,4.929058465006733,-0.10348073288761162,0.081948407205364
C_z_mom6m_plus_0.3_z_avg_accel_5m_top3,C_combined_score,2020-09,2020-09-01,"EQT,LEU,PLUG",combined_score_avg_accel_5m,5.25267110548824,-0.1105727624842076,0.3526764662805375,5.0,avg_accel,avg_accel_5m,,0.3,EQT,5.8339828412907995,-0.1871796046512999,-0.00833330606309124,LEU,5.106994286453779,-0.135338391691059,0.33458640517587,PLUG,4.817036188720142,-0.00920029111026388,0.7317762997288337
C_z_mom6m_plus_0.3_z_avg_accel_5m_top3,C_combined_score,2020-10,2020-10-01,"PLUG,CVNA,TSLA",combined_score_avg_accel_5m,5.721098787902116,-0.0747657485163659,0.6603170836406892,5.0,avg_accel,avg_accel_5m,,0.3,PLUG,6.569417013935194,0.10500001907348633,1.2978570120675221,CVNA,5.498308948478676,-0.22297354617133602,0.05472496568815122,TSLA,5.095570401292476,-0.106323718451248,0.6283692731663943
C_z_mom6m_plus_0.3_z_avg_accel_5m_top3,C_combined_score,2020-11,2020-11-02,"PLUG,CVNA,TSLA",combined_score_avg_accel_5m,5.866006927897518,0.4663985952598257,1.550813973605461,5.0,avg_accel,avg_accel_5m,,0.3,PLUG,6.575194988390364,0.5817710983177786,3.1273430751132247,CVNA,5.991650446135732,0.35738617455194155,0.4282471526369682,TSLA,5.0311753491664595,0.46003851290975684,1.0968516930661902
C_z_mom6m_plus_0.3_z_avg_accel_5m_top3,C_combined_score,2020-12,2020-12-01,"PLUG,TSLA,CVNA",combined_score_avg_accel_5m,5.028062757811047,0.1678268481517944,0.7625150816723986,5.0,avg_accel,avg_accel_5m,,0.3,PLUG,6.861550097292785,0.3146709878078564,1.6093175425336028,TSLA,4.605753421292995,0.24798209714725927,0.4361619056796717,CVNA,3.616884754847361,-0.05917254049973242,0.24206579680392082
C_z_mom6m_plus_0.3_z_avg_accel_5m_top3,C_combined_score,2021-01,2021-01-04,"PLUG,MSTR,TSLA",combined_score_avg_accel_5m,6.404853859609958,0.5426218883837878,0.6585462117696202,5.0,avg_accel,avg_accel_5m,,0.3,PLUG,8.489376749581279,0.9847684833180206,0.9847684833180206,MSTR,5.57299096098487,0.4923099157639259,0.8400828859214236,TSLA,5.152193868263723,0.15078726606941673,0.15078726606941673
C_z_mom6m_plus_0.3_z_avg_accel_5m_top3,C_combined_score,2021-02,2021-02-01,"MSTR,UUUU,PLUG",combined_score_avg_accel_5m,5.876054054739066,0.09003775003340386,0.16263726857304486,5.0,avg_accel,avg_accel_5m,,0.3,MSTR,7.271129426522465,0.23304339566722643,0.23304339566722643,UUUU,5.183992520415957,0.21545669330291695,0.43325524892184,PLUG,5.173040217278775,-0.17838683886993179,-0.17838683886993179
C_z_mom6m_plus_0.3_z_avg_accel_5m_top3,C_combined_score,2021-03,2021-03-01,"PLUG,MSTR,UUUU",combined_score_avg_accel_5m,7.643294343978421,-0.09215530867034465,-0.015084030826094478,5.0,avg_accel,avg_accel_5m,,0.3,PLUG,9.0196386311523,-0.32786887272421594,-0.32786887272421594,MSTR,8.78533988462156,-0.10081284387317058,-0.10081284387317058,UUUU,5.124904516161399,0.1522157905863526,0.3834296241191031
C_z_mom6m_plus_0.3_z_avg_accel_5m_top3,C_combined_score,2021-04,2021-04-01,"MSTR,UUUU,PLUG",combined_score_avg_accel_5m,6.10158335941544,-0.10596932274621433,0.023486886642625326,5.0,avg_accel,avg_accel_5m,,0.3,MSTR,7.809607631060658,-0.09656606773890541,-0.07490482776389873,UUUU,5.253115163882604,0.023411348835963075,0.2006688637855656,PLUG,5.242027283303061,-0.24475324933570064,-0.05530337609379088
C_z_mom6m_plus_0.3_z_avg_accel_5m_top3,C_combined_score,2021-05,2021-05-03,"MSTR,UUUU,TPL",combined_score_avg_accel_5m,6.1291716410666455,-0.04777919594211807,0.06782021029973502,5.0,avg_accel,avg_accel_5m,,0.3,MSTR,6.497238640720708,-0.24835592382056437,0.023976562315733974,UUUU,6.29986648687646,0.17320260826813838,0.17320260826813838,TPL,5.590409795602771,-0.0681842722739282,0.006281460315332721
C_z_mom6m_plus_0.3_z_avg_accel_5m_top3,C_combined_score,2021-06,2021-06-01,"UUUU,TPL,MSTR",combined_score_avg_accel_5m,5.346096893484561,0.09912786966109659,0.13515712674477376,5.0,avg_accel,avg_accel_5m,,0.3,UUUU,6.207905659511584,-0.14484679480746898,-0.14484679480746898,TPL,5.306688555630509,0.07991465519795526,0.07991465519795526,MSTR,4.523696465311593,0.36231574859280347,0.470403519843835
C_z_mom6m_plus_0.3_z_avg_accel_5m_top3,C_combined_score,2021-07,2021-07-01,"UUUU,TPL,NUE",combined_score_avg_accel_5m,5.073423325367432,-0.06327813909183717,0.07628912721062601,5.0,avg_accel,avg_accel_5m,,0.3,UUUU,6.601014614906807,-0.16123775124523232,0.11074923777889256,TPL,4.634143573854621,-0.08477915176806738,-0.08477915176806738,NUE,3.9851117873408666,0.05618248573778817,0.20289729562105285
C_z_mom6m_plus_0.3_z_avg_accel_5m_top3,C_combined_score,2021-08,2021-08-02,"TPL,NUE,FANG",combined_score_avg_accel_5m,3.7009453775091594,0.008971139341052758,0.1725626894069968,5.0,avg_accel,avg_accel_5m,,0.3,TPL,4.11971305727911,-0.08384895949815152,-0.08384895949815152,NUE,3.8100055845642697,0.13891047415047608,0.13891047415047608,FANG,3.173117490684099,-0.028148096629166286,0.4626265535686658
C_z_mom6m_plus_0.3_z_avg_accel_5m_top3,C_combined_score,2021-09,2021-09-01,"NUE,FTNT,BX",combined_score_avg_accel_5m,3.5874408499063652,-0.09433165290103022,0.027269000755094308,5.0,avg_accel,avg_accel_5m,,0.3,NUE,4.5520790010211964,-0.15675410124363143,-0.05684240572634447,FTNT,3.4308896760231065,-0.03394174087809165,0.050701824159114395,BX,2.779353872674793,-0.09229911658136758,0.087947583832513
C_z_mom6m_plus_0.3_z_avg_accel_5m_top3,C_combined_score,2021-10,2021-10-01,"NUE,BX,NVDA",combined_score_avg_accel_5m,3.396892477133717,0.18717261115131714,0.2923161075955414,5.0,avg_accel,avg_accel_5m,,0.3,NUE,3.723564979284891,0.11848465040225897,0.1626637829368971,BX,3.443804902655285,0.19787837100269412,0.1985749972336983,NVDA,3.023307549460975,0.24515481204899836,0.5157095426160287
C_z_mom6m_plus_0.3_z_avg_accel_5m_top3,C_combined_score,2021-11,2021-11-01,"LEU,MDB,DDOG",combined_score_avg_accel_5m,4.396732129723814,-0.06619369730664885,-0.04567605052451795,5.0,avg_accel,avg_accel_5m,,0.3,LEU,4.809694553836257,-0.11147811866310575,-0.11147811866310575,MDB,4.2062239599172715,-0.08304729419314671,-0.021494353846754022,DDOG,4.174277875417912,-0.004055679063694084,-0.004055679063694084
C_z_mom6m_plus_0.3_z_avg_accel_5m_top3,C_combined_score,2021-12,2021-12-01,"LEU,TSLA,DDOG",combined_score_avg_accel_5m,5.361965325338072,0.023724915234210348,0.023724915234210348,5.0,avg_accel,avg_accel_5m,,0.3,LEU,6.859057679184455,-0.020260226171844198,-0.020260226171844198,TSLA,4.6593790838834135,0.09568949660209758,0.09568949660209758,DDOG,4.567459212946346,-0.004254524727622333,-0.004254524727622333
C_z_mom6m_plus_0.3_z_avg_accel_5m_top3,C_combined_score,2022-01,2022-01-03,"LEU,TSLA,ENPH",combined_score_avg_accel_5m,5.055325669423083,-0.2098700634968507,-0.05301822624208685,5.0,avg_accel,avg_accel_5m,,0.3,LEU,6.847377428645826,-0.17928288611416876,-0.17928288611416876,TSLA,4.382058258386115,-0.2238160575856306,-0.09600927049842889,ENPH,3.936541321237309,-0.22651124679075274,0.11623747788633709
C_z_mom6m_plus_0.3_z_avg_accel_5m_top3,C_combined_score,2022-02,2022-02-01,"LEU,BLDR,TSLA",combined_score_avg_accel_5m,5.281359128782885,-0.01160670723037116,0.06721925749625568,5.0,avg_accel,avg_accel_5m,,0.3,LEU,6.377499497021045,-0.005085469591808889,-0.005085469591808889,BLDR,4.7591572926648436,0.04208280516191132,0.04208280516191132,TSLA,4.707420596662766,-0.07181745726121591,0.1646604369186646
C_z_mom6m_plus_0.3_z_avg_accel_5m_top3,C_combined_score,2022-03,2022-03-01,"DVN,LEU,FANG",combined_score_avg_accel_5m,4.330225453571207,-0.062086347381761,0.07453860605773947,5.0,avg_accel,avg_accel_5m,,0.3,DVN,4.789559938502371,0.03566388311783042,0.3124703300692069,LEU,4.444371819066328,-0.2381505525549874,-0.2381505525549874,FANG,3.7567446031449228,0.01622762729187399,0.14929604065899893
C_z_mom6m_plus_0.3_z_avg_accel_5m_top3,C_combined_score,2022-04,2022-04-01,"DVN,OXY,CF",combined_score_avg_accel_5m,4.008496059139024,-0.02114697967686426,0.14851446444154123,5.0,avg_accel,avg_accel_5m,,0.3,DVN,4.393207156010383,-0.03313998125967499,0.2672744038520105,OXY,3.859171844432865,0.0032695995057594462,0.2118395467492904,CF,3.7731091769738256,-0.03357055727667724,-0.03357055727667724
C_z_mom6m_plus_0.3_z_avg_accel_5m_top3,C_combined_score,2022-05,2022-05-02,"OXY,EQT,HAL",combined_score_avg_accel_5m,3.848554413221082,0.20973637382304458,0.20973637382304458,5.0,avg_accel,avg_accel_5m,,0.3,OXY,4.013982680364205,0.20789022945206215,0.20789022945206215,EQT,3.9942513833287476,0.2666893858823096,0.2666893858823096,HAL,3.537429175970293,0.154629506134762,0.154629506134762
C_z_mom6m_plus_0.3_z_avg_accel_5m_top3,C_combined_score,2022-06,2022-06-01,"EQT,OXY,VLO",combined_score_avg_accel_5m,3.575390196740017,-0.21243758426919293,-0.083871528817749,5.0,avg_accel,avg_accel_5m,,0.3,EQT,4.318739891283705,-0.3118472504767288,-0.06676933087658621,OXY,3.5208017843884387,-0.1401015861667264,-0.026852132967281173,VLO,2.8866289145479054,-0.18536391616412362,-0.1579931226093796
C_z_mom6m_plus_0.3_z_avg_accel_5m_top3,C_combined_score,2022-07,2022-07-01,"EQT,OXY,VLO",combined_score_avg_accel_5m,4.199528001048846,0.11286203336468088,0.17901327357624694,5.0,avg_accel,avg_accel_5m,,0.3,EQT,5.239561322745653,0.23460724174779646,0.3561388365736011,OXY,4.134403624823742,0.07925206623820924,0.13170096766965678,VLO,3.224619055577145,0.024726792108036966,0.04920001648548289
C_z_mom6m_plus_0.3_z_avg_accel_5m_top3,C_combined_score,2022-08,2022-08-01,"EQT,OXY,VLO",combined_score_avg_accel_5m,3.51690031737175,0.051897610505422964,0.13908491313980886,5.0,avg_accel,avg_accel_5m,,0.3,EQT,4.0118574346589035,0.09843745501910073,0.09843745501910073,OXY,3.7890077441849406,0.04859745287702899,0.13366238296690702,VLO,2.749835773271406,0.008657923620139174,0.18515490143341884
C_z_mom6m_plus_0.3_z_avg_accel_5m_top3,C_combined_score,2022-09,2022-09-01,"ENPH,EQT,TPL",combined_score_avg_accel_5m,4.585801756992083,-0.01243993893734959,0.14909910871727208,5.0,avg_accel,avg_accel_5m,,0.3,ENPH,5.358861134980211,0.016852338915988252,0.11402829886743038,EQT,4.829636280111469,-0.09846686202750843,-0.09846686202750843,TPL,3.568907855884569,0.04429470629947141,0.4317358893118943
C_z_mom6m_plus_0.3_z_avg_accel_5m_top3,C_combined_score,2022-10,2022-10-03,"FSLR,ENPH,SMCI",combined_score_avg_accel_5m,4.327815833148865,0.13050958351235686,0.3050510966559539,5.0,avg_accel,avg_accel_5m,,0.3,FSLR,4.644367277814367,0.08746898429311889,0.23364075032769205,ENPH,4.215052255825837,0.04490431699013886,0.09556545845686526,SMCI,4.124027965806392,0.25915544925381284,0.5859470811833045
C_z_mom6m_plus_0.3_z_avg_accel_5m_top3,C_combined_score,2022-11,2022-11-01,"FSLR,LEU,SMCI",combined_score_avg_accel_5m,4.211312395803176,0.06356731702904224,0.12434380456623972,5.0,avg_accel,avg_accel_5m,,0.3,FSLR,4.905348012920181,0.13441465287360677,0.21255963529267263,LEU,3.892230046313694,-0.20324509877777397,-0.0990606185852474,SMCI,3.8363591281756557,0.25953239699129393,0.25953239699129393
C_z_mom6m_plus_0.3_z_avg_accel_5m_top3,C_combined_score,2022-12,2022-12-01,"FSLR,LEU,SMCI",combined_score_avg_accel_5m,4.35092825928115,-0.10393297684121532,0.1556566181720848,5.0,avg_accel,avg_accel_5m,,0.3,FSLR,5.0322270229657695,-0.13409274798271897,0.16103002533987554,LEU,4.198602558795171,-0.104233639374545,0.17899250696141378,SMCI,3.8219551960825107,-0.07347254316638197,0.12694732221496507
C_z_mom6m_plus_0.3_z_avg_accel_5m_top3,C_combined_score,2023-01,2023-01-03,"FSLR,AXON,SMCI",combined_score_avg_accel_5m,4.727683184116712,0.12149670109734423,0.37477564257480994,5.0,avg_accel,avg_accel_5m,,0.3,FSLR,5.613939936886577,0.23441133947365245,0.42860080858824956,AXON,4.510319547869153,0.17920823176452783,0.3515810268972428,SMCI,4.058790067594407,-0.04912946794614759,0.3441450922389375
C_z_mom6m_plus_0.3_z_avg_accel_5m_top3,C_combined_score,2023-02,2023-02-01,"FSLR,AXON,SMCI",combined_score_avg_accel_5m,3.8525017133456525,0.1598776800284997,0.23902812237641916,5.0,avg_accel,avg_accel_5m,,0.3,FSLR,3.894140855965294,0.08620593563950107,0.15731341968828527,AXON,3.836110256977347,0.11426986359539337,0.14617672306678364,SMCI,3.827254027094316,0.27915724085060467,0.4135942243741886
C_z_mom6m_plus_0.3_z_avg_accel_5m_top3,C_combined_score,2023-03,2023-03-01,"RCL,AXON,SHOP",combined_score_avg_accel_5m,4.279256465337138,0.038754543390036846,0.21252612178353356,5.0,avg_accel,avg_accel_5m,,0.3,RCL,5.526545977877646,-0.10139862249942477,0.1640557956749542,AXON,3.911594670234736,0.028634768393032806,0.028634768393032806,SHOP,3.3996287478990306,0.1890274842765025,0.4448878012826136
C_z_mom6m_plus_0.3_z_avg_accel_5m_top3,C_combined_score,2023-04,2023-04-03,"RCL,NVDA,AXON",combined_score_avg_accel_5m,4.196340738037033,0.008730749953348623,0.35764589108878964,5.0,avg_accel,avg_accel_5m,,0.3,RCL,4.408174561772565,0.04249007067595589,0.6062253598483254,NVDA,4.199897545992886,0.03379233011518212,0.5168024643491358,AXON,3.980950106345647,-0.05009015093109215,-0.05009015093109215
C_z_mom6m_plus_0.3_z_avg_accel_5m_top3,C_combined_score,2023-05,2023-05-01,"NVDA,META,GE",combined_score_avg_accel_5m,4.068791130534236,0.1770543629388024,0.35190464910055047,5.0,avg_accel,avg_accel_5m,,0.3,NVDA,5.164377016031094,0.3756485795575497,0.608848580721099,META,3.6469761143036203,0.12102149666777628,0.32704190049707216,GE,3.3950202612679923,0.034493012591081174,0.11982346608348027
C_z_mom6m_plus_0.3_z_avg_accel_5m_top3,C_combined_score,2023-06,2023-06-01,"META,NVDA,CVNA",combined_score_avg_accel_5m,5.287041589554755,0.24955655715997294,0.8739992871356543,5.0,avg_accel,avg_accel_5m,,0.3,META,5.975449427836471,0.049191191267607515,0.18377917322878212,NVDA,5.2550897334632625,0.06656718044705556,0.21986432107046805,CVNA,4.630585607364528,0.6329112997652557,2.218354367107713
C_z_mom6m_plus_0.3_z_avg_accel_5m_top3,C_combined_score,2023-07,2023-07-03,"CVNA,SMCI,NVDA",combined_score_avg_accel_5m,7.822204089541414,0.451530101568455,0.48974481196172653,5.0,avg_accel,avg_accel_5m,,0.3,CVNA,11.587232522633693,0.9034883411463168,0.9709303056267522,SMCI,6.981363537656103,0.35457465551576983,0.35457465551576983,NVDA,4.898016208334447,0.09652730804327847,0.14372947474265763
C_z_mom6m_plus_0.3_z_avg_accel_5m_top3,C_combined_score,2023-08,2023-08-01,"CVNA,SMCI,PLTR",combined_score_avg_accel_5m,7.560527832554626,-0.12310285372093033,-0.10481424544427491,5.0,avg_accel,avg_accel_5m,,0.3,CVNA,11.91905354779784,0.03543072107277556,0.03543072107277556,SMCI,6.012339262966114,-0.16411899604166968,-0.14427067082551082,PLTR,4.7501906868999235,-0.24062028619389686,-0.20560278658008946
C_z_mom6m_plus_0.3_z_avg_accel_5m_top3,C_combined_score,2023-09,2023-09-01,"CVNA,SMCI,PLTR",combined_score_avg_accel_5m,9.133552843816325,-0.05275441773036219,0.043644358182396724,5.0,avg_accel,avg_accel_5m,,0.3,CVNA,11.746048522478244,-0.2281219424048233,-0.2281219424048233,SMCI,9.408885195465563,0.023745395722796214,0.023745395722796214,PLTR,6.245724813505171,0.04611329349094051,0.33530962122921726
C_z_mom6m_plus_0.3_z_avg_accel_5m_top3,C_combined_score,2023-10,2023-10-02,"CVNA,SMCI,APP",combined_score_avg_accel_5m,8.595980764815389,-0.1884785526600331,0.06110501328310743,5.0,avg_accel,avg_accel_5m,,0.3,CVNA,12.40554183448939,-0.33783439269138016,0.2450955779093309,SMCI,7.189282400353853,-0.12667037448307417,-0.011805013053182156,APP,6.193118059602925,-0.10093089080564499,-0.04997552500682645
C_z_mom6m_plus_0.3_z_avg_accel_5m_top3,C_combined_score,2023-11,2023-11-01,"CVNA,SMCI,APP",combined_score_avg_accel_5m,6.945250633915298,0.1551388474467789,0.7698042901238124,5.0,avg_accel,avg_accel_5m,,0.3,CVNA,10.009352465175445,0.3543670688439846,0.8803386406159583,SMCI,6.037469334104916,0.06881516273781463,1.3129979836253955,APP,4.788930102465537,0.04223431075853745,0.11607624613008327
C_z_mom6m_plus_0.3_z_avg_accel_5m_top3,C_combined_score,2023-12,2023-12-01,"CVNA,LEU,SMCI",combined_score_avg_accel_5m,5.41184085034828,0.17453976852753236,1.26388121341678,5.0,avg_accel,avg_accel_5m,,0.3,CVNA,8.729267481919374,0.388352304092062,1.3568180602074649,LEU,3.886234013248754,0.07659397657050082,0.07659397657050082,SMCI,3.6200210558767116,0.058673024920034234,2.3582316034723747
C_z_mom6m_plus_0.3_z_avg_accel_5m_top3,C_combined_score,2024-01,2024-01-02,"COIN,CVNA,LEU",combined_score_avg_accel_5m,4.2226229132781095,-0.11059880804650446,0.4529767753339811,5.0,avg_accel,avg_accel_5m,,0.3,COIN,4.994393941752867,-0.17803421127780872,0.607024431180218,CVNA,4.258540902190706,-0.12973200132464524,0.7759361063587848,LEU,3.414933895890755,-0.02403021153705942,-0.02403021153705942
C_z_mom6m_plus_0.3_z_avg_accel_5m_top3,C_combined_score,2024-02,2024-02-01,"COIN,MSTR,CRWD",combined_score_avg_accel_5m,4.309888866492376,0.5968224037028191,1.0911649243078212,5.0,avg_accel,avg_accel_5m,,0.3,COIN,5.397057822882896,0.595734851820529,0.9550989265361769,MSTR,4.298576143302781,1.1438588207412002,2.2508540033485804,CRWD,3.2340326332914486,0.05087353854672827,0.06754184303870558
C_z_mom6m_plus_0.3_z_avg_accel_5m_top3,C_combined_score,2024-03,2024-03-01,"SMCI,CRWD,COIN",combined_score_avg_accel_5m,3.5160466170036035,0.12882628141165045,0.12882628141165045,5.0,avg_accel,avg_accel_5m,,0.3,SMCI,4.154561033122318,0.1454145903034021,0.1454145903034021,CRWD,3.5602776460722962,0.015861379966830347,0.015861379966830347,COIN,2.833301171816196,0.22520287396471894,0.22520287396471894
C_z_mom6m_plus_0.3_z_avg_accel_5m_top3,C_combined_score,2024-04,2024-04-01,"SMCI,MSTR,COIN",combined_score_avg_accel_5m,7.296523774017007,-0.27552529554189714,-0.09893656541455238,5.0,avg_accel,avg_accel_5m,,0.3,SMCI,7.929789397963951,-0.2881453556578677,-0.2167766945326116,MSTR,7.827336423252315,-0.37175723688693996,-0.0057003475212275,COIN,6.132445500834752,-0.16667329408088383,-0.07433265418981805
C_z_mom6m_plus_0.3_z_avg_accel_5m_top3,C_combined_score,2024-05,2024-05-01,"MSTR,SMCI,COIN",combined_score_avg_accel_5m,8.063977164516787,0.24259619697295967,0.264578299011416,5.0,avg_accel,avg_accel_5m,,0.3,MSTR,9.847893938258359,0.582667896645291,0.582667896645291,SMCI,8.12228302254823,0.04373555731780132,0.10025735126194513,COIN,6.221754532743775,0.10138513695578677,0.11080964912701186
C_z_mom6m_plus_0.3_z_avg_accel_5m_top3,C_combined_score,2024-06,2024-06-03,"SMCI,CVNA,MSTR",combined_score_avg_accel_5m,7.549179606306019,0.0500246148980675,0.1545728481756988,5.0,avg_accel,avg_accel_5m,,0.3,SMCI,8.304776461355592,0.054153366288865135,0.054153366288865135,CVNA,7.51982982040243,0.25656836445624176,0.48059827837499136,MSTR,6.822932537160034,-0.1606478860509044,-0.07103310013676012
C_z_mom6m_plus_0.3_z_avg_accel_5m_top3,C_combined_score,2024-07,2024-07-01,"MSTR,CVNA,SMCI",combined_score_avg_accel_5m,7.5841579233202365,0.03753643760976514,0.1441096145427954,5.0,avg_accel,avg_accel_5m,,0.3,MSTR,9.217184260350033,0.10676661728117032,0.19102178156195126,CVNA,6.7952848968016495,0.17828708748026978,0.4137514539985796,SMCI,6.7400046128090265,-0.17244439193214467,-0.17244439193214467
C_z_mom6m_plus_0.3_z_avg_accel_5m_top3,C_combined_score,2024-08,2024-08-01,"MSTR,CVNA,ARM",combined_score_avg_accel_5m,5.444328528287191,-0.06206710712672973,0.41575271775001177,5.0,avg_accel,avg_accel_5m,,0.3,MSTR,5.93210127594353,-0.1909036195530026,0.519437013148633,CVNA,5.400220865487291,-0.013650065322653337,0.5634725824499975,ARM,5.0006634434307555,0.01835236349546676,0.16434855765140477
C_z_mom6m_plus_0.3_z_avg_accel_5m_top3,C_combined_score,2024-09,2024-09-03,"MSTR,CVNA,TPL",combined_score_avg_accel_5m,5.31612391498496,0.2227704584729425,1.23859247670001,5.0,avg_accel,avg_accel_5m,,0.3,MSTR,6.8863384894563495,0.3300359945004989,2.1090581159399773,CVNA,6.013624345494672,0.21644065403107549,0.7640465038319864,TPL,3.0484089100038583,0.12183472688725305,0.8426728103280665
C_z_mom6m_plus_0.3_z_avg_accel_5m_top3,C_combined_score,2024-10,2024-10-01,"MMM,NEM,TPL",combined_score_avg_accel_5m,2.9457196061822892,0.015554782531795505,0.15108851837045204,5.0,avg_accel,avg_accel_5m,,0.3,MMM,3.0311606838272116,-0.07179329734947681,-0.025268068370632224,NEM,2.9724173107234524,-0.16401921087438587,-0.16401921087438587,TPL,2.833580823996204,0.2824768558192492,0.6425528343563742
C_z_mom6m_plus_0.3_z_avg_accel_5m_top3,C_combined_score,2024-11,2024-11-01,"RKLB,APP,CVNA",combined_score_avg_accel_5m,3.9942273088621683,0.7702574241884053,0.9442323445678356,5.0,avg_accel,avg_accel_5m,,0.3,RKLB,5.755882332552462,1.1151489076420713,1.4851137452861187,APP,3.1404507060285187,1.0827371056093336,1.234697029103577,CVNA,3.086348888005525,0.11288625931381091,0.11288625931381091
C_z_mom6m_plus_0.3_z_avg_accel_5m_top3,C_combined_score,2024-12,2024-12-02,"LEU,RKLB,APP",combined_score_avg_accel_5m,5.69802107609907,-0.02175913280767139,0.08880859606554063,5.0,avg_accel,avg_accel_5m,,0.3,LEU,7.071621747662214,-0.10209770879488689,0.018552185723901493,RKLB,6.1604836426962075,0.03332636617444629,0.17491195835307738,APP,3.861957837938787,0.003493944197426435,0.07296164411964301
C_z_mom6m_plus_0.3_z_avg_accel_5m_top3,C_combined_score,2025-01,2025-01-02,"RKLB,APP,PLTR",combined_score_avg_accel_5m,8.078735782150074,0.10665231093202054,0.11081954243835801,5.0,avg_accel,avg_accel_5m,,0.3,RKLB,10.278587799742771,0.13701923885171485,0.13701923885171485,APP,8.474262132386976,0.06922582873957994,0.06922582873957994,PLTR,5.483357414320475,0.11371186520476684,0.12621355972377923
C_z_mom6m_plus_0.3_z_avg_accel_5m_top3,C_combined_score,2025-02,2025-02-03,"RKLB,APP,ALAB",combined_score_avg_accel_5m,8.169841105848707,-0.24320690304702686,-0.19733625052831405,5.0,avg_accel,avg_accel_5m,,0.3,RKLB,9.956933336206125,-0.342494700521053,-0.2205778191208413,APP,8.629806452154467,-0.07689362389390075,-0.07689362389390075,ALAB,5.92278352918553,-0.3102323847261268,-0.2945373085702001
C_z_mom6m_plus_0.3_z_avg_accel_5m_top3,C_combined_score,2025-03,2025-03-03,"RKLB,APP,ALAB",combined_score_avg_accel_5m,7.620658645882364,-0.09102695504278376,0.3299499452692562,5.0,avg_accel,avg_accel_5m,,0.3,RKLB,8.984212552967014,-0.02733120220001306,0.42550914249652516,APP,8.375265102094625,-0.16197303825227471,0.19140928447613836,ALAB,5.502498282585453,-0.0837766246760635,0.372931408835105
C_z_mom6m_plus_0.3_z_avg_accel_5m_top3,C_combined_score,2025-04,2025-04-01,"APP,RKLB,PLTR",combined_score_avg_accel_5m,6.572745004508648,0.19320092980625372,0.6241419429790587,5.0,avg_accel,avg_accel_5m,,0.3,APP,7.965489457976275,-0.011354870300838371,0.4216837152726276,RKLB,6.822531515816752,0.21873285422275934,0.8914601957349577,PLTR,4.930214039732918,0.3722248054968402,0.5592819179295907
C_z_mom6m_plus_0.3_z_avg_accel_5m_top3,C_combined_score,2025-05,2025-05-01,"PLTR,APP,RKLB",combined_score_avg_accel_5m,4.579742870908212,0.2589534804708409,0.5971351779271962,5.0,avg_accel,avg_accel_5m,,0.3,PLTR,4.747247141224748,0.13631666741734993,0.32762485648924655,APP,4.735888243581152,0.4380121568041677,0.4380121568041677,RKLB,4.2560932279187345,0.202531617191005,1.0257685204881741
C_z_mom6m_plus_0.3_z_avg_accel_5m_top3,C_combined_score,2025-06,2025-06-02,"PLTR,RKLB,MSTR",combined_score_avg_accel_5m,4.168253130200211,0.094356148553982,0.34874716664787936,5.0,avg_accel,avg_accel_5m,,0.3,PLTR,5.616510485588319,-0.010299914264645715,0.18971527056559334,RKLB,3.6436575727030536,0.2906015540875664,0.8537594235390193,MSTR,3.244591332309261,0.0027668058390253325,0.0027668058390253325
C_z_mom6m_plus_0.3_z_avg_accel_5m_top3,C_combined_score,2025-07,2025-07-01,"PLTR,NRG,LEU",combined_score_avg_accel_5m,3.4811433951958013,0.16434032348475477,0.4851834845604544,5.0,avg_accel,avg_accel_5m,,0.3,PLTR,3.7292459812393908,0.1805173930121562,0.41528931216812603,NRG,3.5622154798762424,0.07766276456499677,0.07766276456499677,LEU,3.1519687244717716,0.23484081287711134,0.9625983769482405
C_z_mom6m_plus_0.3_z_avg_accel_5m_top3,C_combined_score,2025-08,2025-08-01,"LEU,SEDG,NRG",combined_score_avg_accel_5m,4.527910869788723,0.02613171789165858,0.40048655086989027,5.0,avg_accel,avg_accel_5m,,0.3,LEU,6.231584345498902,-0.02131235252907482,0.6463782807073697,SEDG,3.9132092384273447,0.23405094435035845,0.5115459915891523,NRG,3.438939025439921,-0.1343434381463079,0.04353538031314885
C_z_mom6m_plus_0.3_z_avg_accel_5m_top3,C_combined_score,2025-09,2025-09-02,"LEU,UUUU,SEDG",combined_score_avg_accel_5m,5.610941708009817,0.4105838542242303,0.4913323691732845,5.0,avg_accel,avg_accel_5m,,0.3,LEU,7.613637302253123,0.62396383512066,0.6822305716863362,UUUU,4.723699695685579,0.38292258036406346,0.5669013886455498,SEDG,4.495488126090748,0.22486514718796746,0.22486514718796746
C_z_mom6m_plus_0.3_z_avg_accel_5m_top3,C_combined_score,2025-10,2025-10-01,"ECHO,UUUU,LEU",combined_score_avg_accel_5m,6.668554264454445,0.03898863722878151,0.19332824963378678,5.0,avg_accel,avg_accel_5m,,0.3,ECHO,7.335989122921029,-0.051949650986389595,0.4110691862286262,UUUU,6.600906644310327,0.1330362313073612,0.1330362313073612,LEU,6.06876702613198,0.03587933136537291,0.03587933136537291
C_z_mom6m_plus_0.3_z_avg_accel_5m_top3,C_combined_score,2025-11,2025-11-03,"ECHO,LEU,UUUU",combined_score_avg_accel_5m,6.997172099505023,-0.1693820251563326,0.17373072943090082,5.0,avg_accel,avg_accel_5m,,0.3,ECHO,7.408425959173622,-0.031444907260395616,0.5463712193780337,LEU,7.200794478104766,-0.2671506231462031,-0.20551617318688264,UUUU,6.382295861236681,-0.20955054506239912,0.18033714210155138
C_z_mom6m_plus_0.3_z_avg_accel_5m_top3,C_combined_score,2025-12,2025-12-01,"ECHO,PLUG,LEU",combined_score_avg_accel_5m,6.507349005664575,0.26075772734616104,0.2904380926429648,5.0,avg_accel,avg_accel_5m,,0.3,ECHO,7.321007741205056,0.5367123329476133,0.6257534288380244,PLUG,6.3570328593588314,0.16145836922805823,0.16145836922805823,LEU,5.8440064164298375,0.08410247986281161,0.08410247986281161
C_z_mom6m_plus_0.3_z_avg_accel_5m_top3,C_combined_score,2026-01,2026-01-02,"ECHO,PLUG,CIEN",combined_score_avg_accel_5m,6.270204265483472,0.02094908609657072,0.25739736389183765,5.0,avg_accel,avg_accel_5m,,0.3,ECHO,8.976331064457627,0.03895527486801398,0.07505792606560391,PLUG,5.2487051236190885,-0.06726461618137258,0.00896860123562826,CIEN,4.585576608373702,0.09115659960307076,0.6881655643742808
C_z_mom6m_plus_0.3_z_avg_accel_5m_top3,C_combined_score,2026-02,2026-02-02,"ECHO,CIEN,MU",combined_score_avg_accel_5m,6.174756316214449,0.09278471715065077,0.4298664050850147,5.0,avg_accel,avg_accel_5m,,0.3,ECHO,7.862577566636653,0.018275394231196174,0.0568854318302654,CIEN,5.524544612481108,0.3174793245645542,0.9937055290592733,MU,5.137146769525586,-0.05740056734379806,0.23900825436550543
C_z_mom6m_plus_0.3_z_avg_accel_5m_top3,C_combined_score,2026-03,2026-03-02,"MU,ECHO,CIEN",combined_score_avg_accel_5m,5.755495798095552,0.027418779650341712,0.731420730637126,5.0,avg_accel,avg_accel_5m,,0.3,MU,6.398187277497025,-0.10823535017034125,1.510322902206923,ECHO,6.059998527082734,0.016177942062758577,0.07364339266342568,CIEN,4.808301589706897,0.1743137470586078,0.6102958970410295
C_z_mom6m_plus_0.3_z_avg_accel_6m_top3,C_combined_score,2016-01,2016-01-04,"AMZN,NVDA,GOOG",combined_score_avg_accel_6m,2.8061583571173494,-0.05958692750519593,0.024704698743910236,6.0,avg_accel,avg_accel_6m,,0.3,AMZN,2.864113581335918,-0.09761538157961003,-0.060424853747184426,NVDA,2.839414130564917,-0.09484083753346129,0.12084351338143162,GOOG,2.714947359451213,0.013695436597483512,0.013695436597483512
C_z_mom6m_plus_0.3_z_avg_accel_6m_top3,C_combined_score,2016-02,2016-02-01,"NVDA,FSLR,LDOS",combined_score_avg_accel_6m,3.102422492618276,0.03066074087219243,0.1232439569521075,6.0,avg_accel,avg_accel_6m,,0.3,NVDA,3.53862476603997,0.12181975252068455,0.23828334270754992,FSLR,3.168937631650704,-0.0015912138683923382,-0.0015912138683923382,LDOS,2.599705080164154,-0.028246316035714925,0.13303974201716495
C_z_mom6m_plus_0.3_z_avg_accel_6m_top3,C_combined_score,2016-03,2016-03-01,"FSLR,NVDA,KLAC",combined_score_avg_accel_6m,3.2983436492642433,0.04683549562539091,0.15961453126342132,6.0,avg_accel,avg_accel_6m,,0.3,FSLR,4.0773264681210115,-0.022312277036129258,-0.022312277036129258,NVDA,3.0699559505065497,0.10381666923333821,0.43302494321006435,KLAC,2.747748529165168,0.05900209467896378,0.06813092761632888
C_z_mom6m_plus_0.3_z_avg_accel_6m_top3,C_combined_score,2016-04,2016-04-01,"NEM,FSLR,TRMB",combined_score_avg_accel_6m,3.272816301319375,0.019376945129282636,0.11668810353806436,6.0,avg_accel,avg_accel_6m,,0.3,NEM,3.4083423995978444,0.29000800387293624,0.5164724395943971,FSLR,3.238633914331139,-0.18716663092036978,-0.18716663092036978,TRMB,3.1714725900291407,-0.044710537564718544,0.020758501940165708
C_z_mom6m_plus_0.3_z_avg_accel_6m_top3,C_combined_score,2016-05,2016-05-02,"LEU,NEM,AMD",combined_score_avg_accel_6m,6.242504793487247,0.03013594845344632,0.38204787744727176,6.0,avg_accel,avg_accel_6m,,0.3,LEU,11.582704274004332,-0.04516124864274451,0.08387096724574694,NEM,3.6384655131912367,-0.0489228356874053,0.286871635803541,AMD,3.5063445932661716,0.18449192969048878,0.7754010292925273
C_z_mom6m_plus_0.3_z_avg_accel_6m_top3,C_combined_score,2016-06,2016-06-01,"LEU,NEM,AMD",combined_score_avg_accel_6m,7.054247298557151,0.17187571826198678,0.39821406957207955,6.0,avg_accel,avg_accel_6m,,0.3,LEU,11.238099090037494,0.13513508506549265,0.18243241719384562,NEM,5.072716769157463,0.236022460663446,0.3530675365690721,AMD,4.851926036476496,0.14446960905702166,0.659142254953321
C_z_mom6m_plus_0.3_z_avg_accel_6m_top3,C_combined_score,2016-07,2016-07-01,"LEU,AMD,FCX",combined_score_avg_accel_6m,7.463418192241889,0.11755887016401083,0.2336831146926107,6.0,avg_accel,avg_accel_6m,,0.3,LEU,12.73993178565744,-0.05654756688510587,0.1517857161863727,AMD,4.981777817509938,0.3096646236029119,0.4497040741172329,FCX,4.668544973558289,0.09955955377422643,0.09955955377422643
C_z_mom6m_plus_0.3_z_avg_accel_6m_top3,C_combined_score,2016-08,2016-08-01,"LEU,FCX,TRGP",combined_score_avg_accel_6m,7.5263214076903004,0.03610646579018806,0.15754337058955503,6.0,avg_accel,avg_accel_6m,,0.3,LEU,12.605743867473441,0.10410091979930125,0.24921133843524013,FCX,5.44041801737513,-0.17067321588982265,-0.1065706289991537,TRGP,4.532802338222328,0.17489169346108557,0.3299894023325787
C_z_mom6m_plus_0.3_z_avg_accel_6m_top3,C_combined_score,2016-09,2016-09-01,"LEU,FCX,AMD",combined_score_avg_accel_6m,8.373112548800037,0.028047564545156112,0.4464617213994066,6.0,avg_accel,avg_accel_6m,,0.3,LEU,12.011511378054655,0.10571425301688064,0.7457143238612585,FCX,6.559844801090539,0.032850223007362844,0.4521741801758241,AMD,6.547981467254919,-0.05442178238877515,0.14149666016113716
C_z_mom6m_plus_0.3_z_avg_accel_6m_top3,C_combined_score,2016-10,2016-10-03,"LEU,AMD,DVN",combined_score_avg_accel_6m,7.5352532580990355,-0.03462845219429952,0.5628079906576954,6.0,avg_accel,avg_accel_6m,,0.3,LEU,9.94009949633654,0.023255854069589743,0.9612404075023369,AMD,7.167940824831734,0.020143934843871225,0.6446044055912483,DVN,5.497719453128832,-0.14728514549635952,0.08257915887950085
C_z_mom6m_plus_0.3_z_avg_accel_6m_top3,C_combined_score,2016-11,2016-11-01,"WMB,AMD,TRGP",combined_score_avg_accel_6m,5.626850958851596,0.13820808279996463,0.39153618945977725,6.0,avg_accel,avg_accel_6m,,0.3,WMB,6.076951681908257,0.05075258563827578,0.1082158450850983,AMD,6.027183085616096,0.18335686357642111,0.7009873286412738,TRGP,4.776418109030433,0.18051479918519697,0.3654053946529596
C_z_mom6m_plus_0.3_z_avg_accel_6m_top3,C_combined_score,2016-12,2016-12-01,"NVDA,DHR,TPL",combined_score_avg_accel_6m,4.703263778252229,0.06974229053115118,0.1749809810129818,6.0,avg_accel,avg_accel_6m,,0.3,NVDA,4.889648380923409,0.16396626264570147,0.30020460957727657,DHR,4.710885056598004,0.024476033905480588,0.13475208445868891,TPL,4.509257897235273,0.02078457504227149,0.08998624900297991
C_z_mom6m_plus_0.3_z_avg_accel_6m_top3,C_combined_score,2017-01,2017-01-03,"NVDA,DHR,AMD",combined_score_avg_accel_6m,3.809302606735725,0.07752861905605424,0.17784147510436799,6.0,avg_accel,avg_accel_6m,,0.3,NVDA,3.9431952576845597,0.11704664585544333,0.11704664585544333,DHR,3.805670286302413,0.06042109253579864,0.10764141561498208,AMD,3.6790422762202013,0.055118118776920744,0.30883636384267854
C_z_mom6m_plus_0.3_z_avg_accel_6m_top3,C_combined_score,2017-02,2017-02-01,"NVDA,AMD,CFG",combined_score_avg_accel_6m,3.8762957160710805,0.07620679290268484,0.09257956141077754,6.0,avg_accel,avg_accel_6m,,0.3,NVDA,4.108982420739375,-0.09679887015444,-0.047680564630161903,AMD,3.8496331281621186,0.24046430494423188,0.24046430494423188,CFG,3.670271599311749,0.08495494391826264,0.08495494391826264
C_z_mom6m_plus_0.3_z_avg_accel_6m_top3,C_combined_score,2017-03,2017-03-01,"TPL,COHR,NVDA",combined_score_avg_accel_6m,4.039691772403254,-0.014046036549671034,0.1345776686639429,6.0,avg_accel,avg_accel_6m,,0.3,TPL,4.5482608368920765,-0.0498172608175137,0.04454069992128051,COHR,3.8282538577588645,-0.046703315705380444,-0.046703315705380444,NVDA,3.74256062255882,0.05438246687388104,0.40589562177592864
C_z_mom6m_plus_0.3_z_avg_accel_6m_top3,C_combined_score,2017-04,2017-04-03,"LEU,AMD,CSX",combined_score_avg_accel_6m,4.2746145337516905,-0.03777356270199287,-0.01435646385382261,6.0,avg_accel,avg_accel_6m,,0.3,LEU,4.885462056403634,-0.14922811268341052,-0.14922811268341052,AMD,4.058570927574419,-0.06967216078166893,-0.06967216078166893,CSX,3.879810617277017,0.10557958535910084,0.17583088190361162
C_z_mom6m_plus_0.3_z_avg_accel_6m_top3,C_combined_score,2017-05,2017-05-01,"AMD,NRG,LEU",combined_score_avg_accel_6m,4.4288712217115505,-0.07075534152783518,0.15324947307921508,6.0,avg_accel,avg_accel_6m,,0.3,AMD,5.1447931936045395,-0.19750364192259917,0.006607940774163712,NRG,4.496085236678456,0.005398888279310787,0.4733017494036986,LEU,3.6457352348516543,-0.020161270940217135,-0.020161270940217135
C_z_mom6m_plus_0.3_z_avg_accel_6m_top3,C_combined_score,2017-06,2017-06-01,"PLUG,SHOP,AMD",combined_score_avg_accel_6m,4.360331090239135,0.04471553347362626,0.22757036949446707,6.0,avg_accel,avg_accel_6m,,0.3,PLUG,4.750646087571433,0.10215050352144872,0.24193544355565155,SHOP,4.261813988487313,-0.07962323331932353,0.18642985931466516,AMD,4.068533194658655,0.11161933021875359,0.2543458056130845
C_z_mom6m_plus_0.3_z_avg_accel_6m_top3,C_combined_score,2017-07,2017-07-03,"SHOP,TSLA,MELI",combined_score_avg_accel_6m,4.298072138599703,0.08963039162351653,0.1813300918708413,6.0,avg_accel,avg_accel_6m,,0.3,SHOP,5.335996919823991,0.2102325035701793,0.3837208244979846,TSLA,3.906054966393038,-0.0937269421195781,0.00788383769459089,MELI,3.65216452958208,0.15238561341994838,0.15238561341994838
C_z_mom6m_plus_0.3_z_avg_accel_6m_top3,C_combined_score,2017-08,2017-08-01,"PLUG,SHOP,VRTX",combined_score_avg_accel_6m,4.902942785171206,0.02406737592072165,0.14104611480373683,6.0,avg_accel,avg_accel_6m,,0.3,PLUG,6.027103290072738,-0.051948003693320643,0.22077922211963008,SHOP,4.758975080251201,0.06514224160561843,0.14335123244171322,VRTX,3.9227499851896788,0.05900788984986716,0.05900788984986716
C_z_mom6m_plus_0.3_z_avg_accel_6m_top3,C_combined_score,2017-09,2017-09-01,"PLUG,SHOP,SEDG",combined_score_avg_accel_6m,5.866595937409169,0.1313161366454978,0.21666196491843395,6.0,avg_accel,avg_accel_6m,,0.3,PLUG,8.104474748441486,0.25570772974786626,0.2876711687496176,SHOP,4.879944828228347,0.07342586537381224,0.07342586537381224,SEDG,4.615368235557675,0.06481481481481488,0.288888860631872
C_z_mom6m_plus_0.3_z_avg_accel_6m_top3,C_combined_score,2017-10,2017-10-02,"PLUG,SEDG,SHOP",combined_score_avg_accel_6m,5.574563146713157,-0.007844486200205688,0.07846778473748899,6.0,avg_accel,avg_accel_6m,,0.3,PLUG,7.417757533150133,0.02545452117919922,0.02545452117919922,SEDG,5.092430711450604,0.142608642578125,0.32347823433254086,SHOP,4.213501195538734,-0.19159662235794128,-0.11352940129927314
C_z_mom6m_plus_0.3_z_avg_accel_6m_top3,C_combined_score,2017-11,2017-11-01,"PLUG,FSLR,SEDG",combined_score_avg_accel_6m,5.490043624251148,0.0011477454088203072,0.0931482532176758,6.0,avg_accel,avg_accel_6m,,0.3,PLUG,6.5391022254074755,-0.10992906032556649,-0.10992906032556649,FSLR,5.36975642746116,0.05401153997617425,0.23107850781789585,SEDG,4.56127221988481,0.05936075657585316,0.15829531216069803
C_z_mom6m_plus_0.3_z_avg_accel_6m_top3,C_combined_score,2017-12,2017-12-01,"SEDG,FSLR,NVDA",combined_score_avg_accel_6m,4.761561850675729,0.08994397978947588,0.27188007226089783,6.0,avg_accel,avg_accel_6m,,0.3,SEDG,4.969754850826237,0.09339080664515897,0.43103449220842593,FSLR,4.850664137737162,0.16799338633970184,0.16799338633970184,NVDA,4.464266563463789,0.008447746383566823,0.21661233823456572
C_z_mom6m_plus_0.3_z_avg_accel_6m_top3,C_combined_score,2018-01,2018-01-02,"ENPH,SEDG,IBKR",combined_score_avg_accel_6m,6.335934549810268,-0.03769833153783627,0.42612121127740354,6.0,avg_accel,avg_accel_6m,,0.3,ENPH,12.35915820788319,-0.16538455542727826,0.7346155362721787,SEDG,3.5602990725689985,-0.06964514492290852,0.421813391823354,IBKR,3.0883463689786153,0.12193470573667797,0.12193470573667797
C_z_mom6m_plus_0.3_z_avg_accel_6m_top3,C_combined_score,2018-02,2018-02-01,"ENPH,FCX,SEDG",combined_score_avg_accel_6m,6.161560937672675,0.29511283447117564,0.519934302428801,6.0,avg_accel,avg_accel_6m,,0.3,ENPH,11.561944813833215,0.5253455421220792,1.0783410462290313,FCX,3.574379919749086,-0.046786617535819475,-0.046786617535819475,SEDG,3.3483580794357235,0.40677957882726723,0.5282484785931911
C_z_mom6m_plus_0.3_z_avg_accel_6m_top3,C_combined_score,2018-03,2018-03-01,"ENPH,ANET,GWW",combined_score_avg_accel_6m,5.350166489103906,0.13512728339327543,0.3228153269771001,6.0,avg_accel,avg_accel_6m,,0.3,ENPH,9.371295766103467,0.3625378570534372,0.7462236585281175,ANET,3.460421253276072,-0.03900679970542087,0.0055724082210981685,GWW,3.2187824479321794,0.08185079283180996,0.21664991418208457
C_z_mom6m_plus_0.3_z_avg_accel_6m_top3,C_combined_score,2018-04,2018-04-02,"ENPH,AXON,SEDG",combined_score_avg_accel_6m,6.19478837642509,-0.025670184382125094,0.4160803957539186,6.0,avg_accel,avg_accel_6m,,0.3,ENPH,11.476199859138763,-0.09977832888355831,0.5831484488096834,AXON,3.820052146171755,0.05141840939296749,0.6540021228191464,SEDG,3.288113123964751,-0.028650633655784463,0.011090615632926015
C_z_mom6m_plus_0.3_z_avg_accel_6m_top3,C_combined_score,2018-05,2018-05-01,"ENPH,AXON,DXCM",combined_score_avg_accel_6m,6.644603775305406,0.41768745283179975,0.5827872039295762,6.0,avg_accel,avg_accel_6m,,0.3,ENPH,11.101735092892389,0.42364539193842177,0.7586206815553396,AXON,4.543064530418116,0.5731150491972823,0.6482775460256431,DXCM,4.289011702605714,0.2563019173596952,0.3414633842077457
C_z_mom6m_plus_0.3_z_avg_accel_6m_top3,C_combined_score,2018-06,2018-06-01,"ENPH,AXON,CMG",combined_score_avg_accel_6m,5.964885667062475,0.07718210978040063,0.13135021199503671,6.0,avg_accel,avg_accel_6m,,0.3,ENPH,8.740044160666663,0.2352940497077145,0.2352940497077145,AXON,4.81279126352827,-0.013323165481209154,0.07013773334788342,CMG,4.341821576992494,0.009575445114696546,0.08861885292951222
C_z_mom6m_plus_0.3_z_avg_accel_6m_top3,C_combined_score,2018-07,2018-07-02,"AXON,TKO,NFLX",combined_score_avg_accel_6m,5.705320295140319,-0.016848340196237266,0.10141420169952442,6.0,avg_accel,avg_accel_6m,,0.3,AXON,7.9619398417127645,0.06192763999488937,0.08458787711358084,TKO,4.904832840470642,0.03771065909775695,0.2617211101157546,NFLX,4.249188203237551,-0.15018331968135812,-0.04206638213076219
C_z_mom6m_plus_0.3_z_avg_accel_6m_top3,C_combined_score,2018-08,2018-08-01,"AXON,ENPH,CVNA",combined_score_avg_accel_6m,6.55846260446932,0.14522234493983607,0.14939647551530486,6.0,avg_accel,avg_accel_6m,,0.3,AXON,6.9743575400169275,0.021338777017613664,0.021338777017613664,ENPH,6.439438154221168,-0.12522366135861906,-0.11270126963221272,CVNA,6.261592119169866,0.5395519191605136,0.5395519191605136
C_z_mom6m_plus_0.3_z_avg_accel_6m_top3,C_combined_score,2018-09,2018-09-04,"AXON,CVNA,ENPH",combined_score_avg_accel_6m,6.4694099402240965,-0.05858594651042237,-0.00268954609799558,6.0,avg_accel,avg_accel_6m,,0.3,AXON,7.100176438153143,-0.04350316306543145,-0.04350316306543145,CVNA,6.531664824814643,-0.14656964038661902,-0.14656964038661902,ENPH,5.776388557704502,0.014314963920783352,0.18200416515806372
C_z_mom6m_plus_0.3_z_avg_accel_6m_top3,C_combined_score,2018-10,2018-10-01,"CVNA,AMD,DXCM",combined_score_avg_accel_6m,7.006681084654843,-0.18910426803390223,-0.15063374997366288,6.0,avg_accel,avg_accel_6m,,0.3,CVNA,8.362520797334543,-0.22759701378977826,-0.22759701378977826,AMD,6.4077988563469965,-0.35646087637630963,-0.24538513599935996,DXCM,6.249723600282988,0.016745086064381187,0.02108089986814954
C_z_mom6m_plus_0.3_z_avg_accel_6m_top3,C_combined_score,2018-11,2018-11-01,"AMD,TKO,CVNA",combined_score_avg_accel_6m,6.84062893809354,0.05464047864510457,0.10859473969724098,6.0,avg_accel,avg_accel_6m,,0.3,AMD,8.299486000924603,0.1726013793093042,0.21216622459002643,TKO,6.198963182089226,0.02578735788675446,0.14808529576244145,CVNA,6.02343763126679,-0.03446730126074493,-0.03446730126074493
C_z_mom6m_plus_0.3_z_avg_accel_6m_top3,C_combined_score,2018-12,2018-12-03,"AMD,MDB,CVNA",combined_score_avg_accel_6m,4.933883370228589,-0.1707758539654395,0.09239114949662823,6.0,avg_accel,avg_accel_6m,,0.3,AMD,5.230770473662769,-0.2058203015268123,0.03374108710670898,MDB,5.180547627320894,-0.059190470816579466,0.22570015942004384,CVNA,4.390332009702102,-0.2473167895529268,0.017732201963131855
C_z_mom6m_plus_0.3_z_avg_accel_6m_top3,C_combined_score,2019-01,2019-01-02,"AMD,UUUU,MDB",combined_score_avg_accel_6m,3.9411807398576997,0.17156755146411373,0.49834326079284263,6.0,avg_accel,avg_accel_6m,,0.3,AMD,4.331103412838389,0.3016463265103333,0.3998938245966537,UUUU,3.8807768550117787,0.053956869392500106,0.2446043430774778,MDB,3.6116619517229323,0.1590994584895078,0.8505316147043964
C_z_mom6m_plus_0.3_z_avg_accel_6m_top3,C_combined_score,2019-02,2019-02-01,"AMD,MDB,SBUX",combined_score_avg_accel_6m,3.4342154252989054,0.04526085826090168,0.2781543999074265,6.0,avg_accel,avg_accel_6m,,0.3,AMD,3.6505063536520277,-0.033863725661169575,0.09383921728202571,MDB,3.6372972304063924,0.1239884074694464,0.596525303459235,SBUX,3.014842691838297,0.04565789297442824,0.1440986789810188
C_z_mom6m_plus_0.3_z_avg_accel_6m_top3,C_combined_score,2019-03,2019-03-01,"MDB,CIEN,VEEV",combined_score_avg_accel_6m,3.4345997561515564,0.11931264801448331,0.18622655640981997,6.0,avg_accel,avg_accel_6m,,0.3,MDB,3.709515662777604,0.42041082705973865,0.42041082705973865,CIEN,3.3200613925856297,-0.11669780307864641,-0.10266603278694963,VEEV,3.2742222130914356,0.054224920062357684,0.24093487495667087
C_z_mom6m_plus_0.3_z_avg_accel_6m_top3,C_combined_score,2019-04,2019-04-01,"ENPH,ERIE,LEU",combined_score_avg_accel_6m,4.227501478804411,0.19580162342751617,0.5153028854260716,6.0,avg_accel,avg_accel_6m,,0.3,ENPH,6.095274878087032,0.4017277776896653,0.9762417694097951,ERIE,3.3888241204831364,0.049915473910719044,0.43390526818625563,LEU,3.1984054378430655,0.1357616186821642,0.1357616186821642
C_z_mom6m_plus_0.3_z_avg_accel_6m_top3,C_combined_score,2019-05,2019-05-01,"ENPH,ZS,MDB",combined_score_avg_accel_6m,4.5625548246145895,0.06615170509351538,0.570866896577622,6.0,avg_accel,avg_accel_6m,,0.3,ENPH,5.282201932276356,0.21032362035355612,1.3189523453776477,ZS,4.232348509860684,0.011032240851356123,0.28849938787280216,MDB,4.17311403170673,-0.022900745924366084,0.10514895648241618
C_z_mom6m_plus_0.3_z_avg_accel_6m_top3,C_combined_score,2019-06,2019-06-03,"ENPH,LEU,SMCI",combined_score_avg_accel_6m,5.654611793570503,0.05071031398903103,0.30108165105154866,6.0,avg_accel,avg_accel_6m,,0.3,ENPH,7.868856004323641,0.16486309310149871,0.9159771042890517,LEU,5.292677070447055,-0.011695895017748925,-0.011695895017748925,SMCI,3.802302305940812,-0.0010362561166566975,-0.0010362561166566975
C_z_mom6m_plus_0.3_z_avg_accel_6m_top3,C_combined_score,2019-07,2019-07-01,"ENPH,LEU,PLUG",combined_score_avg_accel_6m,5.505839640927192,0.17787479402351666,0.2866730237007924,6.0,avg_accel,avg_accel_6m,,0.3,ENPH,8.474826806109494,0.6448088325879386,0.6448088325879386,LEU,4.163330701507194,-0.07100591757714814,0.09467453325685127,PLUG,3.879361415164888,-0.04017853294024054,0.12053570525758728
C_z_mom6m_plus_0.3_z_avg_accel_6m_top3,C_combined_score,2019-08,2019-08-01,"ENPH,CVNA,LEU",combined_score_avg_accel_6m,5.773628582773011,0.06581747432631717,0.37425431962166655,6.0,avg_accel,avg_accel_6m,,0.3,ENPH,8.730422869408095,-0.07973420558518562,-0.07973420558518562,CVNA,4.328488351341313,0.2676324978674802,0.31714688466902907,LEU,4.261974527569623,0.009554130696656893,0.8853502797811561
C_z_mom6m_plus_0.3_z_avg_accel_6m_top3,C_combined_score,2019-09,2019-09-03,"ENPH,CVNA,SHOP",combined_score_avg_accel_6m,6.220069401071902,-0.18612589778179187,-0.061998691879150636,6.0,avg_accel,avg_accel_6m,,0.3,ENPH,10.250178513212099,-0.21624554200305202,-0.2032491304349623,CVNA,4.557329905438351,-0.15800049156988782,0.15548856225629648,SHOP,3.8526997845652575,-0.18413165977243573,-0.1382355074587861
C_z_mom6m_plus_0.3_z_avg_accel_6m_top3,C_combined_score,2019-10,2019-10-01,"ENPH,PODD,SEDG",combined_score_avg_accel_6m,5.352307045938095,-0.07752938915008474,0.2309935423780928,6.0,avg_accel,avg_accel_6m,,0.3,ENPH,7.543088950256054,-0.1326577283380186,0.3514510082855018,PODD,4.277328487421379,-0.1004115084422813,0.11711596051700535,SEDG,4.236503700136851,0.0004810693300456581,0.2244136583317713
C_z_mom6m_plus_0.3_z_avg_accel_6m_top3,C_combined_score,2019-11,2019-11-01,"ENPH,SEDG,PODD",combined_score_avg_accel_6m,5.613681915978941,0.13206772785052648,0.43408210951501863,6.0,avg_accel,avg_accel_6m,,0.3,ENPH,6.330429891847331,0.17206584090524424,0.7482739406440804,SEDG,5.9419223587490215,-0.0176704072311874,0.22382491370044444,PODD,4.5686934973404725,0.24180774987752263,0.33014747420053103
C_z_mom6m_plus_0.3_z_avg_accel_6m_top3,C_combined_score,2019-12,2019-12-02,"SEDG,PODD,LEU",combined_score_avg_accel_6m,4.1275065876816015,0.12613881403034524,0.3930793995425553,6.0,avg_accel,avg_accel_6m,,0.3,SEDG,4.275561377352751,0.24583940330144038,0.5748898069722135,PODD,4.053576986248642,-0.06668493694907107,0.07113800371411849,LEU,4.053381399443411,0.19926197573866644,0.5332103879413339
C_z_mom6m_plus_0.3_z_avg_accel_6m_top3,C_combined_score,2020-01,2020-01-02,"TSLA,DXCM,BLDR",combined_score_avg_accel_6m,4.2728990031674625,0.287891770501628,0.3617970392375212,6.0,avg_accel,avg_accel_6m,,0.3,TSLA,4.948721672446244,0.8128573411078648,0.8128573411078648,DXCM,4.432221985430651,0.08072746403911513,0.30244327024679474,BLDR,3.437753351625493,-0.02990949364209594,-0.02990949364209594
C_z_mom6m_plus_0.3_z_avg_accel_6m_top3,C_combined_score,2020-02,2020-02-03,"LEU,TSLA,AMD",combined_score_avg_accel_6m,4.833041610460771,0.0780255839761426,0.09482415374272075,6.0,avg_accel,avg_accel_6m,,0.3,LEU,5.860737309003475,0.2923795709904131,0.2923795709904131,TSLA,5.423056048204245,-0.04664098299466646,-0.04664098299466646,AMD,3.2153314741745946,-0.011661836067318854,0.038733873232415617
C_z_mom6m_plus_0.3_z_avg_accel_6m_top3,C_combined_score,2020-03,2020-03-02,"TSLA,LEU,PLUG",combined_score_avg_accel_6m,6.779672003651424,-0.3257039412602412,0.09762719014897987,6.0,avg_accel,avg_accel_6m,,0.3,TSLA,10.565152107843389,-0.35241120487373445,0.20774045142001563,LEU,5.72960492339673,-0.38387489446176903,0.10348972481964225,PLUG,4.044258979714154,-0.2408257244452202,-0.018348605792718242
C_z_mom6m_plus_0.3_z_avg_accel_6m_top3,C_combined_score,2020-04,2020-04-01,"TSLA,LEU,PLUG",combined_score_avg_accel_6m,7.273744790777955,0.3164113221782699,1.306926746527019,6.0,avg_accel,avg_accel_6m,,0.3,TSLA,9.695597046768071,0.45635015080435526,1.325006169890199,LEU,7.1233596957795235,0.3085937419964464,0.916015749782676,PLUG,5.002277629786271,0.18429007373400808,1.6797583199081823
C_z_mom6m_plus_0.3_z_avg_accel_6m_top3,C_combined_score,2020-05,2020-05-01,"TSLA,DXCM,ENPH",combined_score_avg_accel_6m,4.484218991395506,0.256445308851233,0.6105999774570184,6.0,avg_accel,avg_accel_6m,,0.3,TSLA,5.944385964910097,0.28058520999750747,1.1174357512021218,DXCM,3.9190556156844734,0.10886631643652023,0.29910408673025923,ENPH,3.5892153935919477,0.3798844001196713,0.4152600944386742
C_z_mom6m_plus_0.3_z_avg_accel_6m_top3,C_combined_score,2020-06,2020-06-01,"ENPH,TSLA,EQT",combined_score_avg_accel_6m,5.987148625196162,-0.0141316290898299,0.7275772561525296,6.0,avg_accel,avg_accel_6m,,0.3,ENPH,6.280642889872228,-0.17794904285487645,0.3188672701405213,TSLA,6.150553058194597,0.246665160920994,1.6447501455040907,EQT,5.530249927521659,-0.11111100533560725,0.21911435281297642
C_z_mom6m_plus_0.3_z_avg_accel_6m_top3,C_combined_score,2020-07,2020-07-01,"TSLA,ENPH,ZS",combined_score_avg_accel_6m,6.028711541512564,0.2543128618448085,0.7916899924238449,6.0,avg_accel,avg_accel_6m,,0.3,TSLA,6.4484628011988665,0.3263310504364707,1.1214598983019939,ENPH,6.38750483916408,0.24765587792658073,0.8245006039677982,ZS,5.250166984174747,0.18895165717137408,0.4291094750017428
C_z_mom6m_plus_0.3_z_avg_accel_6m_top3,C_combined_score,2020-08,2020-08-03,"PLUG,ZS,SHOP",combined_score_avg_accel_6m,5.708381336268572,0.2639687401296665,0.31273148303031073,6.0,avg_accel,avg_accel_6m,,0.3,PLUG,6.284942817986989,0.5425764574038652,0.6888646861057979,ZS,5.550015599160622,0.20199123856871215,0.20199123856871215,SHOP,5.290185591658104,0.04733852441642217,0.04733852441642217
C_z_mom6m_plus_0.3_z_avg_accel_6m_top3,C_combined_score,2020-09,2020-09-01,"EQT,PLUG,ZS",combined_score_avg_accel_6m,5.316464876832314,-0.09697143275658852,0.22508339099191974,6.0,avg_accel,avg_accel_6m,,0.3,EQT,6.448281994502753,-0.1871796046512999,-0.00833330606309124,PLUG,4.780851827714768,-0.00920029111026388,0.7317762997288337,ZS,4.720260808279422,-0.09453440250820178,-0.04819282068998332
C_z_mom6m_plus_0.3_z_avg_accel_6m_top3,C_combined_score,2020-10,2020-10-01,"PLUG,CVNA,EQT",combined_score_avg_accel_6m,5.5657597849499405,0.03401940950569863,0.5242045777902063,6.0,avg_accel,avg_accel_6m,,0.3,PLUG,6.184505471372276,0.10500001907348633,1.2978570120675221,CVNA,5.4134619530523125,-0.22297354617133602,0.05472496568815122,EQT,5.099311930425235,0.2200317556149456,0.2200317556149456
C_z_mom6m_plus_0.3_z_avg_accel_6m_top3,C_combined_score,2020-11,2020-11-02,"PLUG,CVNA,TSLA",combined_score_avg_accel_6m,5.821614425277517,0.4663985952598257,1.550813973605461,6.0,avg_accel,avg_accel_6m,,0.3,PLUG,6.171389859293049,0.5817710983177786,3.1273430751132247,CVNA,6.111256770111763,0.35738617455194155,0.4282471526369682,TSLA,5.182196646427736,0.46003851290975684,1.0968516930661902
C_z_mom6m_plus_0.3_z_avg_accel_6m_top3,C_combined_score,2020-12,2020-12-01,"PLUG,CVNA,TSLA",combined_score_avg_accel_6m,5.3213598427142115,0.1678268481517944,0.7625150816723986,6.0,avg_accel,avg_accel_6m,,0.3,PLUG,7.895885876590841,0.3146709878078564,1.6093175425336028,CVNA,4.1742234027403295,-0.05917254049973242,0.24206579680392082,TSLA,3.8939702488114656,0.24798209714725927,0.4361619056796717
C_z_mom6m_plus_0.3_z_avg_accel_6m_top3,C_combined_score,2021-01,2021-01-04,"PLUG,MSTR,TSLA",combined_score_avg_accel_6m,6.450877051976762,0.5426218883837878,0.6585462117696202,6.0,avg_accel,avg_accel_6m,,0.3,PLUG,9.129347132793557,0.9847684833180206,0.9847684833180206,MSTR,5.3819434528091925,0.4923099157639259,0.8400828859214236,TSLA,4.841340570327537,0.15078726606941673,0.15078726606941673
C_z_mom6m_plus_0.3_z_avg_accel_6m_top3,C_combined_score,2021-02,2021-02-01,"MSTR,PLUG,TSLA",combined_score_avg_accel_6m,5.974922610555402,-0.029958718090893715,-0.029958718090893715,6.0,avg_accel,avg_accel_6m,,0.3,MSTR,7.139764747562409,0.23304339566722643,0.23304339566722643,PLUG,5.466391333646097,-0.17838683886993179,-0.17838683886993179,TSLA,5.318611750457698,-0.14453271106997578,-0.14453271106997578
C_z_mom6m_plus_0.3_z_avg_accel_6m_top3,C_combined_score,2021-03,2021-03-01,"PLUG,MSTR,UUUU",combined_score_avg_accel_6m,7.5317962815063835,-0.09215530867034465,-0.015084030826094478,6.0,avg_accel,avg_accel_6m,,0.3,PLUG,9.434800581798484,-0.32786887272421594,-0.32786887272421594,MSTR,8.75104972900942,-0.10081284387317058,-0.10081284387317058,UUUU,4.409538533711247,0.1522157905863526,0.3834296241191031
C_z_mom6m_plus_0.3_z_avg_accel_6m_top3,C_combined_score,2021-04,2021-04-01,"MSTR,PLUG,UUUU",combined_score_avg_accel_6m,6.055919248395351,-0.10596932274621433,0.023486886642625326,6.0,avg_accel,avg_accel_6m,,0.3,MSTR,8.038954668323349,-0.09656606773890541,-0.07490482776389873,PLUG,5.341700457172463,-0.24475324933570064,-0.05530337609379088,UUUU,4.787102619690239,0.023411348835963075,0.2006688637855656
C_z_mom6m_plus_0.3_z_avg_accel_6m_top3,C_combined_score,2021-05,2021-05-03,"MSTR,UUUU,TPL",combined_score_avg_accel_6m,6.233134383753556,-0.04777919594211807,0.06782021029973502,6.0,avg_accel,avg_accel_6m,,0.3,MSTR,7.252574585272764,-0.24835592382056437,0.023976562315733974,UUUU,6.1187189409030385,0.17320260826813838,0.17320260826813838,TPL,5.328109625084865,-0.0681842722739282,0.006281460315332721
C_z_mom6m_plus_0.3_z_avg_accel_6m_top3,C_combined_score,2021-06,2021-06-01,"UUUU,MSTR,TPL",combined_score_avg_accel_6m,6.349188729016665,0.09912786966109659,0.13515712674477376,6.0,avg_accel,avg_accel_6m,,0.3,UUUU,7.34967220773671,-0.14484679480746898,-0.14484679480746898,MSTR,6.032643715760398,0.36231574859280347,0.470403519843835,TPL,5.665250263552888,0.07991465519795526,0.07991465519795526
C_z_mom6m_plus_0.3_z_avg_accel_6m_top3,C_combined_score,2021-07,2021-07-01,"UUUU,TPL,FANG",combined_score_avg_accel_6m,5.604360807786233,-0.1584781061600159,0.008096983156455129,6.0,avg_accel,avg_accel_6m,,0.3,UUUU,7.663997936287464,-0.16123775124523232,0.11074923777889256,TPL,5.217116237967004,-0.08477915176806738,-0.08477915176806738,FANG,3.9319682491042327,-0.229417415466748,-0.0016791365414597914
C_z_mom6m_plus_0.3_z_avg_accel_6m_top3,C_combined_score,2021-08,2021-08-02,"TPL,NUE,FANG",combined_score_avg_accel_6m,4.186728858248208,0.008971139341052758,0.1725626894069968,6.0,avg_accel,avg_accel_6m,,0.3,TPL,4.7154805227277645,-0.08384895949815152,-0.08384895949815152,NUE,3.962560290546736,0.13891047415047608,0.13891047415047608,FANG,3.8821457614701247,-0.028148096629166286,0.4626265535686658
C_z_mom6m_plus_0.3_z_avg_accel_6m_top3,C_combined_score,2021-09,2021-09-01,"NUE,FTNT,TPL",combined_score_avg_accel_6m,3.9710617683895753,-0.1076896337824323,-0.011582330389392418,6.0,avg_accel,avg_accel_6m,,0.3,NUE,4.914175139604302,-0.15675410124363143,-0.05684240572634447,FTNT,3.6991113478441857,-0.03394174087809165,0.050701824159114395,TPL,3.2998988177202393,-0.13237305922557385,-0.02860640960094718
C_z_mom6m_plus_0.3_z_avg_accel_6m_top3,C_combined_score,2021-10,2021-10-01,"NUE,BX,FTNT",combined_score_avg_accel_6m,3.5147225808840505,0.13466015845357462,0.15969705566661788,6.0,avg_accel,avg_accel_6m,,0.3,NUE,3.925006087582628,0.11848465040225897,0.1626637829368971,BX,3.4787061997599906,0.19787837100269412,0.1985749972336983,FTNT,3.140455455309533,0.08761745395577081,0.11785238682925825
C_z_mom6m_plus_0.3_z_avg_accel_6m_top3,C_combined_score,2021-11,2021-11-01,"DDOG,LEU,MDB",combined_score_avg_accel_6m,3.7067698094678363,-0.06619369730664885,-0.04567605052451795,6.0,avg_accel,avg_accel_6m,,0.3,DDOG,4.043388113371053,-0.004055679063694084,-0.004055679063694084,LEU,3.5943165077736228,-0.11147811866310575,-0.11147811866310575,MDB,3.4826048072588325,-0.08304729419314671,-0.021494353846754022
C_z_mom6m_plus_0.3_z_avg_accel_6m_top3,C_combined_score,2021-12,2021-12-01,"LEU,DDOG,ENPH",combined_score_avg_accel_6m,5.083737461835191,-0.08192823809438003,-0.08192823809438003,6.0,avg_accel,avg_accel_6m,,0.3,LEU,6.193935608301743,-0.020260226171844198,-0.020260226171844198,DDOG,4.816123765413854,-0.004254524727622333,-0.004254524727622333,ENPH,4.241153011789976,-0.22126996338367355,-0.22126996338367355
C_z_mom6m_plus_0.3_z_avg_accel_6m_top3,C_combined_score,2022-01,2022-01-03,"LEU,TSLA,AMD",combined_score_avg_accel_6m,5.026900905479665,-0.20860310346099675,-0.16600084109859617,6.0,avg_accel,avg_accel_6m,,0.3,LEU,6.456854385491389,-0.17928288611416876,-0.17928288611416876,TSLA,4.394922257271003,-0.2238160575856306,-0.09600927049842889,AMD,4.228926073676604,-0.22271036668319089,-0.22271036668319089
C_z_mom6m_plus_0.3_z_avg_accel_6m_top3,C_combined_score,2022-02,2022-02-01,"LEU,TSLA,BLDR",combined_score_avg_accel_6m,5.661815540647825,-0.01160670723037116,0.06721925749625568,6.0,avg_accel,avg_accel_6m,,0.3,LEU,6.678793524617898,-0.005085469591808889,-0.005085469591808889,TSLA,5.33729069464541,-0.07181745726121591,0.1646604369186646,BLDR,4.969362402680165,0.04208280516191132,0.04208280516191132
C_z_mom6m_plus_0.3_z_avg_accel_6m_top3,C_combined_score,2022-03,2022-03-01,"LEU,DVN,FANG",combined_score_avg_accel_6m,4.870266639900298,-0.062086347381761,0.07453860605773947,6.0,avg_accel,avg_accel_6m,,0.3,LEU,5.326919400945276,-0.2381505525549874,-0.2381505525549874,DVN,5.29703352785008,0.03566388311783042,0.3124703300692069,FANG,3.986846990905537,0.01622762729187399,0.14929604065899893
C_z_mom6m_plus_0.3_z_avg_accel_6m_top3,C_combined_score,2022-04,2022-04-01,"DVN,OXY,EOG",combined_score_avg_accel_6m,4.277835002787298,-0.019141265390983635,0.2163477395741289,6.0,avg_accel,avg_accel_6m,,0.3,DVN,4.629268650719473,-0.03313998125967499,0.2672744038520105,OXY,4.250264811056605,0.0032695995057594462,0.2118395467492904,EOG,3.953971546585818,-0.02755341441903536,0.16992926812108577
C_z_mom6m_plus_0.3_z_avg_accel_6m_top3,C_combined_score,2022-05,2022-05-02,"EQT,OXY,MOS",combined_score_avg_accel_6m,3.6320321728127403,0.13912734305371052,0.13912734305371052,6.0,avg_accel,avg_accel_6m,,0.3,EQT,3.7579793971503803,0.2666893858823096,0.2666893858823096,OXY,3.700697254241274,0.20789022945206215,0.20789022945206215,MOS,3.437419867046567,-0.05719758617324022,-0.05719758617324022
C_z_mom6m_plus_0.3_z_avg_accel_6m_top3,C_combined_score,2022-06,2022-06-01,"EQT,OXY,CF",combined_score_avg_accel_6m,3.597892078547572,-0.18635274171226926,-0.005688831235489207,6.0,avg_accel,avg_accel_6m,,0.3,EQT,4.348513079307693,-0.3118472504767288,-0.06676933087658621,OXY,3.3114017401676508,-0.1401015861667264,-0.026852132967281173,CF,3.1337614161673715,-0.10710938849335261,0.07655497013739976
C_z_mom6m_plus_0.3_z_avg_accel_6m_top3,C_combined_score,2022-07,2022-07-01,"EQT,OXY,VLO",combined_score_avg_accel_6m,4.331454259086225,0.11286203336468088,0.17901327357624694,6.0,avg_accel,avg_accel_6m,,0.3,EQT,5.124705972417212,0.23460724174779646,0.3561388365736011,OXY,4.427345934286734,0.07925206623820924,0.13170096766965678,VLO,3.4423108705547305,0.024726792108036966,0.04920001648548289
C_z_mom6m_plus_0.3_z_avg_accel_6m_top3,C_combined_score,2022-08,2022-08-01,"OXY,EQT,VLO",combined_score_avg_accel_6m,3.506897648803003,0.051897610505422964,0.13908491313980886,6.0,avg_accel,avg_accel_6m,,0.3,OXY,4.089111993457732,0.04859745287702899,0.13366238296690702,EQT,3.797173995717193,0.09843745501910073,0.09843745501910073,VLO,2.634406957234083,0.008657923620139174,0.18515490143341884
C_z_mom6m_plus_0.3_z_avg_accel_6m_top3,C_combined_score,2022-09,2022-09-01,"EQT,ENPH,TPL",combined_score_avg_accel_6m,4.912819930102757,-0.01243993893734959,0.14909910871727208,6.0,avg_accel,avg_accel_6m,,0.3,EQT,5.546179324309637,-0.09846686202750843,-0.09846686202750843,ENPH,5.269493704842436,0.016852338915988252,0.11402829886743038,TPL,3.9227867611562006,0.04429470629947141,0.4317358893118943
C_z_mom6m_plus_0.3_z_avg_accel_6m_top3,C_combined_score,2022-10,2022-10-03,"EQT,FSLR,SMCI",combined_score_avg_accel_6m,4.6508945397364165,0.10755748273254769,0.2724889181125237,6.0,avg_accel,avg_accel_6m,,0.3,EQT,4.952987763831219,-0.023951985349288663,-0.0021210771734255784,FSLR,4.757039342130669,0.08746898429311889,0.23364075032769205,SMCI,4.24265651324736,0.25915544925381284,0.5859470811833045
C_z_mom6m_plus_0.3_z_avg_accel_6m_top3,C_combined_score,2022-11,2022-11-01,"FSLR,SMCI,LEU",combined_score_avg_accel_6m,4.4537989267666775,0.06356731702904224,0.12434380456623972,6.0,avg_accel,avg_accel_6m,,0.3,FSLR,5.280520058644349,0.13441465287360677,0.21255963529267263,SMCI,4.130106030198564,0.25953239699129393,0.25953239699129393,LEU,3.9507706914571177,-0.20324509877777397,-0.0990606185852474
C_z_mom6m_plus_0.3_z_avg_accel_6m_top3,C_combined_score,2022-12,2022-12-01,"FSLR,LEU,ENPH",combined_score_avg_accel_6m,4.508302924782181,-0.14386888330317107,0.04891408991634668,6.0,avg_accel,avg_accel_6m,,0.3,FSLR,5.195768083458326,-0.13409274798271897,0.16103002533987554,LEU,4.294633037665566,-0.104233639374545,0.17899250696141378,ENPH,4.0345076532226525,-0.19328026255224928,-0.19328026255224928
C_z_mom6m_plus_0.3_z_avg_accel_6m_top3,C_combined_score,2023-01,2023-01-03,"FSLR,AXON,SMCI",combined_score_avg_accel_6m,4.756962470279223,0.12149670109734423,0.37477564257480994,6.0,avg_accel,avg_accel_6m,,0.3,FSLR,5.8746906193353094,0.23441133947365245,0.42860080858824956,AXON,4.286637936851507,0.17920823176452783,0.3515810268972428,SMCI,4.109558854650853,-0.04912946794614759,0.3441450922389375
C_z_mom6m_plus_0.3_z_avg_accel_6m_top3,C_combined_score,2023-02,2023-02-01,"FSLR,SMCI,AXON",combined_score_avg_accel_6m,4.437616968573065,0.1598776800284997,0.23902812237641916,6.0,avg_accel,avg_accel_6m,,0.3,FSLR,4.707245731008838,0.08620593563950107,0.15731341968828527,SMCI,4.642549636049185,0.27915724085060467,0.4135942243741886,AXON,3.963055538661174,0.11426986359539337,0.14617672306678364
C_z_mom6m_plus_0.3_z_avg_accel_6m_top3,C_combined_score,2023-03,2023-03-01,"RCL,AXON,CVNA",combined_score_avg_accel_6m,4.518371118199744,-0.01003836350270674,0.32199303542738617,6.0,avg_accel,avg_accel_6m,,0.3,RCL,5.481529116379524,-0.10139862249942477,0.1640557956749542,AXON,4.215101575738072,0.028634768393032806,0.028634768393032806,CVNA,3.8584826624816353,0.042648763598271744,0.7732885422141715
C_z_mom6m_plus_0.3_z_avg_accel_6m_top3,C_combined_score,2023-04,2023-04-03,"RCL,AXON,NVDA",combined_score_avg_accel_6m,4.596638166248961,0.008730749953348623,0.35764589108878964,6.0,avg_accel,avg_accel_6m,,0.3,RCL,4.949718488037363,0.04249007067595589,0.6062253598483254,AXON,4.528230937729891,-0.05009015093109215,-0.05009015093109215,NVDA,4.3119650729796275,0.03379233011518212,0.5168024643491358
C_z_mom6m_plus_0.3_z_avg_accel_6m_top3,C_combined_score,2023-05,2023-05-01,"NVDA,SHOP,RCL",combined_score_avg_accel_6m,4.379699738927518,0.2812412468766304,0.5465056804454267,6.0,avg_accel,avg_accel_6m,,0.3,NVDA,5.53019138035488,0.3756485795575497,0.608848580721099,SHOP,3.8611675104951177,0.2254653156226376,0.42660741729497276,RCL,3.747740325932556,0.24260984544970388,0.6040610433202083
C_z_mom6m_plus_0.3_z_avg_accel_6m_top3,C_combined_score,2023-06,2023-06-01,"META,NVDA,CVNA",combined_score_avg_accel_6m,5.11736254769412,0.24955655715997294,0.8739992871356543,6.0,avg_accel,avg_accel_6m,,0.3,META,6.516995594181472,0.049191191267607515,0.18377917322878212,NVDA,5.333423333197732,0.06656718044705556,0.21986432107046805,CVNA,3.501668715703156,0.6329112997652557,2.218354367107713
C_z_mom6m_plus_0.3_z_avg_accel_6m_top3,C_combined_score,2023-07,2023-07-03,"CVNA,SMCI,NVDA",combined_score_avg_accel_6m,7.74906286883964,0.451530101568455,0.48974481196172653,6.0,avg_accel,avg_accel_6m,,0.3,CVNA,12.07289040770981,0.9034883411463168,0.9709303056267522,SMCI,6.153126504433914,0.35457465551576983,0.35457465551576983,NVDA,5.021171694375193,0.09652730804327847,0.14372947474265763
C_z_mom6m_plus_0.3_z_avg_accel_6m_top3,C_combined_score,2023-08,2023-08-01,"CVNA,SMCI,TSLA",combined_score_avg_accel_6m,7.874712179689102,-0.06340146360868026,-0.04837124990356675,6.0,avg_accel,avg_accel_6m,,0.3,CVNA,13.12583948465745,0.03543072107277556,0.03543072107277556,SMCI,5.66301942025915,-0.16411899604166968,-0.14427067082551082,TSLA,4.8352776341507075,-0.06151611585714667,-0.03627379995796498
C_z_mom6m_plus_0.3_z_avg_accel_6m_top3,C_combined_score,2023-09,2023-09-01,"CVNA,SMCI,PLTR",combined_score_avg_accel_6m,8.999336658652242,-0.05275441773036219,0.043644358182396724,6.0,avg_accel,avg_accel_6m,,0.3,CVNA,11.711512610285407,-0.2281219424048233,-0.2281219424048233,SMCI,9.429342392708286,0.023745395722796214,0.023745395722796214,PLTR,5.85715497296303,0.04611329349094051,0.33530962122921726
C_z_mom6m_plus_0.3_z_avg_accel_6m_top3,C_combined_score,2023-10,2023-10-02,"CVNA,APP,SMCI",combined_score_avg_accel_6m,8.851347116145222,-0.1884785526600331,0.06110501328310743,6.0,avg_accel,avg_accel_6m,,0.3,CVNA,13.007305547219534,-0.33783439269138016,0.2450955779093309,APP,6.9204708857072,-0.10093089080564499,-0.04997552500682645,SMCI,6.6262649155089335,-0.12667037448307417,-0.011805013053182156
C_z_mom6m_plus_0.3_z_avg_accel_6m_top3,C_combined_score,2023-11,2023-11-01,"CVNA,SMCI,APP",combined_score_avg_accel_6m,8.324899231968107,0.1551388474467789,0.7698042901238124,6.0,avg_accel,avg_accel_6m,,0.3,CVNA,12.120065547997983,0.3543670688439846,0.8803386406159583,SMCI,7.056524555296393,0.06881516273781463,1.3129979836253955,APP,5.798107592609945,0.04223431075853745,0.11607624613008327
C_z_mom6m_plus_0.3_z_avg_accel_6m_top3,C_combined_score,2023-12,2023-12-01,"CVNA,SMCI,APP",combined_score_avg_accel_6m,6.231774685353926,0.15362716874953866,1.4475873460330027,6.0,avg_accel,avg_accel_6m,,0.3,CVNA,9.228104882520654,0.388352304092062,1.3568180602074649,SMCI,5.403339297447973,0.058673024920034234,2.3582316034723747,APP,4.063879876093152,0.013856177236519773,0.6277123744191686
C_z_mom6m_plus_0.3_z_avg_accel_6m_top3,C_combined_score,2024-01,2024-01-02,"CVNA,COIN,LEU",combined_score_avg_accel_6m,4.002649841687286,-0.11059880804650446,0.4529767753339811,6.0,avg_accel,avg_accel_6m,,0.3,CVNA,4.497665642818912,-0.12973200132464524,0.7759361063587848,COIN,4.316985277932122,-0.17803421127780872,0.607024431180218,LEU,3.1932986043108214,-0.02403021153705942,-0.02403021153705942
C_z_mom6m_plus_0.3_z_avg_accel_6m_top3,C_combined_score,2024-02,2024-02-01,"COIN,CVNA,MSTR",combined_score_avg_accel_6m,4.690010131362692,0.8967389168838981,1.417894653957438,6.0,avg_accel,avg_accel_6m,,0.3,COIN,5.361507516569574,0.595734851820529,0.9550989265361769,CVNA,4.6879008582139345,0.9506230780899649,1.0477310319875568,MSTR,4.020622019304568,1.1438588207412002,2.2508540033485804
C_z_mom6m_plus_0.3_z_avg_accel_6m_top3,C_combined_score,2024-03,2024-03-01,"SMCI,CRWD,COIN",combined_score_avg_accel_6m,3.5693942829322047,0.12882628141165045,0.12882628141165045,6.0,avg_accel,avg_accel_6m,,0.3,SMCI,4.017379739085729,0.1454145903034021,0.1454145903034021,CRWD,3.707306944358777,0.015861379966830347,0.015861379966830347,COIN,2.9834961653521095,0.22520287396471894,0.22520287396471894
C_z_mom6m_plus_0.3_z_avg_accel_6m_top3,C_combined_score,2024-04,2024-04-01,"MSTR,SMCI,COIN",combined_score_avg_accel_6m,6.995442069282968,-0.27552529554189714,-0.09893656541455238,6.0,avg_accel,avg_accel_6m,,0.3,MSTR,8.27384307413858,-0.37175723688693996,-0.0057003475212275,SMCI,6.504359971849509,-0.2881453556578677,-0.2167766945326116,COIN,6.208123161860813,-0.16667329408088383,-0.07433265418981805
C_z_mom6m_plus_0.3_z_avg_accel_6m_top3,C_combined_score,2024-05,2024-05-01,"MSTR,COIN,SMCI",combined_score_avg_accel_6m,7.577805993099589,0.24259619697295967,0.264578299011416,6.0,avg_accel,avg_accel_6m,,0.3,MSTR,10.004377376109183,0.582667896645291,0.582667896645291,COIN,6.3902910925248415,0.10138513695578677,0.11080964912701186,SMCI,6.338749510664743,0.04373555731780132,0.10025735126194513
C_z_mom6m_plus_0.3_z_avg_accel_6m_top3,C_combined_score,2024-06,2024-06-03,"SMCI,MSTR,CVNA",combined_score_avg_accel_6m,6.850897987288087,0.0500246148980675,0.1545728481756988,6.0,avg_accel,avg_accel_6m,,0.3,SMCI,7.545931430198836,0.054153366288865135,0.054153366288865135,MSTR,6.804170143193955,-0.1606478860509044,-0.07103310013676012,CVNA,6.202592388471469,0.25656836445624176,0.48059827837499136
C_z_mom6m_plus_0.3_z_avg_accel_6m_top3,C_combined_score,2024-07,2024-07-01,"MSTR,SMCI,CVNA",combined_score_avg_accel_6m,7.589500456000685,0.03753643760976514,0.1441096145427954,6.0,avg_accel,avg_accel_6m,,0.3,MSTR,9.163898271961626,0.10676661728117032,0.19102178156195126,SMCI,7.8636523682961945,-0.17244439193214467,-0.17244439193214467,CVNA,5.7409507277442335,0.17828708748026978,0.4137514539985796
C_z_mom6m_plus_0.3_z_avg_accel_6m_top3,C_combined_score,2024-08,2024-08-01,"MSTR,SMCI,CVNA",combined_score_avg_accel_6m,7.028410630072687,-0.1824592152926486,0.24669521153211357,6.0,avg_accel,avg_accel_6m,,0.3,MSTR,7.348959312732517,-0.1909036195530026,0.519437013148633,SMCI,7.093945626278525,-0.34282396100228985,-0.34282396100228985,CVNA,6.642326951207021,-0.013650065322653337,0.5634725824499975
C_z_mom6m_plus_0.3_z_avg_accel_6m_top3,C_combined_score,2024-09,2024-09-03,"MSTR,CVNA,ARM",combined_score_avg_accel_6m,6.6321856634343375,0.21540063754544025,1.0054899084656357,6.0,avg_accel,avg_accel_6m,,0.3,MSTR,8.26055457268772,0.3300359945004989,2.1090581159399773,CVNA,7.625613112404688,0.21644065403107549,0.7640465038319864,ARM,4.0103893052106026,0.09972526410474636,0.14336510562494298
C_z_mom6m_plus_0.3_z_avg_accel_6m_top3,C_combined_score,2024-10,2024-10-01,"MMM,NEM,TPL",combined_score_avg_accel_6m,3.098953640715237,0.015554782531795505,0.15108851837045204,6.0,avg_accel,avg_accel_6m,,0.3,MMM,3.252474705157646,-0.07179329734947681,-0.025268068370632224,NEM,3.111215742141902,-0.16401921087438587,-0.16401921087438587,TPL,2.933170474846162,0.2824768558192492,0.6425528343563742
C_z_mom6m_plus_0.3_z_avg_accel_6m_top3,C_combined_score,2024-11,2024-11-01,"RKLB,APP,ECHO",combined_score_avg_accel_6m,4.07407799793681,0.7396519078657263,0.9453664074599412,6.0,avg_accel,avg_accel_6m,,0.3,RKLB,5.503428729047574,1.1151489076420713,1.4851137452861187,APP,3.5096140200513526,1.0827371056093336,1.234697029103577,ECHO,3.209191244711503,0.021069710345774206,0.11628844799012761
C_z_mom6m_plus_0.3_z_avg_accel_6m_top3,C_combined_score,2024-12,2024-12-02,"LEU,RKLB,APP",combined_score_avg_accel_6m,5.807296871257162,-0.02175913280767139,0.08880859606554063,6.0,avg_accel,avg_accel_6m,,0.3,LEU,6.956405519485315,-0.10209770879488689,0.018552185723901493,RKLB,6.401975358083905,0.03332636617444629,0.17491195835307738,APP,4.063509736202267,0.003493944197426435,0.07296164411964301
C_z_mom6m_plus_0.3_z_avg_accel_6m_top3,C_combined_score,2025-01,2025-01-02,"RKLB,APP,PLTR",combined_score_avg_accel_6m,7.634774692649092,0.10665231093202054,0.11081954243835801,6.0,avg_accel,avg_accel_6m,,0.3,RKLB,10.248220445400618,0.13701923885171485,0.13701923885171485,APP,7.5804896769081,0.06922582873957994,0.06922582873957994,PLTR,5.075613955638559,0.11371186520476684,0.12621355972377923
C_z_mom6m_plus_0.3_z_avg_accel_6m_top3,C_combined_score,2025-02,2025-02-03,"RKLB,APP,PLTR",combined_score_avg_accel_6m,7.885673246544417,-0.14106989089043756,0.030052309825976103,6.0,avg_accel,avg_accel_6m,,0.3,RKLB,10.434569882739446,-0.342494700521053,-0.2205778191208413,APP,8.144520556777396,-0.07689362389390075,-0.07689362389390075,PLTR,5.077929300116411,-0.0038213482563589363,0.38762837249267035
C_z_mom6m_plus_0.3_z_avg_accel_6m_top3,C_combined_score,2025-03,2025-03-03,"RKLB,APP,PLTR",combined_score_avg_accel_6m,7.8900673752544135,-0.05806664099193859,0.399917411341995,6.0,avg_accel,avg_accel_6m,,0.3,RKLB,9.604346430902487,-0.02733120220001306,0.42550914249652516,APP,8.606049376088976,-0.16197303825227471,0.19140928447613836,PLTR,5.459806318771776,0.015104317476472007,0.5828338070533214
C_z_mom6m_plus_0.3_z_avg_accel_6m_top3,C_combined_score,2025-04,2025-04-01,"APP,RKLB,LEU",combined_score_avg_accel_6m,7.259455864611877,0.1008622054305383,0.9707603782624391,6.0,avg_accel,avg_accel_6m,,0.3,APP,8.355478251589096,-0.011354870300838371,0.4216837152726276,RKLB,7.5467689054566724,0.21873285422275934,0.8914601957349577,LEU,5.876120436789866,0.0952086323696939,1.5991372237797319
C_z_mom6m_plus_0.3_z_avg_accel_6m_top3,C_combined_score,2025-05,2025-05-01,"APP,RKLB,PLTR",combined_score_avg_accel_6m,5.752553387811122,0.2589534804708409,0.5971351779271962,6.0,avg_accel,avg_accel_6m,,0.3,APP,6.128872849541187,0.4380121568041677,0.4380121568041677,RKLB,5.710580638409506,0.202531617191005,1.0257685204881741,PLTR,5.418206675482671,0.13631666741734993,0.32762485648924655
C_z_mom6m_plus_0.3_z_avg_accel_6m_top3,C_combined_score,2025-06,2025-06-02,"PLTR,RKLB,MSTR",combined_score_avg_accel_6m,4.807343702904151,0.094356148553982,0.34874716664787936,6.0,avg_accel,avg_accel_6m,,0.3,PLTR,6.171461310784344,-0.010299914264645715,0.18971527056559334,RKLB,4.505874580016608,0.2906015540875664,0.8537594235390193,MSTR,3.7446952179115023,0.0027668058390253325,0.0027668058390253325
C_z_mom6m_plus_0.3_z_avg_accel_6m_top3,C_combined_score,2025-07,2025-07-01,"PLTR,NRG,LEU",combined_score_avg_accel_6m,3.6627482862824827,0.16434032348475477,0.4851834845604544,6.0,avg_accel,avg_accel_6m,,0.3,PLTR,3.901982223540216,0.1805173930121562,0.41528931216812603,NRG,3.6716653286016534,0.07766276456499677,0.07766276456499677,LEU,3.4145973067055793,0.23484081287711134,0.9625983769482405
C_z_mom6m_plus_0.3_z_avg_accel_6m_top3,C_combined_score,2025-08,2025-08-01,"LEU,SMCI,SEDG",combined_score_avg_accel_6m,4.457581785414324,-0.02242518208863653,0.3609629869178265,6.0,avg_accel,avg_accel_6m,,0.3,LEU,5.738995762272102,-0.02131235252907482,0.6463782807073697,SMCI,3.818059447958004,-0.2800141380871932,-0.07503531154304233,SEDG,3.815690146012865,0.23405094435035845,0.5115459915891523
C_z_mom6m_plus_0.3_z_avg_accel_6m_top3,C_combined_score,2025-09,2025-09-02,"LEU,SEDG,SMCI",combined_score_avg_accel_6m,5.235661790425553,0.37784246245242453,0.39726470797431657,6.0,avg_accel,avg_accel_6m,,0.3,LEU,5.769716637837487,0.62396383512066,0.6822305716863362,SEDG,5.121689514011237,0.22486514718796746,0.22486514718796746,SMCI,4.815579219427936,0.2846984050486461,0.2846984050486461
C_z_mom6m_plus_0.3_z_avg_accel_6m_top3,C_combined_score,2025-10,2025-10-01,"ECHO,UUUU,LEU",combined_score_avg_accel_6m,6.494024113223785,0.03898863722878151,0.19332824963378678,6.0,avg_accel,avg_accel_6m,,0.3,ECHO,7.210832526517265,-0.051949650986389595,0.4110691862286262,UUUU,6.767421348115601,0.1330362313073612,0.1330362313073612,LEU,5.5038184650384885,0.03587933136537291,0.03587933136537291
C_z_mom6m_plus_0.3_z_avg_accel_6m_top3,C_combined_score,2025-11,2025-11-03,"LEU,ECHO,UUUU",combined_score_avg_accel_6m,7.271801010362313,-0.1693820251563326,0.17373072943090082,6.0,avg_accel,avg_accel_6m,,0.3,LEU,8.185357929570529,-0.2671506231462031,-0.20551617318688264,ECHO,7.1113886746736235,-0.031444907260395616,0.5463712193780337,UUUU,6.518656426842785,-0.20955054506239912,0.18033714210155138
C_z_mom6m_plus_0.3_z_avg_accel_6m_top3,C_combined_score,2025-12,2025-12-01,"ECHO,PLUG,LEU",combined_score_avg_accel_6m,6.768934361356576,0.26075772734616104,0.2904380926429648,6.0,avg_accel,avg_accel_6m,,0.3,ECHO,7.024418907492435,0.5367123329476133,0.6257534288380244,PLUG,6.64889721723155,0.16145836922805823,0.16145836922805823,LEU,6.633486959345741,0.08410247986281161,0.08410247986281161
C_z_mom6m_plus_0.3_z_avg_accel_6m_top3,C_combined_score,2026-01,2026-01-02,"ECHO,PLUG,UUUU",combined_score_avg_accel_6m,6.86293225956766,0.07709432516742505,0.16170189622387135,6.0,avg_accel,avg_accel_6m,,0.3,ECHO,8.800118318608359,0.03895527486801398,0.07505792606560391,PLUG,6.218360848632086,-0.06726461618137258,0.00896860123562826,UUUU,5.570317611462535,0.2595923168156338,0.4010791613703819
C_z_mom6m_plus_0.3_z_avg_accel_6m_top3,C_combined_score,2026-02,2026-02-02,"ECHO,CIEN,UUUU",combined_score_avg_accel_6m,6.761986941829837,0.1493607365784634,0.3876394839430595,6.0,avg_accel,avg_accel_6m,,0.3,ECHO,9.271165948443837,0.018275394231196174,0.0568854318302654,CIEN,5.851401058720158,0.3174793245645542,0.9937055290592733,UUUU,5.163393818325515,0.1123274909396399,0.1123274909396399
C_z_mom6m_plus_0.3_z_avg_accel_6m_top3,C_combined_score,2026-03,2026-03-02,"ECHO,MU,CIEN",combined_score_avg_accel_6m,6.825519412273081,0.027418779650341712,0.731420730637126,6.0,avg_accel,avg_accel_6m,,0.3,ECHO,8.044803166479161,0.016177942062758577,0.07364339266342568,MU,7.062110129045375,-0.10823535017034125,1.510322902206923,CIEN,5.36964494129471,0.1743137470586078,0.6102958970410295
Pure_accel_2v2_4m_top3,Pure_acceleration,2016-01,2016-01-04,"SEDG,VTRS,MELI",accel_2v2_4m,0.13255776655152612,-0.03222949676310268,0.03379210150139219,4.0,recent2_minus_previous2_avg_accel,accel_2v2_4m,,,SEDG,0.14757156696935525,0.020357131958007812,0.020357131958007812,VTRS,0.1321980550151351,-0.01745511749699491,-0.01745511749699491,MELI,0.11790367767008803,-0.09959050475032094,0.09847429004316366
Pure_accel_2v2_4m_top3,Pure_acceleration,2016-02,2016-02-01,"SEDG,ANET,ENPH",accel_2v2_4m,0.12250432189683964,0.0333588120551838,0.05907898499240272,4.0,recent2_minus_previous2_avg_accel,accel_2v2_4m,,,SEDG,0.19583017254710028,-0.08925443697230795,-0.062303073094513994,ANET,0.09329469031511828,0.1684103919154165,0.1684103919154165,ENPH,0.07838810282830037,0.020920481222442833,0.07112963615630563
Pure_accel_2v2_4m_top3,Pure_acceleration,2016-03,2016-03-01,"ENPH,UUUU,TKO",accel_2v2_4m,0.0929431115441232,-0.025787027536260016,0.010894868323764332,4.0,recent2_minus_previous2_avg_accel,accel_2v2_4m,,,ENPH,0.1172223325132791,-0.02049178325562906,0.0491802798135097,UUUU,0.08302184289283218,-0.09126984952949213,-0.07539684867402374,TKO,0.07858515922625832,0.03440055017634114,0.05890117383180704
Pure_accel_2v2_4m_top3,Pure_acceleration,2016-04,2016-04-01,"LEU,CMG,KMI",accel_2v2_4m,0.08688525003926051,-0.11480603479723805,-0.07372041196328627,4.0,recent2_minus_previous2_avg_accel,accel_2v2_4m,,,LEU,0.09044871232094653,-0.3002257280458728,-0.24153498300339182,CMG,0.08977903486659813,-0.06736082871039661,-0.06736082871039661,KMI,0.08042800293023684,0.023168452364555225,0.08773457582392963
Pure_accel_2v2_4m_top3,Pure_acceleration,2016-05,2016-05-02,"LEU,FCX,BLDR",accel_2v2_4m,0.18958855586885115,-0.06926786662946212,0.046506534785790477,4.0,recent2_minus_previous2_avg_accel,accel_2v2_4m,,,LEU,0.31696761301261017,-0.04516124864274451,0.08387096724574694,FCX,0.17075046497850283,-0.21771229333910225,-0.0789667491068975,BLDR,0.08104758961544048,0.05506994209346039,0.13461538621852198
Pure_accel_2v2_4m_top3,Pure_acceleration,2016-06,2016-06-01,"LEU,DVN,TRGP",accel_2v2_4m,0.19312103187287755,0.050736062408746764,0.13767669639248825,4.0,recent2_minus_previous2_avg_accel,accel_2v2_4m,,,LEU,0.2703957087440097,0.13513508506549265,0.18243241719384562,DVN,0.18258918334270527,0.03773405920933515,0.21092050557138875,TRGP,0.12637820353191764,-0.020660957048587503,0.019677166412230385
Pure_accel_2v2_4m_top3,Pure_acceleration,2016-07,2016-07-01,"WMB,DVN,VRTX",accel_2v2_4m,0.11759887015206738,0.05797054188870735,0.2670576384985854,4.0,recent2_minus_previous2_avg_accel,accel_2v2_4m,,,WMB,0.13216605794559103,0.09581720076424238,0.5000746716299642,DVN,0.11524703891417085,-0.041121432622000076,0.18188238634191212,VRTX,0.1053835135964403,0.11921585752387975,0.11921585752387975
Pure_accel_2v2_4m_top3,Pure_acceleration,2016-08,2016-08-01,"VTRS,UUUU,ENPH",accel_2v2_4m,0.04840463990249581,-0.02216264698372757,-0.02216264698372757,4.0,recent2_minus_previous2_avg_accel,accel_2v2_4m,,,VTRS,0.048573193261142525,-0.10312394503810851,-0.10312394503810851,UUUU,0.048398056871710574,0.031111081441243416,0.031111081441243416,ENPH,0.04824266957463434,0.005524922645682384,0.005524922645682384
Pure_accel_2v2_4m_top3,Pure_acceleration,2016-09,2016-09-01,"SEDG,ENPH,FSLR",accel_2v2_4m,0.06061771315473147,-0.10712716703187335,-0.08562179388900366,4.0,recent2_minus_previous2_avg_accel,accel_2v2_4m,,,SEDG,0.06543374348661146,0.021390410694207995,0.021390410694207995,ENPH,0.06308481486541143,-0.34615383355776785,-0.34615383355776785,FSLR,0.0533345811121715,0.003381921767939833,0.06789804119654885
Pure_accel_2v2_4m_top3,Pure_acceleration,2016-10,2016-10-03,"SMCI,COHR,ZBRA",accel_2v2_4m,0.0680637181310233,0.010332820180225522,0.21923326885192443,4.0,recent2_minus_previous2_avg_accel,accel_2v2_4m,,,SMCI,0.07020691769959334,-0.02937420451016093,0.21115370639903674,COHR,0.06763479738094443,0.1081414926446298,0.21299343627369316,ZBRA,0.06634943931253211,-0.04776882759379231,0.2335526638830434
Pure_accel_2v2_4m_top3,Pure_acceleration,2016-11,2016-11-01,"LEU,XYZ,ZBRA",accel_2v2_4m,0.18007872868633898,0.28172591290493715,0.5031001196009628,4.0,recent2_minus_previous2_avg_accel,accel_2v2_4m,,,LEU,0.337688284660209,0.5429293117818994,0.9166666867355704,XYZ,0.12065613557928744,0.1481481832460696,0.297199643410222,ZBRA,0.0818917658195205,0.1541002436868424,0.295434028657096
Pure_accel_2v2_4m_top3,Pure_acceleration,2016-12,2016-12-01,"LEU,FCX,COP",accel_2v2_4m,0.1387492398119292,0.06954107025870467,0.137405431496154,4.0,recent2_minus_previous2_avg_accel,accel_2v2_4m,,,LEU,0.23193785440769527,0.24222585707575206,0.24222585707575206,FCX,0.11731344742536186,-0.083167176884685,0.12042590682766297,COP,0.06699641760273037,0.04956453058504695,0.04956453058504695
Pure_accel_2v2_4m_top3,Pure_acceleration,2017-01,2017-01-03,"NRG,KEY,RF",accel_2v2_4m,0.07900208844064245,0.10697088201180498,0.2310335429724287,4.0,recent2_minus_previous2_avg_accel,accel_2v2_4m,,,NRG,0.08322957822810868,0.3308821118138401,0.5255463736372055,KEY,0.08055471925811218,-0.012048421777362761,0.0649902345927027,RF,0.07322196783570649,0.0020789559989375928,0.10256402068737791
Pure_accel_2v2_4m_top3,Pure_acceleration,2017-02,2017-02-01,"UUUU,LEU,MCK",accel_2v2_4m,0.0839163718062455,0.03755546431583431,0.03755546431583431,4.0,recent2_minus_previous2_avg_accel,accel_2v2_4m,,,UUUU,0.09002203020989025,0.0047393322087359024,0.0047393322087359024,LEU,0.08732569315996673,0.04210530806776713,0.04210530806776713,MCK,0.07440139204887951,0.06582175267099988,0.06582175267099988
Pure_accel_2v2_4m_top3,Pure_acceleration,2017-03,2017-03-01,"DXCM,UUUU,DHR",accel_2v2_4m,0.112530916195269,0.0008175868602268895,0.003189746512530863,4.0,recent2_minus_previous2_avg_accel,accel_2v2_4m,,,DXCM,0.12880143701413727,0.03068614167842565,0.03068614167842565,UUUU,0.10748635625168018,-0.00943395377648304,-0.00943395377648304,DHR,0.10130495531998959,-0.01879942732126194,-0.011682948364350021
Pure_accel_2v2_4m_top3,Pure_acceleration,2017-04,2017-04-03,"DXCM,ENPH,DHR",accel_2v2_4m,0.10918201361554651,-0.06787402299485594,-0.05629238652036328,4.0,recent2_minus_previous2_avg_accel,accel_2v2_4m,,,DXCM,0.12091987959370577,-0.052042428046369715,-0.052042428046369715,ENPH,0.11072166369774424,-0.12408755948391248,-0.12408755948391248,DHR,0.09590449755518954,-0.02749208145428561,0.007252827969192355
Pure_accel_2v2_4m_top3,Pure_acceleration,2017-05,2017-05-01,"PLUG,SEDG,WMB",accel_2v2_4m,0.073046797791662,-0.031845892427461796,0.17009959624281032,4.0,recent2_minus_previous2_avg_accel,accel_2v2_4m,,,PLUG,0.09812898667247902,-0.19130432484055238,0.004347822030685622,SEDG,0.062292504198918214,0.16037743431373075,0.4654087922056378,WMB,0.05871890250358876,-0.06461078675556375,0.04054217449210751
Pure_accel_2v2_4m_top3,Pure_acceleration,2017-06,2017-06-01,"PLUG,TPL,AKAM",accel_2v2_4m,0.08290782386534497,0.06570468253615824,0.2297530298485023,4.0,recent2_minus_previous2_avg_accel,accel_2v2_4m,,,PLUG,0.16412966709259216,0.10215050352144872,0.24193544355565155,TPL,0.04930860453658445,0.05790348313874594,0.41026358504157523,AKAM,0.03528519996685828,0.03706006094828007,0.03706006094828007
Pure_accel_2v2_4m_top3,Pure_acceleration,2017-07,2017-07-03,"TGT,AXON,KEY",accel_2v2_4m,0.05833829735875535,0.006864014063953465,0.039555248687129306,4.0,recent2_minus_previous2_avg_accel,accel_2v2_4m,,,TGT,0.06560826162998681,0.07996228117733017,0.13112055738108963,AXON,0.05538207237053189,-0.011526192763810394,-0.011526192763810394,KEY,0.05402455807574735,-0.047844046221659386,-0.0009286185558913251
Pure_accel_2v2_4m_top3,Pure_acceleration,2017-08,2017-08-01,"LEU,NVDA,SYF",accel_2v2_4m,0.09791235487961476,0.008190236441529608,0.10412224413417182,4.0,recent2_minus_previous2_avg_accel,accel_2v2_4m,,,LEU,0.127795394821106,-0.052631530915419056,-0.052631530915419056,NVDA,0.08710150860399436,0.037206481988609985,0.2607599068465176,SYF,0.07884016121374392,0.039995758251397895,0.10423835647141688
Pure_accel_2v2_4m_top3,Pure_acceleration,2017-09,2017-09-01,"ENPH,UUUU,NRG",accel_2v2_4m,0.12251528655698457,0.14796953796430345,0.6682270397893836,4.0,recent2_minus_previous2_avg_accel,accel_2v2_4m,,,ENPH,0.14497689095955402,0.5612244302160996,1.959183713189267,UUUU,0.11593054453949309,-0.1483516990958501,-0.08241763244200828,NRG,0.1066384241719066,0.031035882772660894,0.12791503862089182
Pure_accel_2v2_4m_top3,Pure_acceleration,2017-10,2017-10-02,"ENPH,HWM,NRG",accel_2v2_4m,0.11531596109701896,-0.04786469911346921,0.3667076003186653,4.0,recent2_minus_previous2_avg_accel,accel_2v2_4m,,,ENPH,0.14525308171849577,-0.08496731873370122,0.895424934376454,HWM,0.10433131318183601,-0.0308642379981513,0.07355217850894369,NRG,0.09636348839072507,-0.027762540608555097,0.13114568807059812
Pure_accel_2v2_4m_top3,Pure_acceleration,2017-11,2017-11-01,"ENPH,MU,ANET",accel_2v2_4m,0.07589580741500583,0.39223516447844253,0.4831765768911343,4.0,recent2_minus_previous2_avg_accel,accel_2v2_4m,,,ENPH,0.09430738524815338,1.0714286748243858,1.0714286748243858,MU,0.06764577805664593,-0.05385326485137221,-0.015998141443975045,ANET,0.0657342589402182,0.15913008346231394,0.39409919729299214
Pure_accel_2v2_4m_top3,Pure_acceleration,2017-12,2017-12-01,"PLUG,MSTR,TER",accel_2v2_4m,0.08471040066671372,0.01397018764153731,0.046055174915461995,4.0,recent2_minus_previous2_avg_accel,accel_2v2_4m,,,PLUG,0.15893797434636853,-0.035856539645922725,-0.035856539645922725,MSTR,0.048316416706358,-0.0237036810980904,0.030666633888527084,TER,0.04687681094741461,0.10147078366862505,0.14335543050378163
Pure_accel_2v2_4m_top3,Pure_acceleration,2018-01,2018-01-02,"KR,CMG,FSLR",accel_2v2_4m,0.06995276740305705,0.03363753297975225,0.042345925851719,4.0,recent2_minus_previous2_avg_accel,accel_2v2_4m,,,KR,0.085790167184997,0.06749120359821448,0.06749120359821448,CMG,0.06767036694264543,0.07431302164998499,0.07431302164998499,FSLR,0.056397768081528715,-0.04089162630894272,-0.014766447693042473
Pure_accel_2v2_4m_top3,Pure_acceleration,2018-02,2018-02-01,"CVNA,DXCM,COR",accel_2v2_4m,0.11253657831201434,-0.029465997082235112,0.23031295873575794,4.0,recent2_minus_previous2_avg_accel,accel_2v2_4m,,,CVNA,0.19093213815035728,0.03461331059094297,0.45970790435610986,DXCM,0.07606131704719073,-0.06635562853746912,0.2878866451513431,COR,0.070616279738495,-0.05665567330017918,-0.05665567330017918
Pure_accel_2v2_4m_top3,Pure_acceleration,2018-03,2018-03-01,"CVNA,AMD,FCX",accel_2v2_4m,0.10107813453268255,-0.031268128340824854,0.2028746402688633,4.0,recent2_minus_previous2_avg_accel,accel_2v2_4m,,,CVNA,0.13277390075606793,0.18086778754972666,0.4725561581381963,AMD,0.08764122458276354,-0.19915966063297996,0.21008404034795825,FCX,0.08281927825921623,-0.07551251193922126,-0.07401627767956465
Pure_accel_2v2_4m_top3,Pure_acceleration,2018-04,2018-04-02,"SHOP,NFLX,PCG",accel_2v2_4m,0.0602683891674459,0.07716464004803007,0.24123573372402837,4.0,recent2_minus_previous2_avg_accel,accel_2v2_4m,,,SHOP,0.07241737199370543,0.045871515198481205,0.23525554534108872,NFLX,0.058464745830897946,0.11777090421215841,0.4206001550975458,PCG,0.04992304967773434,0.06785150073345059,0.06785150073345059
Pure_accel_2v2_4m_top3,Pure_acceleration,2018-05,2018-05-01,"ENPH,SEDG,MU",accel_2v2_4m,0.071857047181704,0.2399851011774269,0.36147543247417935,4.0,recent2_minus_previous2_avg_accel,accel_2v2_4m,,,ENPH,0.09403909287224273,0.42364539193842177,0.7586206815553396,SEDG,0.06137787768755146,0.04091344542518338,0.07040914969852285,MU,0.06015417098531782,0.2553964661686756,0.2553964661686756
Pure_accel_2v2_4m_top3,Pure_acceleration,2018-06,2018-06-01,"PLUG,DVN,GNRC",accel_2v2_4m,0.071714589757226,0.049505542026199244,0.07223881403496983,4.0,recent2_minus_previous2_avg_accel,accel_2v2_4m,,,PLUG,0.089949898648357,0.07407406706588526,0.07407406706588526,DVN,0.07400205102163003,0.05342746380750096,0.05342746380750096,GNRC,0.05119181960169099,0.021015095205211498,0.08921491123152325
Pure_accel_2v2_4m_top3,Pure_acceleration,2018-07,2018-07-02,"ALGN,ENPH,SMCI",accel_2v2_4m,0.0872772318074193,-0.09791273460570375,-0.060864835872979674,4.0,recent2_minus_previous2_avg_accel,accel_2v2_4m,,,ALGN,0.09077462625287837,0.03943814939425372,0.15058184559242593,ENPH,0.08640973920351121,-0.21708679872295789,-0.21708679872295789,SMCI,0.08464732996586828,-0.11608955448840708,-0.11608955448840708
Pure_accel_2v2_4m_top3,Pure_acceleration,2018-08,2018-08-01,"ENPH,FCX,UUUU",accel_2v2_4m,0.10499449959138563,-0.06407172942954804,-0.03033205017338932,4.0,recent2_minus_previous2_avg_accel,accel_2v2_4m,,,ENPH,0.12552490792188278,-0.12522366135861906,-0.11270126963221272,FCX,0.09920858917014039,-0.1347881521676254,-0.12066770498507418,UUUU,0.09025000168213371,0.06779662523760033,0.14237282409711893
Pure_accel_2v2_4m_top3,Pure_acceleration,2018-09,2018-09-04,"HWM,MELI,CHTR",accel_2v2_4m,0.0938092194533724,0.0003889199104538295,0.041884498688964676,4.0,recent2_minus_previous2_avg_accel,accel_2v2_4m,,,HWM,0.11430924135769267,0.0022637533886822325,0.0022637533886822325,MELI,0.09425328880497236,-0.028573930210709197,0.07958635470919129,CHTR,0.07286512819745217,0.027476936553388454,0.0438033879690205
Pure_accel_2v2_4m_top3,Pure_acceleration,2018-10,2018-10-01,"MELI,HPE,AMD",accel_2v2_4m,0.07063778247663556,-0.1174655568667596,-0.05250962876330353,4.0,recent2_minus_previous2_avg_accel,accel_2v2_4m,,,MELI,0.07521456873316995,0.02754971256624117,0.11134175649965972,HPE,0.07083142438042817,-0.02348550679021033,-0.02348550679021033,AMD,0.06586735431630858,-0.35646087637630963,-0.24538513599935996
Pure_accel_2v2_4m_top3,Pure_acceleration,2018-11,2018-11-01,"MDB,DXCM,ENPH",accel_2v2_4m,0.06805778628641578,0.07725223139326227,0.20447731671433952,4.0,recent2_minus_previous2_avg_accel,accel_2v2_4m,,,MDB,0.08967510670996147,0.05030279953787997,0.1453466070270768,DXCM,0.060135703687028266,0.0042644059589718175,0.04242338435041204,ENPH,0.054362548462257576,0.17718948868293505,0.4256619587655297
Pure_accel_2v2_4m_top3,Pure_acceleration,2018-12,2018-12-03,"NEM,MCK,HAL",accel_2v2_4m,0.039513981850094776,-0.07595335364449422,0.010904409688584674,4.0,recent2_minus_previous2_avg_accel,accel_2v2_4m,,,NEM,0.043242334907371366,0.04224745402198371,0.04224745402198371,MCK,0.038344763879448726,-0.11080556830234045,0.0013368131264333005,HAL,0.036954846763464236,-0.15930194665312591,-0.010871038082662987
Pure_accel_2v2_4m_top3,Pure_acceleration,2019-01,2019-01-02,"ENPH,GM,DECK",accel_2v2_4m,0.0659453201019513,0.22388830515484104,0.39986191163938717,4.0,recent2_minus_previous2_avg_accel,accel_2v2_4m,,,ENPH,0.07295966433156344,0.422764205579615,0.8821138384731597,GM,0.06662908897452265,0.15279438875719098,0.17508932569745772,DECK,0.05824720699976782,0.09610632112771711,0.14238257074754412
Pure_accel_2v2_4m_top3,Pure_acceleration,2019-02,2019-02-01,"ENPH,SMCI,TKO",accel_2v2_4m,0.11360795862817408,0.2072888472154708,0.47118665699261836,4.0,recent2_minus_previous2_avg_accel,accel_2v2_4m,,,ENPH,0.12817702062426378,0.30000005449567557,0.8542856488909041,SMCI,0.11477992272579741,0.2811271386583689,0.49737880180760663,TKO,0.09786693253446106,0.04073934849236793,0.06189552027934431
Pure_accel_2v2_4m_top3,Pure_acceleration,2019-03,2019-03-01,"GE,AXON,TPL",accel_2v2_4m,0.07438817718123837,0.022879876617552013,0.09912917858905583,4.0,recent2_minus_previous2_avg_accel,accel_2v2_4m,,,GE,0.08962616766263236,-0.015511371310095723,-0.015511371310095723,AXON,0.06719851824503438,0.01487598801183232,0.238934768397437,TPL,0.0663398456360484,0.06927501315091944,0.07396413867982621
Pure_accel_2v2_4m_top3,Pure_acceleration,2019-04,2019-04-01,"CVNA,AMD,XYZ",accel_2v2_4m,0.16642520041710285,0.06034972797710192,0.11586314724049296,4.0,recent2_minus_previous2_avg_accel,accel_2v2_4m,,,CVNA,0.1938835600600956,0.1993552262047824,0.1993552262047824,AMD,0.15938932363620817,0.017071276372205846,0.18361153416237896,XYZ,0.14600271755500477,-0.0353773186456825,-0.0353773186456825
Pure_accel_2v2_4m_top3,Pure_acceleration,2019-05,2019-05-01,"PCG,CVNA,NVDA",accel_2v2_4m,0.16013578261479597,-0.20281088221473184,-0.024670844971842836,4.0,recent2_minus_previous2_avg_accel,accel_2v2_4m,,,PCG,0.17822568260976096,-0.1755760566317881,0.07603688053631408,CVNA,0.17454481958308368,-0.17498939443702566,-0.07186305187798225,NVDA,0.12763684565154318,-0.25786719557538174,-0.07818636357386033
Pure_accel_2v2_4m_top3,Pure_acceleration,2019-06,2019-06-03,"PCG,QCOM,CAG",accel_2v2_4m,0.08667921325712931,0.15207175804748282,0.18180066075995618,4.0,recent2_minus_previous2_avg_accel,accel_2v2_4m,,,PCG,0.10542747818291472,0.3051984833678276,0.3051984833678276,QCOM,0.07772939234094166,0.17354558940986498,0.17354558940986498,CAG,0.07688076924753157,-0.02252879863524415,0.06665790950217598
Pure_accel_2v2_4m_top3,Pure_acceleration,2019-07,2019-07-01,"SEDG,CVS,CME",accel_2v2_4m,0.047799420064428964,0.034900186898440065,0.19587145656061264,4.0,recent2_minus_previous2_avg_accel,accel_2v2_4m,,,SEDG,0.0568740008165855,0.06725519547384629,0.3346709878676093,CVS,0.045023123985249075,0.017047662630336857,0.14525760230013196,CME,0.04150113539145231,0.020397702591137046,0.10768577951409664
Pure_accel_2v2_4m_top3,Pure_acceleration,2019-08,2019-08-01,"NEM,RMD,BIIB",accel_2v2_4m,0.03798254863885766,0.010708428734838423,0.1473826013570015,4.0,recent2_minus_previous2_avg_accel,accel_2v2_4m,,,NEM,0.05109180184874733,0.08721438300278361,0.08721438300278361,RMD,0.03541460029924309,0.05031695674623293,0.12396158196539186,BIIB,0.02744124376858255,-0.10540605354450128,0.23097183910282904
Pure_accel_2v2_4m_top3,Pure_acceleration,2019-09,2019-09-03,"TSLA,VTRS,MGM",accel_2v2_4m,0.07401703639037899,0.030374693652622315,0.2315790065108044,4.0,recent2_minus_previous2_avg_accel,accel_2v2_4m,,,TSLA,0.08391840786300563,0.08746286159895211,0.4882449923674479,VTRS,0.07265598501323485,-0.02283343172987784,0.021276474032108306,MGM,0.06547671629489649,0.026494651088792676,0.18521555313285698
Pure_accel_2v2_4m_top3,Pure_acceleration,2019-10,2019-10-01,"LEU,ENPH,ZBH",accel_2v2_4m,0.0640198235734168,0.1672818281102378,0.4088899418824172,4.0,recent2_minus_previous2_avg_accel,accel_2v2_4m,,,LEU,0.07282465948448334,0.6000000000000001,0.7567567341165706,ENPH,0.06166774948198199,-0.1326577283380186,0.3514510082855018,ZBH,0.05756706175378509,0.03450321266873191,0.11846208324517904
Pure_accel_2v2_4m_top3,Pure_acceleration,2019-11,2019-11-01,"PLUG,UUUU,SMCI",accel_2v2_4m,0.09532337962761421,0.1218956728449423,0.24431361222032275,4.0,recent2_minus_previous2_avg_accel,accel_2v2_4m,,,PLUG,0.11155512959263021,0.3669064717351771,0.38489206627865036,UUUU,0.0941503493182027,-0.050000011920928955,-0.050000011920928955,SMCI,0.08026465997200968,0.04878055872057874,0.3980487823032468
Pure_accel_2v2_4m_top3,Pure_acceleration,2019-12,2019-12-02,"ALGN,LEU,PLUG",accel_2v2_4m,0.12296279914472312,0.02864630006419459,0.23820806360822502,4.0,recent2_minus_previous2_avg_accel,accel_2v2_4m,,,ALGN,0.1474657781188171,0.03404533229776319,0.03404533229776319,LEU,0.12114763865800508,0.19926197573866644,0.5332103879413339,PLUG,0.10027498065734718,-0.14736840784384586,0.147368470585578
Pure_accel_2v2_4m_top3,Pure_acceleration,2020-01,2020-01-02,"ALGN,AXON,IR",accel_2v2_4m,0.09512702353551065,-0.04157454810490465,-0.020893600040328808,4.0,recent2_minus_previous2_avg_accel,accel_2v2_4m,,,ALGN,0.10978331696531038,-0.10807948813775436,-0.10807948813775436,AXON,0.0982509180645571,0.013453485007083321,0.07549632920081084,IR,0.07734683557666447,-0.0300976411840429,-0.0300976411840429
Pure_accel_2v2_4m_top3,Pure_acceleration,2020-02,2020-02-03,"PCG,MELI,ZS",accel_2v2_4m,0.1321137829665003,-0.08418519834726783,-0.0016438410177296303,4.0,recent2_minus_previous2_avg_accel,accel_2v2_4m,,,PCG,0.22346272599664552,-0.12854669407708985,-0.12854669407708985,MELI,0.09017303005962198,-0.05290715972525806,-0.05290715972525806,ZS,0.08270559284323349,-0.07110174123945556,0.17652233074915902
Pure_accel_2v2_4m_top3,Pure_acceleration,2020-03,2020-03-02,"PCG,ENPH,CRWD",accel_2v2_4m,0.1778217724749983,-0.31276591905163387,0.18457241995641213,4.0,recent2_minus_previous2_avg_accel,accel_2v2_4m,,,PCG,0.2070289171523028,-0.44053154732321864,-0.2112956731181832,ENPH,0.18970845938519204,-0.4208171289104913,0.1610894656321762,CRWD,0.1367279408875001,-0.07694908092119168,0.6039234673552434
Pure_accel_2v2_4m_top3,Pure_acceleration,2020-04,2020-04-01,"ENPH,CRWD,PODD",accel_2v2_4m,0.1058539785975983,0.3150886059012325,0.7051129330335814,4.0,recent2_minus_previous2_avg_accel,accel_2v2_4m,,,ENPH,0.13698553251429862,0.4528048147450028,1.0047027002853781,CRWD,0.12562141091032641,0.2680468443131099,0.8862219401697815,PODD,0.05495499236816988,0.22441415864558478,0.22441415864558478
Pure_accel_2v2_4m_top3,Pure_acceleration,2020-05,2020-05-01,"EQT,DLR,KR",accel_2v2_4m,0.036055335589732625,-0.0356191844602346,0.1018608175932223,4.0,recent2_minus_previous2_avg_accel,accel_2v2_4m,,,EQT,0.04416924717802434,-0.10438434364867955,0.09185790126190918,DLR,0.03206723202424082,-0.023848666311842348,0.11029954887447246,KR,0.03192952756693271,0.021375456579818097,0.10342500264328525
Pure_accel_2v2_4m_top3,Pure_acceleration,2020-06,2020-06-01,"EQT,UUUU,VLO",accel_2v2_4m,0.1344740064525337,-0.11756491076015847,0.06592291027355986,4.0,recent2_minus_previous2_avg_accel,accel_2v2_4m,,,EQT,0.19844390527474334,-0.11111100533560725,0.21911435281297642,UUUU,0.11852859291046527,-0.08928570288176407,0.13095240207080727,VLO,0.08644952117239252,-0.1522980240631041,-0.1522980240631041
Pure_accel_2v2_4m_top3,Pure_acceleration,2020-07,2020-07-01,"TRGP,RCL,CCL",accel_2v2_4m,0.2607251178984334,-0.09482525728683677,0.11376525332947256,4.0,recent2_minus_previous2_avg_accel,accel_2v2_4m,,,TRGP,0.2975742189894594,-0.01569889678879166,-0.01569889678879166,RCL,0.25801887014352753,-0.06767652166236127,0.3478260466929637,CCL,0.22658226456231323,-0.2011003534093574,0.009168610084245632
Pure_accel_2v2_4m_top3,Pure_acceleration,2020-08,2020-08-03,"PSKY,PLUG,RCL",accel_2v2_4m,0.14019569593699258,0.35521390081621523,0.43178201280590883,4.0,recent2_minus_previous2_avg_accel,accel_2v2_4m,,,PSKY,0.15248222334556566,0.07740171944508334,0.16081782671223133,PLUG,0.13995013657194377,0.5425764574038652,0.6888646861057979,RCL,0.12815472789346832,0.44566352559969724,0.44566352559969724
Pure_accel_2v2_4m_top3,Pure_acceleration,2020-09,2020-09-01,"TSLA,PLUG,PCG",accel_2v2_4m,0.1352451142558385,0.004015277451210146,0.45138917739813467,4.0,recent2_minus_previous2_avg_accel,accel_2v2_4m,,,TSLA,0.16660339655802398,-0.05660456447360884,0.2309440521367796,PLUG,0.12228233785031321,-0.00920029111026388,0.7317762997288337,PCG,0.1168496083591783,0.07785068793750316,0.39144718032879067
Pure_accel_2v2_4m_top3,Pure_acceleration,2020-10,2020-10-01,"TSLA,ENPH,PCG",accel_2v2_4m,0.11757821786128993,0.011782390246506588,0.6145232324868891,4.0,recent2_minus_previous2_avg_accel,accel_2v2_4m,,,TSLA,0.13260663785589616,-0.106323718451248,0.6283692731663943,ENPH,0.12287656233978679,0.1599821176747349,0.9242542887109084,PCG,0.09725145338818687,-0.018311228483967157,0.29094613558336446
Pure_accel_2v2_4m_top3,Pure_acceleration,2020-11,2020-11-02,"DPZ,BIIB,SJM",accel_2v2_4m,0.01864643874458773,0.009401872908783656,0.05665944284357086,4.0,recent2_minus_previous2_avg_accel,accel_2v2_4m,,,DPZ,0.024179094126419304,0.04180523401932956,0.04180523401932956,BIIB,0.020797986395892795,-0.023414601801014068,0.11835810800334756,SJM,0.010962235711451093,0.009814986508035473,0.009814986508035473
Pure_accel_2v2_4m_top3,Pure_acceleration,2020-12,2020-12-01,"EQT,TPR,CNC",accel_2v2_4m,0.07165744787514286,0.02236104644583155,0.24146758296684412,4.0,recent2_minus_previous2_avg_accel,accel_2v2_4m,,,EQT,0.131466412823607,-0.07389500249749614,0.2734806240271259,TPR,0.05290013642988159,0.15338467583448945,0.4633286588729051,CNC,0.03060579437194,-0.012406533999498648,-0.012406533999498648
Pure_accel_2v2_4m_top3,Pure_acceleration,2021-01,2021-01-04,"TRGP,OKE,FANG",accel_2v2_4m,0.2345107106741329,0.11677196435846267,0.4336221148266967,4.0,recent2_minus_previous2_avg_accel,accel_2v2_4m,,,TRGP,0.3116941260137691,0.07416587694382493,0.2314543407853662,OKE,0.20832739375517284,0.09143375715812274,0.40042773290735556,FANG,0.18351061225345677,0.18471625897344035,0.6689842707873683
Pure_accel_2v2_4m_top3,Pure_acceleration,2021-02,2021-02-01,"OXY,PLUG,TRGP",accel_2v2_4m,0.17116411443840573,0.1073931279561116,0.15005054872065215,4.0,recent2_minus_previous2_avg_accel,accel_2v2_4m,,,OXY,0.17772431672606948,0.3555662371291295,0.3555662371291295,PLUG,0.17370474675679598,-0.17838683886993179,-0.17838683886993179,TRGP,0.1620632798323518,0.14499998560913707,0.27297224790275876
Pure_accel_2v2_4m_top3,Pure_acceleration,2021-03,2021-03-01,"LEU,PLUG,UUUU",accel_2v2_4m,0.14181430504146156,-0.06020732736245208,0.027906038124271615,4.0,recent2_minus_previous2_avg_accel,accel_2v2_4m,,,LEU,0.15201432179471458,-0.0049688999494929,0.028157362977927702,PLUG,0.1480520546918549,-0.32786887272421594,-0.32786887272421594,UUUU,0.12537653863781517,0.1522157905863526,0.3834296241191031
Pure_accel_2v2_4m_top3,Pure_acceleration,2021-04,2021-04-01,"CVNA,GNRC,EQT",accel_2v2_4m,0.10675911299691793,0.04638820381347412,0.20178896961935489,4.0,recent2_minus_previous2_avg_accel,accel_2v2_4m,,,CVNA,0.10901161065486771,0.09301976670851309,0.16090008568403702,GNRC,0.10834952572310169,0.00447811075261173,0.2767449637040613,EQT,0.10291620261278439,0.04166673397929754,0.16772185946996632
Pure_accel_2v2_4m_top3,Pure_acceleration,2021-05,2021-05-03,"FDX,RCL,NUE",accel_2v2_4m,0.07787332258191602,0.13591266546197955,0.13591266546197955,4.0,recent2_minus_previous2_avg_accel,accel_2v2_4m,,,FDX,0.08591726723023126,0.02068634582553419,0.02068634582553419,RCL,0.08308149434117222,0.09486959699539188,0.09486959699539188,NUE,0.06462120617434461,0.2921820535650126,0.2921820535650126
Pure_accel_2v2_4m_top3,Pure_acceleration,2021-06,2021-06-01,"WEC,AEP,ETR",accel_2v2_4m,0.05873990806515625,-0.01912113873457144,0.06538241554342987,4.0,recent2_minus_previous2_avg_accel,accel_2v2_4m,,,WEC,0.05960156504811999,-0.029902146662807993,0.03882083881341436,AEP,0.05870879235954134,0.0018802850799142234,0.07233717029768183,ETR,0.05790936678780742,-0.029341554620820554,0.0849892375191934
Pure_accel_2v2_4m_top3,Pure_acceleration,2021-07,2021-07-01,"PLTR,TRGP,ALGN",accel_2v2_4m,0.10939184098014211,-0.015155364459041273,0.11915356582972063,4.0,recent2_minus_previous2_avg_accel,accel_2v2_4m,,,PLTR,0.190796774688632,-0.10598701475162908,0.05987061046500197,TRGP,0.0705238321046279,-0.07040833924084966,0.13641659408591034,ALGN,0.06685491614716647,0.13092926061535493,0.16117349293824956
Pure_accel_2v2_4m_top3,Pure_acceleration,2021-08,2021-08-02,"PLTR,ENPH,UUUU",accel_2v2_4m,0.1416796232579459,0.07556981631433009,0.380980116462452,4.0,recent2_minus_previous2_avg_accel,accel_2v2_4m,,,PLTR,0.17146892155565208,0.18552037604974303,0.2018099098410988,ENPH,0.13995346504375544,-0.03648084709903443,0.3081207906770973,UUUU,0.11361648317443016,0.07766991999228168,0.6330096488691599
Pure_accel_2v2_4m_top3,Pure_acceleration,2021-09,2021-09-01,"PLUG,MSTR,ENPH",accel_2v2_4m,0.17189919441097032,-0.0993654191631644,0.3173696536853415,4.0,recent2_minus_previous2_avg_accel,accel_2v2_4m,,,PLUG,0.2209975543738926,-0.05050132175788269,0.5466023413996779,MSTR,0.16995541478050574,-0.12817084152927605,0.04785764429492878,ENPH,0.12474461407851255,-0.11942409420233446,0.3576489753614178
Pure_accel_2v2_4m_top3,Pure_acceleration,2021-10,2021-10-01,"PLUG,PSKY,MSTR",accel_2v2_4m,0.11609118251649826,0.25478427387789276,0.25478427387789276,4.0,recent2_minus_previous2_avg_accel,accel_2v2_4m,,,PLUG,0.11893699819610888,0.6288620267097438,0.6288620267097438,PSKY,0.11806767106691793,-0.06641629216291689,-0.06641629216291689,MSTR,0.111268878286468,0.20190708708685134,0.20190708708685134
Pure_accel_2v2_4m_top3,Pure_acceleration,2021-11,2021-11-01,"RKLB,CCL,LEU",accel_2v2_4m,0.1036653499167145,-0.11208259778174756,-0.03940523965851054,4.0,recent2_minus_previous2_avg_accel,accel_2v2_4m,,,RKLB,0.11023244783865847,0.06521734478081331,0.06521734478081331,CCL,0.10223898937006752,-0.28998701946295025,-0.07195494509323919,LEU,0.09852461254141753,-0.11147811866310575,-0.11147811866310575
Pure_accel_2v2_4m_top3,Pure_acceleration,2021-12,2021-12-01,"UUUU,LEU,FANG",accel_2v2_4m,0.08508698977800817,0.02264205206745007,0.103515942735669,4.0,recent2_minus_previous2_avg_accel,accel_2v2_4m,,,UUUU,0.08660071890533508,0.0023612164650346212,0.0023612164650346212,LEU,0.08434950029909737,-0.020260226171844198,-0.020260226171844198,FANG,0.08431075012959212,0.08582516590915978,0.32844683791381657
Pure_accel_2v2_4m_top3,Pure_acceleration,2022-01,2022-01-03,"FCX,F,PLUG",accel_2v2_4m,0.07917649674859463,-0.10228786072775868,0.05696665342787144,4.0,recent2_minus_previous2_avg_accel,accel_2v2_4m,,,FCX,0.08533224214594617,-0.05617010173518244,0.23263893010077386,F,0.07884409310448415,-0.04610851658237847,-0.04610851658237847,PLUG,0.07335315499535357,-0.20458496386571512,-0.015630453234781072
Pure_accel_2v2_4m_top3,Pure_acceleration,2022-02,2022-02-01,"CIEN,GDDY,QCOM",accel_2v2_4m,0.06063311863605988,0.003294030775264837,0.01270072033373637,4.0,recent2_minus_previous2_avg_accel,accel_2v2_4m,,,CIEN,0.06715407278911456,0.017538610112096897,0.017538610112096897,GDDY,0.061338758847411856,0.06822002126946813,0.09644008994488273,QCOM,0.05340652427165321,-0.07587653905577052,-0.07587653905577052
Pure_accel_2v2_4m_top3,Pure_acceleration,2022-03,2022-03-01,"FICO,BIIB,NRG",accel_2v2_4m,0.07729013432505617,-0.000888197821108568,0.0677365608821211,4.0,recent2_minus_previous2_avg_accel,accel_2v2_4m,,,FICO,0.09303951265453059,-0.05504139860446877,-0.05504139860446877,BIIB,0.07488782954231163,0.0014737927355279457,0.0014737927355279457,NRG,0.06394306077832632,0.05090301240561512,0.2567772885153041
Pure_accel_2v2_4m_top3,Pure_acceleration,2022-04,2022-04-01,"NUE,LHX,MELI",accel_2v2_4m,0.04405495756542862,-0.08228795798458217,-0.07022311769949059,4.0,recent2_minus_previous2_avg_accel,accel_2v2_4m,,,NUE,0.045006835017719876,0.004890759749624829,0.004890759749624829,LHX,0.04415342940842233,-0.07094048326788893,-0.034745962412614184,MELI,0.04300460827014364,-0.18081415043548243,-0.18081415043548243
Pure_accel_2v2_4m_top3,Pure_acceleration,2022-05,2022-05-02,"RKLB,DASH,EQT",accel_2v2_4m,0.09650697844973004,-0.07575922856009369,-0.07454139157752149,4.0,recent2_minus_previous2_avg_accel,accel_2v2_4m,,,RKLB,0.1098168706950889,-0.3686327058897826,-0.36595174331280633,DASH,0.09281750143781842,-0.1253343656728081,-0.12436181730206775,EQT,0.08688656321628281,0.2666893858823096,0.2666893858823096
Pure_accel_2v2_4m_top3,Pure_acceleration,2022-06,2022-06-01,"TSLA,PLUG,LEU",accel_2v2_4m,0.11512227662137059,-0.009055237756984766,0.5309977348609304,4.0,recent2_minus_previous2_avg_accel,accel_2v2_4m,,,TSLA,0.12453489220675948,-0.07912256426804387,0.20457344483418027,PLUG,0.11728626651203634,-0.04129462990890809,0.5033482376875698,LEU,0.10354567114531592,0.09325148090599766,0.885071522061041
Pure_accel_2v2_4m_top3,Pure_acceleration,2022-07,2022-07-01,"AMD,SMCI,LEU",accel_2v2_4m,0.07349070374347348,0.31387906809064897,0.5518868922790062,4.0,recent2_minus_previous2_avg_accel,accel_2v2_4m,,,AMD,0.08250536395532945,0.313696228922852,0.313696228922852,SMCI,0.07249795550166054,0.4117045788551914,0.6176845772856379,LEU,0.06546879177343044,0.21623639649390358,0.7242798706285287
Pure_accel_2v2_4m_top3,Pure_acceleration,2022-08,2022-08-01,"DPZ,NFLX,APP",accel_2v2_4m,0.08229848088440095,-0.09913032004067623,-0.015564909518058001,4.0,recent2_minus_previous2_avg_accel,accel_2v2_4m,,,DPZ,0.08816087326299336,-0.04742133121384762,-0.04742133121384762,NFLX,0.08283891836916632,0.016931144302081647,0.26762737586993635,APP,0.07589565102104316,-0.26690077321026273,-0.26690077321026273
Pure_accel_2v2_4m_top3,Pure_acceleration,2022-09,2022-09-01,"CVNA,FICO,UBER",accel_2v2_4m,0.10176029225605164,-0.15470270295827884,0.02868637884273843,4.0,recent2_minus_previous2_avg_accel,accel_2v2_4m,,,CVNA,0.1429604212746562,-0.34533257099516623,-0.34533257099516623,FICO,0.08197546953552932,-0.042703589154372,0.40269184854978435,UBER,0.08034498595796942,-0.07607194872529832,0.02869985897359717
Pure_accel_2v2_4m_top3,Pure_acceleration,2022-10,2022-10-03,"CVNA,COIN,MSTR",accel_2v2_4m,0.1615669479280408,-0.06091872776047624,-0.06091872776047624,4.0,recent2_minus_previous2_avg_accel,accel_2v2_4m,,,CVNA,0.1800768628882413,-0.2879776037620809,-0.2879776037620809,COIN,0.1526477770819668,-0.040333527760470056,-0.040333527760470056,MSTR,0.1519762038139143,0.14555494824112225,0.14555494824112225
Pure_accel_2v2_4m_top3,Pure_acceleration,2022-11,2022-11-01,"NEM,RCL,COIN",accel_2v2_4m,0.10288899521353238,0.01718165827075983,0.2155943366922027,4.0,recent2_minus_previous2_avg_accel,accel_2v2_4m,,,NEM,0.10886870776705833,0.16446926052146904,0.31455291499477855,RCL,0.10117513168829649,0.17179684238519655,0.29415147290055565,COIN,0.09862314618524233,-0.2847211280943861,0.03807862218127389
Pure_accel_2v2_4m_top3,Pure_acceleration,2022-12,2022-12-01,"RCL,DXCM,NEM",accel_2v2_4m,0.08865991482707423,-0.0651346344805503,0.09159671193595582,4.0,recent2_minus_previous2_avg_accel,accel_2v2_4m,,,RCL,0.10904838829748761,-0.2002954186538023,0.17386320297654634,DXCM,0.0786364358983849,-0.02795895498172385,-0.02795895498172385,NEM,0.07829492028535018,0.032850470193875214,0.128885887813045
Pure_accel_2v2_4m_top3,Pure_acceleration,2023-01,2023-01-03,"HAL,BKR,VTRS",accel_2v2_4m,0.10297203702947065,0.091488072358561,0.091488072358561,4.0,recent2_minus_previous2_avg_accel,accel_2v2_4m,,,HAL,0.11381580008910068,0.0844397999715496,0.0844397999715496,BKR,0.1051987235412327,0.11269555934847109,0.11269555934847109,VTRS,0.08990158745807855,0.07732885775566234,0.07732885775566234
Pure_accel_2v2_4m_top3,Pure_acceleration,2023-02,2023-02-01,"FDX,META,SEDG",accel_2v2_4m,0.06304989408841996,0.04758868815042191,0.24486138397168825,4.0,recent2_minus_previous2_avg_accel,accel_2v2_4m,,,FDX,0.06861169992813988,0.010983843361157763,0.14721170218701918,META,0.060532927587725605,0.13257568370321127,0.5881659123411489,SEDG,0.06000505474939441,-0.0007934626131033129,-0.0007934626131033129
Pure_accel_2v2_4m_top3,Pure_acceleration,2023-03,2023-03-01,"CVNA,MDB,MSTR",accel_2v2_4m,0.21623442214671348,0.09207102449259137,0.4551526824657562,4.0,recent2_minus_previous2_avg_accel,accel_2v2_4m,,,CVNA,0.33975792607742744,0.042648763598271744,0.7732885422141715,MDB,0.15977980937084788,0.08048765918099177,0.40000947633510586,MSTR,0.1491655309918652,0.15307665069851062,0.19216002884799122
Pure_accel_2v2_4m_top3,Pure_acceleration,2023-04,2023-04-03,"CVNA,COIN,TSLA",accel_2v2_4m,0.30147561942745676,-0.21163944423777395,0.8234706483191726,4.0,recent2_minus_previous2_avg_accel,accel_2v2_4m,,,CVNA,0.4479470958289352,-0.25403659455638294,1.7771796211916384,COIN,0.22997444344283366,-0.2117591745237476,0.25656342616302985,TSLA,0.22650531901060145,-0.16912256363319134,0.43666889760284966
Pure_accel_2v2_4m_top3,Pure_acceleration,2023-05,2023-05-01,"CRWD,EQT,PANW",accel_2v2_4m,0.04268304071227563,0.17933177845437398,0.33596417115640803,4.0,recent2_minus_previous2_avg_accel,accel_2v2_4m,,,CRWD,0.06536580977037493,0.3262901072270641,0.39708734266180246,EQT,0.03173590321710708,0.02899933791892262,0.22160716125939883,PANW,0.030947409149344907,0.18270589021713524,0.38919800954802275
Pure_accel_2v2_4m_top3,Pure_acceleration,2023-06,2023-06-01,"ROL,ISRG,DXCM",accel_2v2_4m,0.0732126517347509,0.06550447838430758,0.06550447838430758,4.0,recent2_minus_previous2_avg_accel,accel_2v2_4m,,,ROL,0.07511528137450242,0.052212927560179034,0.052212927560179034,ISRG,0.07437273405414738,0.08208278976294192,0.08208278976294192,DXCM,0.07014993977560291,0.06221771782980179,0.06221771782980179
Pure_accel_2v2_4m_top3,Pure_acceleration,2023-07,2023-07-03,"SMCI,RCL,ISRG",accel_2v2_4m,0.11499635036478013,0.11990362875658216,0.11990362875658216,4.0,recent2_minus_previous2_avg_accel,accel_2v2_4m,,,SMCI,0.17342624715082425,0.35457465551576983,0.35457465551576983,RCL,0.0871867340068845,0.04108536212959435,0.04108536212959435,ISRG,0.08437606993663166,-0.03594913137561773,-0.03594913137561773
Pure_accel_2v2_4m_top3,Pure_acceleration,2023-08,2023-08-01,"SMCI,MDB,SCHW",accel_2v2_4m,0.09596103881488223,-0.10488285614870145,-0.09826674774331516,4.0,recent2_minus_previous2_avg_accel,accel_2v2_4m,,,SMCI,0.14937861408202557,-0.16411899604166968,-0.14427067082551082,MDB,0.0724933612183654,-0.07464022868955633,-0.07464022868955633,SCHW,0.0660111411442557,-0.07588934371487832,-0.07588934371487832
Pure_accel_2v2_4m_top3,Pure_acceleration,2023-09,2023-09-01,"CVNA,PLUG,COIN",accel_2v2_4m,0.19835725279190278,-0.15330005461376436,0.09651829196592913,4.0,recent2_minus_previous2_avg_accel,accel_2v2_4m,,,CVNA,0.2886233508683206,-0.2281219424048233,-0.2281219424048233,PLUG,0.16784745805292936,-0.19741483666170512,-0.19741483666170512,COIN,0.1386009494544585,-0.03436338477476464,0.7150916549643158
Pure_accel_2v2_4m_top3,Pure_acceleration,2023-10,2023-10-02,"LEU,KEY,CVNA",accel_2v2_4m,0.11207810156728239,-0.13832254120322485,0.20984411022420443,4.0,recent2_minus_previous2_avg_accel,accel_2v2_4m,,,LEU,0.12652531322179844,-0.04842526547667747,-0.0378664085108098,KEY,0.10680167220623947,-0.02870796544161691,0.4223031612740922,CVNA,0.10290731927380925,-0.33783439269138016,0.2450955779093309
Pure_accel_2v2_4m_top3,Pure_acceleration,2023-11,2023-11-01,"AXON,CIEN,ERIE",accel_2v2_4m,0.045175615733977714,0.10131299012929951,0.2534579864770246,4.0,recent2_minus_previous2_avg_accel,accel_2v2_4m,,,AXON,0.05426562822904954,0.11759595137871237,0.21988899055686062,CIEN,0.04301148824790915,0.10441762290930634,0.2778170992873825,ERIE,0.03824973072497444,0.08192539609987981,0.26266786958683075
Pure_accel_2v2_4m_top3,Pure_acceleration,2023-12,2023-12-01,"CMG,GIS,DG",accel_2v2_4m,0.05132958859628332,0.029453156088096104,0.11917646418029615,4.0,recent2_minus_previous2_avg_accel,accel_2v2_4m,,,CMG,0.05226002592425169,0.004888443636249962,0.2036636345713343,GIS,0.051313758888139924,0.040854416151444806,0.040854416151444806,DG,0.05041498097645836,0.04261660847659354,0.11301134181810935
Pure_accel_2v2_4m_top3,Pure_acceleration,2024-01,2024-01-02,"PLTR,SMCI,DDOG",accel_2v2_4m,0.10212137771723613,0.37725783890977843,1.0895217443922294,4.0,recent2_minus_previous2_avg_accel,accel_2v2_4m,,,PLTR,0.11681406189045561,-0.015078407789529069,0.5036188431780937,SMCI,0.09745308277379289,1.0441407713492912,2.633385743937127,DDOG,0.09209698848745992,0.10271115316957324,0.13156064606146778
Pure_accel_2v2_4m_top3,Pure_acceleration,2024-02,2024-02-01,"CVNA,CCL,COIN",accel_2v2_4m,0.22984519285833735,0.49957962378743265,0.65689571043314,4.0,recent2_minus_previous2_avg_accel,accel_2v2_4m,,,CVNA,0.28532627828317064,0.9506230780899649,1.0477310319875568,CCL,0.2277076807550138,-0.047619058548195925,-0.03214282722431383,COIN,0.17650161953682753,0.595734851820529,0.9550989265361769
Pure_accel_2v2_4m_top3,Pure_acceleration,2024-03,2024-03-01,"CVNA,SMCI,PLUG",accel_2v2_4m,0.21232688676462652,0.025300074104543196,0.07505604221190147,4.0,recent2_minus_previous2_avg_accel,accel_2v2_4m,,,CVNA,0.2463973111073041,0.046166875081762315,0.19286408783736397,SMCI,0.2167889732454912,0.1454145903034021,0.1454145903034021,PLUG,0.17379437594108424,-0.11568124307153482,-0.11311055150506166
Pure_accel_2v2_4m_top3,Pure_acceleration,2024-04,2024-04-01,"SMCI,CVNA,APP",accel_2v2_4m,0.19198243966226156,-0.09200358146830105,0.14759278653386743,4.0,recent2_minus_previous2_avg_accel,accel_2v2_4m,,,SMCI,0.22023015721559308,-0.2881453556578677,-0.2167766945326116,CVNA,0.19788088764307113,0.00345658869847032,0.43276881688233204,APP,0.15783627412812037,0.008678022554494236,0.22678623725188185
Pure_accel_2v2_4m_top3,Pure_acceleration,2024-05,2024-05-01,"APP,MSTR,TPL",accel_2v2_4m,0.09723888478877006,0.2789803811938511,0.43173178421798125,4.0,recent2_minus_previous2_avg_accel,accel_2v2_4m,,,APP,0.11730508673551368,0.18583308691504108,0.2162317506879201,MSTR,0.10509269247576873,0.582667896645291,0.582667896645291,TPL,0.06931887515502778,0.06844016002122122,0.49629570532073264
Pure_accel_2v2_4m_top3,Pure_acceleration,2024-06,2024-06-03,"NEM,LEU,HUM",accel_2v2_4m,0.03850924593423883,-0.02731994305444659,0.057694448404135845,4.0,recent2_minus_previous2_avg_accel,accel_2v2_4m,,,NEM,0.043579754686847424,0.00024034371137027222,0.2552835180871176,LEU,0.039405798210432094,-0.11021445338482894,-0.11021445338482894,HUM,0.03254218490543698,0.028014280510118894,0.028014280510118894
Pure_accel_2v2_4m_top3,Pure_acceleration,2024-07,2024-07-01,"PSKY,FSLR,MELI",accel_2v2_4m,0.06842143325948673,0.02735086531548288,0.15650789954982094,4.0,recent2_minus_previous2_avg_accel,accel_2v2_4m,,,PSKY,0.08098713902169578,0.0956606371218871,0.0956606371218871,FSLR,0.0644469433957365,-0.018903536378929386,0.08059807106603833,MELI,0.05983021736102791,0.00529549520349093,0.2932649904615374
Pure_accel_2v2_4m_top3,Pure_acceleration,2024-08,2024-08-01,"CCL,PODD,EXR",accel_2v2_4m,0.10371832756874579,0.0620829569925497,0.23651411394145003,4.0,recent2_minus_previous2_avg_accel,accel_2v2_4m,,,CCL,0.10927217820362137,0.03680206608433667,0.38959389349358275,PODD,0.10294499619767537,0.047858060539448743,0.19447402083828447,EXR,0.09893780830494064,0.10158874435386367,0.12547442749248283
Pure_accel_2v2_4m_top3,Pure_acceleration,2024-09,2024-09-03,"ADBE,ZS,SMCI",accel_2v2_4m,0.0718946227276313,-0.11241379540265047,-0.022011902050624605,4.0,recent2_minus_previous2_avg_accel,accel_2v2_4m,,,ADBE,0.07775343576427264,-0.11950124835411668,-0.09603524784684436,ZS,0.07146668956064803,-0.13561776808915638,0.07930012874282255,SMCI,0.0664637428579732,-0.08212236976467835,-0.04930058704785201
Pure_accel_2v2_4m_top3,Pure_acceleration,2024-10,2024-10-01,"SMCI,BLDR,CIEN",accel_2v2_4m,0.10993371635173745,-0.14456532746482556,0.11297625605456314,4.0,recent2_minus_previous2_avg_accel,accel_2v2_4m,,,SMCI,0.14069028699519753,-0.3575832373073825,0.03575834254552168,BLDR,0.10208542999996298,-0.11712170239346231,-0.05142675632314875,CIEN,0.08702543206005184,0.04100895730636811,0.3545971819413165
Pure_accel_2v2_4m_top3,Pure_acceleration,2024-11,2024-11-01,"MSTR,APP,VST",accel_2v2_4m,0.163369619194061,0.6759393950893982,0.7675742950384915,4.0,recent2_minus_previous2_avg_accel,accel_2v2_4m,,,MSTR,0.2052897732448422,0.6555656117614435,0.6555656117614435,APP,0.14765235222557643,1.0827371056093336,1.234697029103577,VST,0.1371667321117644,0.28951546789741767,0.41246024425045413
Pure_accel_2v2_4m_top3,Pure_acceleration,2024-12,2024-12-02,"LEU,ALAB,VST",accel_2v2_4m,0.1739857007874436,0.057585883392610206,0.1386836538408298,4.0,recent2_minus_previous2_avg_accel,accel_2v2_4m,,,LEU,0.21280985611116227,-0.10209770879488689,0.018552185723901493,ALAB,0.1879444723142247,0.30215693662429666,0.30215693662429666,VST,0.12120277393694387,-0.027301577651579145,0.09534183917429129
Pure_accel_2v2_4m_top3,Pure_acceleration,2025-01,2025-01-02,"MSTR,COIN,APP",accel_2v2_4m,0.1317016791663392,0.11063469915919917,0.11063469915919917,4.0,recent2_minus_previous2_avg_accel,accel_2v2_4m,,,MSTR,0.14914678638531942,0.15692805253079944,0.15692805253079944,COIN,0.12572520669051301,0.10575021620721814,0.10575021620721814,APP,0.12023304442318516,0.06922582873957994,0.06922582873957994
Pure_accel_2v2_4m_top3,Pure_acceleration,2025-02,2025-02-03,"SMCI,COIN,TER",accel_2v2_4m,0.12358509948141731,0.006677089732048354,0.006677089732048354,4.0,recent2_minus_previous2_avg_accel,accel_2v2_4m,,,SMCI,0.17257789653022398,0.34338916880305104,0.34338916880305104,COIN,0.10294474570607871,-0.27657256302264477,-0.27657256302264477,TER,0.09523265620794921,-0.046785336584261206,-0.046785336584261206
Pure_accel_2v2_4m_top3,Pure_acceleration,2025-03,2025-03-03,"CNC,MPWR,NEM",accel_2v2_4m,0.05245772519874073,0.06187864181111702,0.17197671323750732,4.0,recent2_minus_previous2_avg_accel,accel_2v2_4m,,,CNC,0.05421454251498936,0.031746042080687875,0.031746042080687875,MPWR,0.05182590353818027,0.007131314502047292,0.1581282445750083,NEM,0.051332729543052555,0.1467585688506159,0.32605585305682583
Pure_accel_2v2_4m_top3,Pure_acceleration,2025-04,2025-04-01,"CVS,NEM,ERIE",accel_2v2_4m,0.077074690490889,-0.014765252143837912,0.04541241087099457,4.0,recent2_minus_previous2_avg_accel,accel_2v2_4m,,,CVS,0.0805732123291244,0.0321561510877193,0.034088176423367145,NEM,0.07834494183357435,0.0662664170340117,0.22396819990974848,ERIE,0.07230591730996823,-0.14271832455324474,-0.12181914372013192
Pure_accel_2v2_4m_top3,Pure_acceleration,2025-05,2025-05-01,"EIX,FCX,BF-B",accel_2v2_4m,0.070602914271889,0.030187236299370257,0.06589167892622301,4.0,recent2_minus_previous2_avg_accel,accel_2v2_4m,,,EIX,0.07574050791121438,0.01594575836294365,0.01594575836294365,FCX,0.068350175315597,0.10271902842950631,0.20983235631006458,BF-B,0.0677180595888556,-0.02810307789433919,-0.02810307789433919
Pure_accel_2v2_4m_top3,Pure_acceleration,2025-06,2025-06-02,"LEU,MSTR,UUUU",accel_2v2_4m,0.13478701525191666,0.1792317443467865,0.6692248134818245,4.0,recent2_minus_previous2_avg_accel,accel_2v2_4m,,,LEU,0.198030395971885,0.35423024750519794,0.6722587796520905,MSTR,0.11053232049528561,0.0027668058390253325,0.0027668058390253325,UUUU,0.0957983292885794,0.18069817969613622,1.3326488549543578
Pure_accel_2v2_4m_top3,Pure_acceleration,2025-07,2025-07-01,"RKLB,APP,ALAB",accel_2v2_4m,0.2324456848854207,0.30337481584029885,0.9071128165076251,4.0,recent2_minus_previous2_avg_accel,accel_2v2_4m,,,RKLB,0.2466454398575361,0.3052723269229829,0.43635300737693306,APP,0.24090076045115758,0.12616950511834957,1.0912115647924554,ALAB,0.2097908543475684,0.47868261547956403,1.1937738773534865
Pure_accel_2v2_4m_top3,Pure_acceleration,2025-08,2025-08-01,"PLUG,RKLB,ALAB",accel_2v2_4m,0.20405192920525553,0.16220955437029239,0.6484494320825945,4.0,recent2_minus_previous2_avg_accel,accel_2v2_4m,,,PLUG,0.20885209616522055,0.057142888769811995,1.0928572261820046,RKLB,0.2069602818427101,0.10042400941951812,0.3688908340259407,ALAB,0.19634340960783597,0.32906176492154704,0.48360023603983815
Pure_accel_2v2_4m_top3,Pure_acceleration,2025-09,2025-09-02,"PLUG,ECHO,MRVL",accel_2v2_4m,0.13041924015688416,0.49897144205022254,0.536485997446395,4.0,recent2_minus_previous2_avg_accel,accel_2v2_4m,,,PLUG,0.153800122557826,0.9797297493221986,0.9797297493221986,ECHO,0.12216327290359956,0.21857759968060386,0.21857759968060386,MRVL,0.11529432500922694,0.2986069771478652,0.41115064333638274
Pure_accel_2v2_4m_top3,Pure_acceleration,2025-10,2025-10-01,"ECHO,MDB,CVS",accel_2v2_4m,0.11722992562361305,0.04153659716582144,0.2349877900182343,4.0,recent2_minus_previous2_avg_accel,accel_2v2_4m,,,ECHO,0.2047335601567769,-0.051949650986389595,0.4110691862286262,MDB,0.09126623449684336,0.1477933293754352,0.24296331730716747,CVS,0.05568998221721885,0.0287661131084187,0.05093086651890921
Pure_accel_2v2_4m_top3,Pure_acceleration,2025-11,2025-11-03,"ECHO,UNH,INTC",accel_2v2_4m,0.1428993241578537,-0.016743350642951998,0.2655542840944501,4.0,recent2_minus_previous2_avg_accel,accel_2v2_4m,,,ECHO,0.17097540931894872,-0.031444907260395616,0.5463712193780337,UNH,0.13465237502059035,-0.03169649458069346,0.014595395606809891,INTC,0.12307018813402201,0.012911349912233083,0.23569623729850675
Pure_accel_2v2_4m_top3,Pure_acceleration,2025-12,2025-12-01,"CNC,CIEN,CRWD",accel_2v2_4m,0.07000582971993342,0.07568677960895594,0.27912376764148983,4.0,recent2_minus_previous2_avg_accel,accel_2v2_4m,,,CNC,0.07874532671153706,0.10266559652442742,0.17709155958196776,CIEN,0.0710543708335781,0.22466653295353933,0.7605515339936006,CRWD,0.06021779161468513,-0.10027179065109892,-0.10027179065109892
Pure_accel_2v2_4m_top3,Pure_acceleration,2026-01,2026-01-02,"ISRG,ALGN,NRG",accel_2v2_4m,0.07116774243964598,-0.055736410897777665,0.051772500355167415,4.0,recent2_minus_previous2_avg_accel,accel_2v2_4m,,,ISRG,0.07769699176322548,-0.11610728451215746,-0.11610728451215746,ALGN,0.0685089709467479,0.04870862118165986,0.21143373550767075,NRG,0.06729726460896455,-0.09981056936283539,0.05999105006998895
Pure_accel_2v2_4m_top3,Pure_acceleration,2026-02,2026-02-02,"CMG,DG,FISV",accel_2v2_4m,0.09832647169071684,-0.00036621768831875584,0.0011696414465975173,4.0,recent2_minus_previous2_avg_accel,accel_2v2_4m,,,CMG,0.11082508673764839,-0.047260445965965125,-0.047260445965965125,DG,0.09329881450844817,0.06347987641500086,0.06347987641500086,FISV,0.09085551382605395,-0.017318083513992,-0.01271050610924318
Pure_accel_2v2_4m_top3,Pure_acceleration,2026-03,2026-03-02,"RKLB,GNRC,GEV",accel_2v2_4m,0.13076406297653714,-0.06557930340259228,0.3667685607316155,4.0,recent2_minus_previous2_avg_accel,accel_2v2_4m,,,RKLB,0.1804873487853274,-0.07679307431161297,0.7245314539172538,GNRC,0.11802953974801729,-0.13599271276598568,0.16876466732687856,GEV,0.09377530039626675,0.016047876869821787,0.2070095609507141
Pure_accel_3v3_6m_top3,Pure_acceleration,2016-01,2016-01-04,"AMD,FSLR,HII",accel_3v3_6m,0.05140922261175829,-0.05706336167238849,0.056182835864584536,6.0,recent3_minus_previous3_avg_accel,accel_3v3_6m,,,AMD,0.06190096326853711,-0.2274367799134842,0.02166062931143853,FSLR,0.0466833921170431,0.036121042994930574,0.036121042994930574,HII,0.04564331244969466,0.020125651901388153,0.11076683528738451
Pure_accel_3v3_6m_top3,Pure_acceleration,2016-02,2016-02-01,"ENPH,FSLR,AMD",accel_3v3_6m,0.0653195185714142,0.012673612465712117,0.2724006308248728,6.0,recent3_minus_previous3_avg_accel,accel_3v3_6m,,,ENPH,0.07723135450045233,0.020920481222442833,0.07112963615630563,FSLR,0.06656593179138415,-0.0015912138683923382,-0.0015912138683923382,AMD,0.052161269422406106,0.01869157004308586,0.7476634701867051
Pure_accel_3v3_6m_top3,Pure_acceleration,2016-03,2016-03-01,"ENPH,VTRS,BLDR",accel_3v3_6m,0.05361863754569323,0.11823528432618528,0.1673721386906152,6.0,recent3_minus_previous3_avg_accel,accel_3v3_6m,,,ENPH,0.06593723770479584,-0.02049178325562906,0.0491802798135097,VTRS,0.05200240323697455,0.031263577928625,0.031263577928625,BLDR,0.04291627169530929,0.3439340583055599,0.42167255832971096
Pure_accel_3v3_6m_top3,Pure_acceleration,2016-04,2016-04-01,"SEDG,ENPH,UUUU",accel_3v3_6m,0.07921904507530085,0.05832386946979554,0.06705752044470199,6.0,recent3_minus_previous3_avg_accel,accel_3v3_6m,,,SEDG,0.09774478025331323,0.08637473971188059,0.08637473971188059,ENPH,0.08518643294728484,0.07112963615630563,0.07112963615630563,UUUU,0.05472592202530448,0.017467232541200417,0.04366818546591977
Pure_accel_3v3_6m_top3,Pure_acceleration,2016-05,2016-05-02,"LEU,FCX,BLDR",accel_3v3_6m,0.10303648833996153,-0.06926786662946212,0.046506534785790477,6.0,recent3_minus_previous3_avg_accel,accel_3v3_6m,,,LEU,0.16433942265956036,-0.04516124864274451,0.08387096724574694,FCX,0.08129090465967236,-0.21771229333910225,-0.0789667491068975,BLDR,0.06347913770065185,0.05506994209346039,0.13461538621852198
Pure_accel_3v3_6m_top3,Pure_acceleration,2016-06,2016-06-01,"LEU,SHOP,TRGP",accel_3v3_6m,0.10924446535553674,0.03558319373147897,0.17036307705416687,6.0,recent3_minus_previous3_avg_accel,accel_3v3_6m,,,LEU,0.1398658912716986,0.13513508506549265,0.18243241719384562,SHOP,0.09793401417692507,-0.007724546822468259,0.3089796475564246,TRGP,0.08993349061798653,-0.020660957048587503,0.019677166412230385
Pure_accel_3v3_6m_top3,Pure_acceleration,2016-07,2016-07-01,"LEU,WMB,BLDR",accel_3v3_6m,0.0857352985615159,0.05403564125484054,0.2740918490485092,6.0,recent3_minus_previous3_avg_accel,accel_3v3_6m,,,LEU,0.13407277808174264,-0.05654756688510587,0.1517857161863727,WMB,0.06574028926775949,0.09581720076424238,0.5000746716299642,BLDR,0.05739282833504559,0.12283728988538511,0.1704151593291907
Pure_accel_3v3_6m_top3,Pure_acceleration,2016-08,2016-08-01,"WMB,TYL,SHOP",accel_3v3_6m,0.03598491964703164,0.15332372081978898,0.22432213678001692,6.0,recent3_minus_previous3_avg_accel,accel_3v3_6m,,,WMB,0.04221186729006515,0.24944481178931355,0.36890958691265796,TYL,0.03702228392738595,0.016106395770026483,0.040327011547005354,SHOP,0.02872060772364382,0.19441995490002695,0.26372981188038747
Pure_accel_3v3_6m_top3,Pure_acceleration,2016-09,2016-09-01,"DHR,DXCM,AXON",accel_3v3_6m,0.037730701071704446,-0.06984846860167766,-0.027266242045555316,6.0,recent3_minus_previous3_avg_accel,accel_3v3_6m,,,DHR,0.039611515345727905,-0.040817474946013066,-0.040817474946013066,DXCM,0.038347950293266264,-0.07338344558634402,-0.07338344558634402,AXON,0.03523263757611917,-0.09534448527267592,0.03240219439569114
Pure_accel_3v3_6m_top3,Pure_acceleration,2016-10,2016-10-03,"MPC,PODD,DHR",accel_3v3_6m,0.045783882711480435,-0.0261896455556004,0.07729328964806743,6.0,recent3_minus_previous3_avg_accel,accel_3v3_6m,,,MPC,0.0470795179107764,0.03369180253735182,0.30290615396721066,PODD,0.04702995330638096,-0.0999508735956256,-0.0827603793113012,DHR,0.04324217691728395,-0.012309865608527426,0.011734094288292862
Pure_accel_3v3_6m_top3,Pure_acceleration,2016-11,2016-11-01,"PODD,ANET,PANW",accel_3v3_6m,0.03980601286011192,-0.04785496268832945,0.08523644291506349,6.0,recent3_minus_previous3_avg_accel,accel_3v3_6m,,,PODD,0.04653576728131926,-0.10586632760098336,0.14024554367396247,ANET,0.03817840070477291,0.10847101201650067,0.1531424458840518,PANW,0.03470387059424361,-0.14616957248050566,-0.03767866081282378
Pure_accel_3v3_6m_top3,Pure_acceleration,2016-12,2016-12-01,"SEDG,SMCI,VLO",accel_3v3_6m,0.03177442630574318,0.10175594542566972,0.12708927367273995,6.0,recent3_minus_previous3_avg_accel,accel_3v3_6m,,,SEDG,0.042824268670492126,0.05599998474121093,0.13199996948242165,SMCI,0.028244193974341886,0.08587792094621949,0.08587792094621949,VLO,0.024254816272395525,0.16338993058957874,0.16338993058957874
Pure_accel_3v3_6m_top3,Pure_acceleration,2017-01,2017-01-03,"SMCI,ECHO,DAL",accel_3v3_6m,0.037569184655104254,-0.026064899720245244,0.023203136953079,6.0,recent3_minus_previous3_avg_accel,accel_3v3_6m,,,SMCI,0.046535691302468554,-0.10017577608598804,-0.06502634127209916,ECHO,0.034831315272504014,0.06684755389517272,0.09920559021071007,DAL,0.031340547390340194,-0.04486647696992041,0.03543016192062609
Pure_accel_3v3_6m_top3,Pure_acceleration,2017-02,2017-02-01,"LEU,SMCI,FCX",accel_3v3_6m,0.08850113924889437,-0.029357384753793125,-0.029357384753793125,6.0,recent3_minus_previous3_avg_accel,accel_3v3_6m,,,LEU,0.16926715194560293,0.04210530806776713,0.04210530806776713,SMCI,0.05410983419908827,0.03906255675247072,0.03906255675247072,FCX,0.0421264316019919,-0.16924001908161723,-0.16924001908161723
Pure_accel_3v3_6m_top3,Pure_acceleration,2017-03,2017-03-01,"LEU,FCX,ENPH",accel_3v3_6m,0.10136831776459217,-0.07373220044627664,-0.07373220044627664,6.0,recent3_minus_previous3_avg_accel,accel_3v3_6m,,,LEU,0.12190621624503538,-0.018518540817300533,-0.018518540817300533,FCX,0.10615294629456744,-0.053609732941216515,-0.053609732941216515,ENPH,0.0760457907541737,-0.14906832758031285,-0.14906832758031285
Pure_accel_3v3_6m_top3,Pure_acceleration,2017-04,2017-04-03,"NRG,LEU,ENPH",accel_3v3_6m,0.05809662452778408,-0.12725071082770198,-0.11833682349148271,6.0,recent3_minus_previous3_avg_accel,accel_3v3_6m,,,NRG,0.07159256070933305,-0.10843646031578291,-0.08169479830712512,LEU,0.05553500440165362,-0.14922811268341052,-0.14922811268341052,ENPH,0.04716230847236557,-0.12408755948391248,-0.12408755948391248
Pure_accel_3v3_6m_top3,Pure_acceleration,2017-05,2017-05-01,"DXCM,NRG,ENPH",accel_3v3_6m,0.044719746423740846,-0.16825901461955814,0.06145231713562057,6.0,recent3_minus_previous3_avg_accel,accel_3v3_6m,,,DXCM,0.048672845202927986,-0.16017588246744985,-0.08894474832630173,NRG,0.04637242594391613,0.005398888279310787,0.4733017494036986,ENPH,0.03911396812437844,-0.35000004967053533,-0.2000000496705352
Pure_accel_3v3_6m_top3,Pure_acceleration,2017-06,2017-06-01,"PLUG,BLDR,DHR",accel_3v3_6m,0.05117518185014138,0.06068120909267009,0.13714476776813164,6.0,recent3_minus_previous3_avg_accel,accel_3v3_6m,,,PLUG,0.07615554666491083,0.10215050352144872,0.24193544355565155,BLDR,0.04107176324172515,0.09964160303425684,0.18924733902643864,DHR,0.036298235643788174,-0.019748479277695297,-0.019748479277695297
Pure_accel_3v3_6m_top3,Pure_acceleration,2017-07,2017-07-03,"PLUG,DECK,DHR",accel_3v3_6m,0.0395391207351616,0.01099992661497621,0.12125886349895572,6.0,recent3_minus_previous3_avg_accel,accel_3v3_6m,,,PLUG,0.0510700543333639,0.12682926659070604,0.34146344583705446,DECK,0.03509853676333275,-0.05300305626313051,-0.006193292572169606,DHR,0.03244877110878815,-0.04082643048264689,0.028506437231982318
Pure_accel_3v3_6m_top3,Pure_acceleration,2017-08,2017-08-01,"PLUG,PANW,EW",accel_3v3_6m,0.04180183236209951,0.011055825735857025,0.1019649010068406,6.0,recent3_minus_previous3_avg_accel,accel_3v3_6m,,,PLUG,0.04551165007628835,-0.051948003693320643,0.22077922211963008,PANW,0.04507392675519713,0.10211899722651907,0.10211899722651907,EW,0.03481992025481305,-0.017003516325627355,-0.017003516325627355
Pure_accel_3v3_6m_top3,Pure_acceleration,2017-09,2017-09-01,"PANW,FSLR,TPL",accel_3v3_6m,0.036217549757764415,0.004357798441705918,0.09577362125412177,6.0,recent3_minus_previous3_avg_accel,accel_3v3_6m,,,PANW,0.03926069918857299,-0.014113287693251153,-0.014113287693251153,FSLR,0.03832871720286548,-0.013795983388524391,0.2604514850487232,TPL,0.031063232881854773,0.0409826664068933,0.0409826664068933
Pure_accel_3v3_6m_top3,Pure_acceleration,2017-10,2017-10-02,"TPL,FCX,RL",accel_3v3_6m,0.047627819177173174,0.001439143271574202,0.22862436011057277,6.0,recent3_minus_previous3_avg_accel,accel_3v3_6m,,,TPL,0.05370515738638122,-0.003754138457486622,0.12278757138296736,FCX,0.052269217027719805,0.0027891726122457605,0.3786609732108601,RL,0.03690908311741849,0.005282395659963468,0.18442453573789086
Pure_accel_3v3_6m_top3,Pure_acceleration,2017-11,2017-11-01,"LEU,ENPH,GNRC",accel_3v3_6m,0.04459378485773499,0.3759192913525095,0.3792301111014462,6.0,recent3_minus_previous3_avg_accel,accel_3v3_6m,,,LEU,0.06775053450025484,0.08831173013245563,0.08831173013245563,ENPH,0.0337946330601048,1.0714286748243858,1.0714286748243858,GNRC,0.03223618701284533,-0.03198253089931302,-0.022050071652502723
Pure_accel_3v3_6m_top3,Pure_acceleration,2017-12,2017-12-01,"ENPH,URI,CF",accel_3v3_6m,0.059349551467733054,0.049722938920132874,0.14421233185982762,6.0,recent3_minus_previous3_avg_accel,accel_3v3_6m,,,ENPH,0.07323495363998213,-0.10344833823077981,0.14137925307901122,URI,0.05455015230109029,0.10497148584737714,0.14361207335667037,CF,0.05026354846212676,0.14764566914380128,0.14764566914380128
Pure_accel_3v3_6m_top3,Pure_acceleration,2018-01,2018-01-02,"ENPH,GWW,VTRS",accel_3v3_6m,0.07211716152386434,-0.012573004307081378,0.3042360262634941,6.0,recent3_minus_previous3_avg_accel,accel_3v3_6m,,,ENPH,0.13230175146201914,-0.16538455542727826,0.7346155362721787,GWW,0.04219412362483846,0.12905712086691912,0.17948412087918864,VTRS,0.04185560948473541,-0.001391578360884993,-0.001391578360884993
Pure_accel_3v3_6m_top3,Pure_acceleration,2018-02,2018-02-01,"DXCM,ENPH,UUUU",accel_3v3_6m,0.04966804355842278,0.14065094613062637,0.5047919483264453,6.0,recent3_minus_previous3_avg_accel,accel_3v3_6m,,,DXCM,0.05766409068312696,-0.06635562853746912,0.2878866451513431,ENPH,0.05063621009422031,0.5253455421220792,1.0783410462290313,UUUU,0.040703829897921075,-0.03703707519273092,0.1481481535989615
Pure_accel_3v3_6m_top3,Pure_acceleration,2018-03,2018-03-01,"CMG,DXCM,MELI",accel_3v3_6m,0.041764158822212905,0.09121469337096581,0.33585568292960555,6.0,recent3_minus_previous3_avg_accel,accel_3v3_6m,,,CMG,0.04610731421204052,-0.006703743345137569,0.4001787187943262,DXCM,0.042296502743795775,0.3794188499566493,0.7064593564931048,MELI,0.036888659510802425,-0.09907102649861432,-0.09907102649861432
Pure_accel_3v3_6m_top3,Pure_acceleration,2018-04,2018-04-02,"MELI,VEEV,SHOP",accel_3v3_6m,0.036179310915399,0.00547998068115559,0.10990137525500403,6.0,recent3_minus_previous3_avg_accel,accel_3v3_6m,,,MELI,0.03686547770647653,-0.0222926857137834,-0.0222926857137834,VEEV,0.036271165183010164,-0.007138887441231034,0.11674126613770675,SHOP,0.035401289856710295,0.045871515198481205,0.23525554534108872
Pure_accel_3v3_6m_top3,Pure_acceleration,2018-05,2018-05-01,"CVNA,VEEV,AXON",accel_3v3_6m,0.04057325441230809,0.24720194583887758,0.464549581676395,6.0,recent3_minus_previous3_avg_accel,accel_3v3_6m,,,CVNA,0.062312571402240426,0.04371990948043836,0.6206003201646297,VEEV,0.030131362686374785,0.12477087883891214,0.12477087883891214,AXON,0.02927582914830907,0.5731150491972823,0.6482775460256431
Pure_accel_3v3_6m_top3,Pure_acceleration,2018-06,2018-06-01,"CVNA,PCG,NRG",accel_3v3_6m,0.043592681234184666,0.15403285385746127,0.518021856840181,6.0,recent3_minus_previous3_avg_accel,accel_3v3_6m,,,CVNA,0.07080082255731376,0.5140220089893202,1.390486480557417,PCG,0.030668390598610137,0.03477650561149548,0.11213625392527282,NRG,0.029308830546630086,-0.08669995302843181,0.051442836037852935
Pure_accel_3v3_6m_top3,Pure_acceleration,2018-07,2018-07-02,"CVNA,DXCM,SMCI",accel_3v3_6m,0.05532612478031468,-0.04036882925720727,0.31546810177876544,6.0,recent3_minus_previous3_avg_accel,accel_3v3_6m,,,CVNA,0.06867594358963305,0.025556907246393257,0.5788981047595059,DXCM,0.05323100749946481,-0.030573840529607987,0.4835957550651975,SMCI,0.04407142325184618,-0.11608955448840708,-0.11608955448840708
Pure_accel_3v3_6m_top3,Pure_acceleration,2018-08,2018-08-01,"PLUG,AMD,SMCI",accel_3v3_6m,0.04460208687857666,0.151897518882967,0.22863262662038045,6.0,recent3_minus_previous3_avg_accel,accel_3v3_6m,,,PLUG,0.04877629710096978,-0.005102035851341613,-0.005102035851341613,AMD,0.044239401312468535,0.5183982771109281,0.7002164964605677,SMCI,0.04079056222229165,-0.057603684610685546,-0.009216580748084735
Pure_accel_3v3_6m_top3,Pure_acceleration,2018-09,2018-09-04,"TER,DELL,PLUG",accel_3v3_6m,0.0375603733888778,-0.036267072405955614,-0.0056897505065233904,6.0,recent3_minus_previous3_avg_accel,accel_3v3_6m,,,TER,0.03865618644699643,-0.10436888311152759,-0.10436888311152759,DELL,0.037031853536428246,0.005824127250961819,0.09755609294925849,PLUG,0.03699308018320873,-0.010256461357301072,-0.010256461357301072
Pure_accel_3v3_6m_top3,Pure_acceleration,2018-10,2018-10-01,"CVNA,DHI,CASY",accel_3v3_6m,0.03277813748163629,-0.11914199803206893,-0.09893200583838957,6.0,recent3_minus_previous3_avg_accel,accel_3v3_6m,,,CVNA,0.03717259207224243,-0.22759701378977826,-0.22759701378977826,DHI,0.03197864783292013,-0.1243484668247441,-0.09640314222021584,CASY,0.029183172539746303,-0.005480513481684435,0.02720413849482539
Pure_accel_3v3_6m_top3,Pure_acceleration,2018-11,2018-11-01,"HWM,QCOM,LUV",accel_3v3_6m,0.03846202387818697,0.0023824756128623115,0.02154255398590103,6.0,recent3_minus_previous3_avg_accel,accel_3v3_6m,,,HWM,0.04582343420684386,0.011753925502808071,0.011753925502808071,QCOM,0.0355354776792189,-0.07173112746951049,-0.07173112746951049,LUV,0.03402715974849815,0.06712462880528935,0.1246048639244055
Pure_accel_3v3_6m_top3,Pure_acceleration,2018-12,2018-12-03,"CBOE,COR,MELI",accel_3v3_6m,0.034196467874316926,-0.14835388915407274,0.02708671280980479,6.0,recent3_minus_previous3_avg_accel,accel_3v3_6m,,,CBOE,0.037577292427841344,-0.0878907845595206,-0.08191925420458768,COR,0.034516316265096644,-0.16367138867965492,-0.05908794170670062,MELI,0.030495794930012796,-0.1934994942230427,0.22226733434070267
Pure_accel_3v3_6m_top3,Pure_acceleration,2019-01,2019-01-02,"MELI,FCX,CAH",accel_3v3_6m,0.029183633808136877,0.14473509518003183,0.3951921430860284,6.0,recent3_minus_previous3_avg_accel,accel_3v3_6m,,,MELI,0.030333314814336116,0.2236501852702948,0.7385657138128978,FCX,0.02868735442670665,0.11581352203983042,0.26995295063988634,CAH,0.028530232183367858,0.09474157822997031,0.1770577648053011
Pure_accel_3v3_6m_top3,Pure_acceleration,2019-02,2019-02-01,"SEDG,ENPH,NEM",accel_3v3_6m,0.0297243921698378,0.08641396948296028,0.3119071704866366,6.0,recent3_minus_previous3_avg_accel,accel_3v3_6m,,,SEDG,0.03852800899982277,-0.0401671593799483,0.0248432714744784,ENPH,0.028314060403160774,0.30000005449567557,0.8542856488909041,NEM,0.022331107106529857,-0.000590986666846427,0.0565925910945273
Pure_accel_3v3_6m_top3,Pure_acceleration,2019-03,2019-03-01,"LEU,ENPH,SEDG",accel_3v3_6m,0.051014482259290735,-0.025558521333442014,0.3797681021569577,6.0,recent3_minus_previous3_avg_accel,accel_3v3_6m,,,LEU,0.061348568682267166,-0.00983605634714435,0.1245902034038826,ENPH,0.05102258653185616,0.017582400077467586,0.7263735581964528,SEDG,0.04067229156374887,-0.08442190773064928,0.28834054487053784
Pure_accel_3v3_6m_top3,Pure_acceleration,2019-04,2019-04-01,"AXON,ENPH,SMCI",accel_3v3_6m,0.06342329186359241,0.19982267942558032,0.41346510591171964,6.0,recent3_minus_previous3_avg_accel,accel_3v3_6m,,,AXON,0.06596833594595324,0.15436125322266347,0.22077454096095162,ENPH,0.06588738202544336,0.4017277776896653,0.9762417694097951,SMCI,0.05841415761938064,0.04337900736441225,0.04337900736441225
Pure_accel_3v3_6m_top3,Pure_acceleration,2019-05,2019-05-01,"ENPH,CVNA,DVN",accel_3v3_6m,0.08197346357624836,-0.05449066525126289,0.3859900424709064,6.0,recent3_minus_previous3_avg_accel,accel_3v3_6m,,,ENPH,0.08939907827587164,0.21032362035355612,1.3189523453776477,CVNA,0.08469912027866261,-0.17498939443702566,-0.07186305187798225,DVN,0.07182219217421087,-0.19880622167031914,-0.08911916608694614
Pure_accel_3v3_6m_top3,Pure_acceleration,2019-06,2019-06-03,"CVNA,PCG,QCOM",accel_3v3_6m,0.07276931993909465,0.20124803107274794,0.281323481235005,6.0,recent3_minus_previous3_avg_accel,accel_3v3_6m,,,CVNA,0.07739155839098968,0.12500002044055125,0.36522637092732246,PCG,0.07709351074960157,0.3051984833678276,0.3051984833678276,QCOM,0.06382289067669272,0.17354558940986498,0.17354558940986498
Pure_accel_3v3_6m_top3,Pure_acceleration,2019-07,2019-07-01,"CVNA,AMD,PCG",accel_3v3_6m,0.06488310398497116,-0.10420196439738756,-0.007687227051791072,6.0,recent3_minus_previous3_avg_accel,accel_3v3_6m,,,CVNA,0.0989251976573142,-0.04267638142147623,0.213534529886229,AMD,0.052849710567609884,-0.04294872178912246,-0.00961542106003821,PCG,0.04287440372998941,-0.226980789981564,-0.226980789981564
Pure_accel_3v3_6m_top3,Pure_acceleration,2019-08,2019-08-01,"AMD,PCG,QCOM",accel_3v3_6m,0.054116388743182316,-0.1081728277458613,-0.020918376423635327,6.0,recent3_minus_previous3_avg_accel,accel_3v3_6m,,,AMD,0.057939280335035134,0.03482916901944666,0.16845273531418248,PCG,0.05458300231786705,-0.4144043441737567,-0.4144043441737567,QCOM,0.04982688357664478,0.05505669191672613,0.18319647958866825
Pure_accel_3v3_6m_top3,Pure_acceleration,2019-09,2019-09-03,"DXCM,COR,TSLA",accel_3v3_6m,0.03547592573502397,-0.01884156285137924,0.2846573730036963,6.0,recent3_minus_previous3_avg_accel,accel_3v3_6m,,,DXCM,0.04394255990352815,-0.13589915911898676,0.299895537614564,COR,0.03138137066379278,-0.008088391034103082,0.06583158902907704,TSLA,0.031103846637750985,0.08746286159895211,0.4882449923674479
Pure_accel_3v3_6m_top3,Pure_acceleration,2019-10,2019-10-01,"TSLA,CI,DVA",accel_3v3_6m,0.04303152118056961,0.17485941142112504,0.48294894734379157,6.0,recent3_minus_previous3_avg_accel,accel_3v3_6m,,,TSLA,0.061919239194489856,0.28043635244563747,0.7583880383549395,CI,0.03383809778188341,0.1933123534754997,0.3623613768735481,DVA,0.03333722656533559,0.05082952834223797,0.3280974268028871
Pure_accel_3v3_6m_top3,Pure_acceleration,2019-11,2019-11-01,"KR,TSLA,NRG",accel_3v3_6m,0.015634174474009773,0.055020832567047484,0.5409431246444375,6.0,recent3_minus_previous3_avg_accel,accel_3v3_6m,,,KR,0.019396587572688112,0.11664692402608856,0.15368032786885255,TSLA,0.01768026144722707,0.06881367125383675,1.489547143643243,NRG,0.009825674402114131,-0.02039809757878286,-0.02039809757878286
Pure_accel_3v3_6m_top3,Pure_acceleration,2019-12,2019-12-02,"LEU,BIIB,ALGN",accel_3v3_6m,0.04351358465281229,0.07987812999763706,0.22955629839392167,6.0,recent3_minus_previous3_avg_accel,accel_3v3_6m,,,LEU,0.07023250964726188,0.19926197573866644,0.5332103879413339,BIIB,0.031154215860480696,0.006327081956481573,0.1214131749426679,ALGN,0.029154028450694293,0.03404533229776319,0.03404533229776319
Pure_accel_3v3_6m_top3,Pure_acceleration,2020-01,2020-01-02,"LEU,ALGN,GE",accel_3v3_6m,0.053081035683094635,-0.030395795336977487,0.06601449139523152,6.0,recent3_minus_previous3_avg_accel,accel_3v3_6m,,,LEU,0.058460907817118726,-0.010769257178673386,0.27846160301795364,ALGN,0.05398212301573075,-0.10807948813775436,-0.10807948813775436,GE,0.04680007621643442,0.027661359305495292,0.027661359305495292
Pure_accel_3v3_6m_top3,Pure_acceleration,2020-02,2020-02-03,"ALGN,LEU,MDB",accel_3v3_6m,0.06451184161293594,0.05172849962282977,0.05229993735861597,6.0,recent3_minus_previous3_avg_accel,accel_3v3_6m,,,ALGN,0.07024450303161317,-0.09011146417974891,-0.09011146417974891,LEU,0.0685243799076315,0.2923795709904131,0.2923795709904131,MDB,0.054766641899563144,-0.04708260794217489,-0.045368294734816295
Pure_accel_3v3_6m_top3,Pure_acceleration,2020-03,2020-03-02,"PCG,ANET,PLUG",accel_3v3_6m,0.08746583578835111,-0.23359617849932432,-0.012031410601649547,6.0,recent3_minus_previous3_avg_accel,accel_3v3_6m,,,PCG,0.14999432409647315,-0.44053154732321864,-0.2112956731181832,ANET,0.057272111172357906,-0.019431263729534076,0.1935500471059528,PLUG,0.055131072096222304,-0.2408257244452202,-0.018348605792718242
Pure_accel_3v3_6m_top3,Pure_acceleration,2020-04,2020-04-01,"PCG,ENPH,SHOP",accel_3v3_6m,0.05555235631070082,0.4174392694775643,1.019110069693958,6.0,recent3_minus_previous3_avg_accel,accel_3v3_6m,,,PCG,0.07811904767393017,0.20427551943047617,0.4097386959144069,ENPH,0.06051770165931043,0.4528048147450028,1.0047027002853781,SHOP,0.02802031959886185,0.595237474257214,1.6428888128820889
Pure_accel_3v3_6m_top3,Pure_acceleration,2020-05,2020-05-01,"PCG,ZS,ERIE",accel_3v3_6m,0.04281338979552098,0.2775736500218189,0.46858098173953083,6.0,recent3_minus_previous3_avg_accel,accel_3v3_6m,,,PCG,0.04497836530268111,0.17061143664291878,0.17061143664291878,ZS,0.04320183452655525,0.6451758544094648,0.9832461459573396,ERIE,0.04025996955732658,0.016933659013073088,0.25188536261833416
Pure_accel_3v3_6m_top3,Pure_acceleration,2020-06,2020-06-01,"EQT,ENPH,ZS",accel_3v3_6m,0.06723164290587967,-0.09171614647327653,0.32899076995396653,6.0,recent3_minus_previous3_avg_accel,accel_3v3_6m,,,EQT,0.08147646704877938,-0.11111100533560725,0.21911435281297642,ENPH,0.07880509780953708,-0.17794904285487645,0.3188672701405213,ZS,0.04141336385932255,0.013911608770654116,0.44899068690840194
Pure_accel_3v3_6m_top3,Pure_acceleration,2020-07,2020-07-01,"CRWD,ZS,COHR",accel_3v3_6m,0.05856555824012196,0.16675762721322118,0.3381490705233754,6.0,recent3_minus_previous3_avg_accel,accel_3v3_6m,,,CRWD,0.06939017726707455,0.12170963360971077,0.3957261457098047,ZS,0.05901400142234546,0.18895165717137408,0.4291094750017428,COHR,0.04729249603094587,0.1896115908585787,0.1896115908585787
Pure_accel_3v3_6m_top3,Pure_acceleration,2020-08,2020-08-03,"TRGP,RCL,CCL",accel_3v3_6m,0.10671620363338703,0.2040004962811586,0.2040004962811586,6.0,recent3_minus_previous3_avg_accel,accel_3v3_6m,,,TRGP,0.14247326522099663,-0.09686025494412498,-0.09686025494412498,RCL,0.08899215961105056,0.44566352559969724,0.44566352559969724,CCL,0.08868318606811396,0.26319821818790357,0.26319821818790357
Pure_accel_3v3_6m_top3,Pure_acceleration,2020-09,2020-09-01,"LEU,FIX,CVNA",accel_3v3_6m,0.07026080206420528,-0.03209151440357368,0.1436677307466615,6.0,recent3_minus_previous3_avg_accel,accel_3v3_6m,,,LEU,0.08580117982466008,-0.135338391691059,0.33458640517587,FIX,0.06598756251443343,-0.008957614166179462,-0.008957614166179462,CVNA,0.0589936638535223,0.04802146264651741,0.10537440123029396
Pure_accel_3v3_6m_top3,Pure_acceleration,2020-10,2020-10-01,"PLUG,CVNA,IVZ",accel_3v3_6m,0.07471196740538752,0.026749559610482088,0.625050477416403,6.0,recent3_minus_previous3_avg_accel,accel_3v3_6m,,,PLUG,0.11591123065839065,0.10500001907348633,1.2978570120675221,CVNA,0.05698491945743668,-0.22297354617133602,0.05472496568815122,IVZ,0.05123975210033523,0.19822220592929596,0.5225694544935355
Pure_accel_3v3_6m_top3,Pure_acceleration,2020-11,2020-11-02,"AMD,MGM,MOS",accel_3v3_6m,0.053901709735021675,0.24212300487171215,0.3442839602815703,6.0,recent3_minus_previous3_avg_accel,accel_3v3_6m,,,AMD,0.06062205535504536,0.240026787653004,0.240026787653004,MGM,0.05154326167649107,0.37386754989552506,0.4164513693166323,MOS,0.04953981217352861,0.11247467706660741,0.3763737238750746
Pure_accel_3v3_6m_top3,Pure_acceleration,2020-12,2020-12-01,"PCG,TPR,GE",accel_3v3_6m,0.06878953860503013,0.04934523171662897,0.23943923750419174,6.0,recent3_minus_previous3_avg_accel,accel_3v3_6m,,,PCG,0.09344125721223825,-0.03782502810055499,-0.03782502810055499,TPR,0.05796140190402335,0.15338467583448945,0.4633286588729051,GE,0.0549659566988288,0.03247604741595245,0.29281408174022516
Pure_accel_3v3_6m_top3,Pure_acceleration,2021-01,2021-01-04,"PCG,GE,TPR",accel_3v3_6m,0.0638349600519044,-0.01982386726890332,0.1599659875885191,6.0,recent3_minus_previous3_avg_accel,accel_3v3_6m,,,PCG,0.08406023433558435,-0.05896808797666275,-0.05814908125210705,GE,0.05925005225933324,0.02578799394111786,0.26932144922495826,TPR,0.048194593560795584,-0.026291507771165068,0.2687255947927061
Pure_accel_3v3_6m_top3,Pure_acceleration,2021-02,2021-02-01,"MSTR,GE,TAP",accel_3v3_6m,0.02466245463343902,0.11986378809719385,0.2134681254108882,6.0,recent3_minus_previous3_avg_accel,accel_3v3_6m,,,MSTR,0.04774248131815702,0.23304339566722643,0.23304339566722643,GE,0.01482183594092528,0.2206705786773806,0.25325085870913,TAP,0.01142304664123477,-0.09412261005302547,0.15411012185630812
Pure_accel_3v3_6m_top3,Pure_acceleration,2021-03,2021-03-01,"UUUU,MSTR,EQT",accel_3v3_6m,0.0789660035243799,0.026534140451096217,0.1544008018640647,6.0,recent3_minus_previous3_avg_accel,accel_3v3_6m,,,UUUU,0.10386068847872455,0.1522157905863526,0.3834296241191031,MSTR,0.06898230352041433,-0.10081284387317058,-0.10081284387317058,EQT,0.06405501857400078,0.028199474640106637,0.18058562534626166
Pure_accel_3v3_6m_top3,Pure_acceleration,2021-04,2021-04-01,"UUUU,EQT,ZS",accel_3v3_6m,0.06390977785004441,0.03083341215737989,0.19476595067875113,6.0,recent3_minus_previous3_avg_accel,accel_3v3_6m,,,UUUU,0.0800051961255378,0.023411348835963075,0.2006688637855656,EQT,0.062215703653370244,0.04166673397929754,0.16772185946996632,ZS,0.049508433771225144,0.027422153656879056,0.2159071287807215
Pure_accel_3v3_6m_top3,Pure_acceleration,2021-05,2021-05-03,"WSM,TRGP,SHOP",accel_3v3_6m,0.07331573923009177,0.07082850285698632,0.2020824490561084,6.0,recent3_minus_previous3_avg_accel,accel_3v3_6m,,,WSM,0.0793977329704612,-0.025092918840896372,-0.025092918840896372,TRGP,0.07689732381672815,0.12211597835308097,0.2599887688490379,SHOP,0.06365216090308594,0.11546244905877434,0.3713514971601837
Pure_accel_3v3_6m_top3,Pure_acceleration,2021-06,2021-06-01,"PHM,FIX,UPS",accel_3v3_6m,0.04407138704258842,-0.03873869933644314,-0.03873869933644314,6.0,recent3_minus_previous3_avg_accel,accel_3v3_6m,,,PHM,0.047200701489964636,-0.037821560330740356,-0.037821560330740356,FIX,0.04588692828473237,-0.0640008571782128,-0.0640008571782128,UPS,0.03912653135306826,-0.01439368050037626,-0.01439368050037626
Pure_accel_3v3_6m_top3,Pure_acceleration,2021-07,2021-07-01,"CRM,UPS,GEN",accel_3v3_6m,0.043648878707723514,-0.06634333890533421,0.017133074641291213,6.0,recent3_minus_previous3_avg_accel,accel_3v3_6m,,,CRM,0.04758757407328755,-0.016817794782832518,0.12360177503777425,UPS,0.04696360268207954,-0.08695650196055882,-0.060804072037640156,GEN,0.03639545936780346,-0.09525571997261129,-0.01139847907626046
Pure_accel_3v3_6m_top3,Pure_acceleration,2021-08,2021-08-02,"NVDA,AMD,CVNA",accel_3v3_6m,0.041049662897808405,0.046194055115824716,0.1501161026011848,6.0,recent3_minus_previous3_avg_accel,accel_3v3_6m,,,NVDA,0.04378687186713405,0.1364533781723165,0.3079267297005708,AMD,0.04144925737200919,0.012519567750506999,0.15281235867833298,CVNA,0.037912859454281966,-0.010390780575349368,-0.010390780575349368
Pure_accel_3v3_6m_top3,Pure_acceleration,2021-09,2021-09-01,"FSLR,ENPH,SEDG",accel_3v3_6m,0.03328247997861396,-0.05123806988197799,0.29701279731774366,6.0,recent3_minus_previous3_avg_accel,accel_3v3_6m,,,FSLR,0.04227887830381646,0.02668511802444895,0.2879013665100878,ENPH,0.030404747239791773,-0.11942409420233446,0.3576489753614178,SEDG,0.027163814392233643,-0.06097523346804845,0.24548805008172536
Pure_accel_3v3_6m_top3,Pure_acceleration,2021-10,2021-10-01,"PLTR,MSTR,MELI",accel_3v3_6m,0.0606167605475588,0.06228641593263625,0.06228641593263625,6.0,recent3_minus_previous3_avg_accel,accel_3v3_6m,,,PLTR,0.0929041720436583,0.09165637275911043,0.09165637275911043,MSTR,0.05088651411244969,0.20190708708685134,0.20190708708685134,MELI,0.03805959548656841,-0.10670421204805303,-0.10670421204805303
Pure_accel_3v3_6m_top3,Pure_acceleration,2021-11,2021-11-01,"LEU,PLTR,UUUU",accel_3v3_6m,0.06462863737346719,-0.12489168233770125,-0.12409899488418485,6.0,recent3_minus_previous3_avg_accel,accel_3v3_6m,,,LEU,0.07651055428740486,-0.11147811866310575,-0.11147811866310575,PLTR,0.07121899222635228,-0.27033134222696886,-0.27033134222696886,UUUU,0.046156365606644434,0.007134413876970891,0.009512476237520051
Pure_accel_3v3_6m_top3,Pure_acceleration,2021-12,2021-12-01,"PLUG,PLTR,LEU",accel_3v3_6m,0.1413917057538149,-0.09328826085448132,-0.09328826085448132,6.0,recent3_minus_previous3_avg_accel,accel_3v3_6m,,,PLUG,0.1769307581508646,-0.21574498410421528,-0.21574498410421528,PLTR,0.132094294378585,-0.04385957228738446,-0.04385957228738446,LEU,0.11515006473199516,-0.020260226171844198,-0.020260226171844198
Pure_accel_3v3_6m_top3,Pure_acceleration,2022-01,2022-01-03,"PLUG,UUUU,RKLB",accel_3v3_6m,0.09166063880017135,-0.2156584129503681,-0.04548863027406902,6.0,recent3_minus_previous3_avg_accel,accel_3v3_6m,,,PLUG,0.11690614752442616,-0.20458496386571512,-0.015630453234781072,UUUU,0.0909887724335908,-0.22025912084480492,0.10129571655315828,RKLB,0.06708699644249709,-0.22213115414058426,-0.22213115414058426
Pure_accel_3v3_6m_top3,Pure_acceleration,2022-02,2022-02-01,"TPL,PLUG,AMAT",accel_3v3_6m,0.05778892946337825,0.03208321273652145,0.14791929754484126,6.0,recent3_minus_previous3_avg_accel,accel_3v3_6m,,,TPL,0.07012897713603332,0.0743412075385721,0.26944772269476247,PLUG,0.056619976755274026,0.08515287316256304,0.23755461243133214,AMAT,0.046617834498827386,-0.0632444424915708,-0.0632444424915708
Pure_accel_3v3_6m_top3,Pure_acceleration,2022-03,2022-03-01,"TPL,LVS,TPR",accel_3v3_6m,0.04071118191848663,0.03278021672981979,0.08168394986938861,6.0,recent3_minus_previous3_avg_accel,accel_3v3_6m,,,TPL,0.045137606696467,0.1816057261763233,0.3283169255950298,LVS,0.04017546685481411,-0.019354676397011383,-0.019354676397011383,TPR,0.03682047220417879,-0.06391039958985256,-0.06391039958985256
Pure_accel_3v3_6m_top3,Pure_acceleration,2022-04,2022-04-01,"NUE,NEM,CCL",accel_3v3_6m,0.04926876639921631,-0.08541747693649648,-0.08541747693649648,6.0,recent3_minus_previous3_avg_accel,accel_3v3_6m,,,NUE,0.05180677112065439,0.004890759749624829,0.004890759749624829,NEM,0.049441067805655506,-0.1264798709736603,-0.1264798709736603,CCL,0.04655846027133903,-0.13466331958545397,-0.13466331958545397
Pure_accel_3v3_6m_top3,Pure_acceleration,2022-05,2022-05-02,"OXY,EQT,CRWD",accel_3v3_6m,0.04176831364867267,0.08912045249176319,0.12488443769247315,6.0,recent3_minus_previous3_avg_accel,accel_3v3_6m,,,OXY,0.0487205261396731,0.20789022945206215,0.20789022945206215,EQT,0.04011549029905373,0.2666893858823096,0.2666893858823096,CRWD,0.03646892450729118,-0.2072182578590822,-0.09992630225695232
Pure_accel_3v3_6m_top3,Pure_acceleration,2022-06,2022-06-01,"XYZ,CRWD,ENPH",accel_3v3_6m,0.03532182117656296,-0.012375839717079784,0.20993463596019368,6.0,recent3_minus_previous3_avg_accel,accel_3v3_6m,,,XYZ,0.03556442566349329,-0.21987548933002532,-0.05005501062396167,CRWD,0.035476044895752866,0.11025087264302735,0.1353360577053484,ENPH,0.03492499297044273,0.07249709753575861,0.5445228607991943
Pure_accel_3v3_6m_top3,Pure_acceleration,2022-07,2022-07-01,"NRG,BIIB,META",accel_3v3_6m,0.03861002536411442,-0.009805896464377609,0.1192755167882001,6.0,recent3_minus_previous3_avg_accel,accel_3v3_6m,,,NRG,0.044338084310016415,-0.022288321284930968,0.0697130941917079,BIIB,0.03695969284920288,-0.006504345744751672,0.2548069205050649,META,0.03453229893312396,-0.0006250223634501895,0.033306535667827486
Pure_accel_3v3_6m_top3,Pure_acceleration,2022-08,2022-08-01,"RKLB,LEU,XYL",accel_3v3_6m,0.022985946703312124,0.18165616446102617,0.2386675463721081,6.0,recent3_minus_previous3_avg_accel,accel_3v3_6m,,,RKLB,0.02857674837878225,0.11416489633731608,0.11416489633731608,LEU,0.02661281241471763,0.41771770323531165,0.44078752909572194,XYL,0.013768279316436486,0.013085893810450777,0.16105021368328631
Pure_accel_3v3_6m_top3,Pure_acceleration,2022-09,2022-09-01,"LEU,NFLX,ENPH",accel_3v3_6m,0.08616891299071938,-0.014537270851323688,0.1693682244719399,6.0,recent3_minus_previous3_avg_accel,accel_3v3_6m,,,LEU,0.10947385930080683,-0.0995877660532003,0.016272510252050676,NFLX,0.0814562104906192,0.039123614583240984,0.3778038642963386,ENPH,0.06757666918073213,0.016852338915988252,0.11402829886743038
Pure_accel_3v3_6m_top3,Pure_acceleration,2022-10,2022-10-03,"LEU,CVNA,RKLB",accel_3v3_6m,0.10681789977559919,0.015731196731721592,0.015731196731721592,6.0,recent3_minus_previous3_avg_accel,accel_3v3_6m,,,LEU,0.12219598493675274,0.12867470247199742,0.12867470247199742,CVNA,0.10294292004743527,-0.2879776037620809,-0.2879776037620809,RKLB,0.09531479434260957,0.2064964914852483,0.2064964914852483
Pure_accel_3v3_6m_top3,Pure_acceleration,2022-11,2022-11-01,"COIN,CVNA,LEU",accel_3v3_6m,0.09351865987627299,-0.3186327159191494,-0.057849158239978715,6.0,recent3_minus_previous3_avg_accel,accel_3v3_6m,,,COIN,0.10234948104766944,-0.2847211280943861,0.03807862218127389,CVNA,0.09656644652027008,-0.4679319208852881,-0.11256547831596264,LEU,0.08164005206087943,-0.20324509877777397,-0.0990606185852474
Pure_accel_3v3_6m_top3,Pure_acceleration,2022-12,2022-12-01,"RCL,CCL,SLB",accel_3v3_6m,0.047420326340316225,-0.13417324606613903,0.13035798102205884,6.0,recent3_minus_previous3_avg_accel,accel_3v3_6m,,,RCL,0.06098780491322711,-0.2002954186538023,0.17386320297654634,CCL,0.04581348679540941,-0.20060184566131722,0.13741220868404658,SLB,0.035459687312312145,-0.0016224738832976149,0.07979853140558357
Pure_accel_3v3_6m_top3,Pure_acceleration,2023-01,2023-01-03,"FCX,RCL,UHS",accel_3v3_6m,0.058205479030486375,0.21239819986667366,0.24134512014228995,6.0,recent3_minus_previous3_avg_accel,accel_3v3_6m,,,FCX,0.06353839425334765,0.1856226091770692,0.1856226091770692,RCL,0.05937459818245451,0.38103028850552056,0.46787104933236945,UHS,0.05170344465565699,0.07054170191743125,0.07054170191743125
Pure_accel_3v3_6m_top3,Pure_acceleration,2023-02,2023-02-01,"HAL,BKR,CCL",accel_3v3_6m,0.0641000385129819,-0.05530701656204454,-0.05530701656204454,6.0,recent3_minus_previous3_avg_accel,accel_3v3_6m,,,HAL,0.07059524703627419,-0.07756824417251829,-0.07756824417251829,BKR,0.06196369590395279,-0.022215235103336894,-0.022215235103336894,CCL,0.05974117259871875,-0.06613757041027846,-0.06613757041027846
Pure_accel_3v3_6m_top3,Pure_acceleration,2023-03,2023-03-01,"CVNA,NEM,META",accel_3v3_6m,0.05596128096331249,0.13457050113913085,0.49255981739621085,6.0,recent3_minus_previous3_avg_accel,accel_3v3_6m,,,CVNA,0.06355291355954774,0.042648763598271744,0.7732885422141715,NEM,0.05377540119761195,0.13242697535412318,0.13242697535412318,META,0.05055552813277776,0.22863576446499767,0.5719639346203378
Pure_accel_3v3_6m_top3,Pure_acceleration,2023-04,2023-04-03,"EQT,CVNA,META",accel_3v3_6m,0.03941057528601093,-0.01168284924516542,0.8015903023496554,6.0,recent3_minus_previous3_avg_accel,accel_3v3_6m,,,EQT,0.040782486146064216,0.07767315467946401,0.2852156519263054,CVNA,0.040705979452188346,-0.25403659455638294,1.7771796211916384,META,0.03674326025978024,0.14131489214142268,0.34237563393102244
Pure_accel_3v3_6m_top3,Pure_acceleration,2023-05,2023-05-01,"CVNA,APP,TSLA",accel_3v3_6m,0.06358682868992145,0.6780396789199283,2.55958283293058,6.0,recent3_minus_previous3_avg_accel,accel_3v3_6m,,,CVNA,0.08133516133319789,1.2799422806869516,6.086579571639579,APP,0.061362243594488386,0.47184343144551777,0.8630704648266048,TSLA,0.048063081142078086,0.2823333246273154,0.7290984623255572
Pure_accel_3v3_6m_top3,Pure_acceleration,2023-06,2023-06-01,"APP,WST,GNRC",accel_3v3_6m,0.0376337219164361,0.1592733638706255,0.42813325072077385,6.0,recent3_minus_previous3_avg_accel,accel_3v3_6m,,,APP,0.04946161669453428,0.043898516147284905,0.7394280611927835,WST,0.03265991445922022,0.1077503061687266,0.19431998103380366,GNRC,0.030779634595553808,0.32617126929586493,0.35065170993573447
Pure_accel_3v3_6m_top3,Pure_acceleration,2023-07,2023-07-03,"CVNA,SMCI,APP",accel_3v3_6m,0.05809589766526665,0.49021338845350787,0.6639285891511832,6.0,recent3_minus_previous3_avg_accel,accel_3v3_6m,,,CVNA,0.07256196294949446,0.9034883411463168,0.9709303056267522,SMCI,0.05406280834820904,0.35457465551576983,0.35457465551576983,APP,0.04766292169809645,0.212577168698437,0.6662808063110277
Pure_accel_3v3_6m_top3,Pure_acceleration,2023-08,2023-08-01,"CVNA,SMCI,ZS",accel_3v3_6m,0.056887112334720456,-0.05194604678752346,-0.040190719586508626,6.0,recent3_minus_previous3_avg_accel,accel_3v3_6m,,,CVNA,0.07430385355598591,0.03543072107277556,0.03543072107277556,SMCI,0.04932899186487882,-0.16411899604166968,-0.14427067082551082,ZS,0.04702849158329664,-0.027149865393676254,-0.011732209006790617
Pure_accel_3v3_6m_top3,Pure_acceleration,2023-09,2023-09-01,"CVNA,SMCI,ZS",accel_3v3_6m,0.08220016594951846,-0.06284287375099118,0.015323557710540836,6.0,recent3_minus_previous3_avg_accel,accel_3v3_6m,,,CVNA,0.09964224500720546,-0.2281219424048233,-0.2281219424048233,SMCI,0.08245154320319491,0.023745395722796214,0.023745395722796214,ZS,0.06450670963815501,0.015847925429053555,0.2503472198136496
Pure_accel_3v3_6m_top3,Pure_acceleration,2023-10,2023-10-02,"TPL,HAL,KEY",accel_3v3_6m,0.057463396187231584,0.005376593901811407,0.1557136361403811,6.0,recent3_minus_previous3_avg_accel,accel_3v3_6m,,,TPL,0.07786139137387918,0.05363850521018709,0.05363850521018709,HAL,0.04754158374843366,-0.00880075806313596,-0.00880075806313596,KEY,0.046987213439381885,-0.02870796544161691,0.4223031612740922
Pure_accel_3v3_6m_top3,Pure_acceleration,2023-11,2023-11-01,"TPL,KEY,HAL",accel_3v3_6m,0.04220292094990197,0.07705573314611962,0.12349497617400813,6.0,recent3_minus_previous3_avg_accel,accel_3v3_6m,,,TPL,0.04913836024103911,-0.05047770989516864,-0.05047770989516864,KEY,0.03944409038772852,0.32502369519329766,0.46434142427696323,HAL,0.03802631222093827,-0.043378785859770175,-0.043378785859770175
Pure_accel_3v3_6m_top3,Pure_acceleration,2023-12,2023-12-01,"AXON,T,UUUU",accel_3v3_6m,0.029008918718242183,0.004559791359419381,0.16168195725591117,6.0,recent3_minus_previous3_avg_accel,accel_3v3_6m,,,AXON,0.030417353991784263,0.08690773985303002,0.35739280141843244,T,0.028766822664664925,0.029235960806852423,0.09393066428467467,UUUU,0.027842579498277353,-0.1024643265816243,0.0337224060646264
Pure_accel_3v3_6m_top3,Pure_acceleration,2024-01,2024-01-02,"COIN,PSKY,MSTR",accel_3v3_6m,0.04627336889530106,-0.14124779109927332,0.6717823983798112,6.0,recent3_minus_previous3_avg_accel,accel_3v3_6m,,,COIN,0.06091480062770782,-0.17803421127780872,0.607024431180218,PSKY,0.04309551134682811,0.019444453666064065,0.019444453666064065,MSTR,0.03480979471136722,-0.2651536156860753,1.3888783102931517
Pure_accel_3v3_6m_top3,Pure_acceleration,2024-02,2024-02-01,"MSTR,COIN,XYZ",accel_3v3_6m,0.07921038731103575,0.6427614235600618,1.1425972859214206,6.0,recent3_minus_previous3_avg_accel,accel_3v3_6m,,,MSTR,0.09041444510629547,1.1438588207412002,2.2508540033485804,COIN,0.08683583719656335,0.595734851820529,0.9550989265361769,XYZ,0.06038087963024841,0.18869059811845634,0.22183892787950432
Pure_accel_3v3_6m_top3,Pure_acceleration,2024-03,2024-03-01,"PODD,PSKY,ALGN",accel_3v3_6m,0.060599258013333074,0.045447509809112795,0.10378178822542956,6.0,recent3_minus_previous3_avg_accel,accel_3v3_6m,,,PODD,0.07032791554400314,-0.006794646360321233,0.07190545446939622,PSKY,0.05774948701926827,0.07767274629678167,0.17397548071601454,ALGN,0.053720371476727806,0.06546442949087794,0.06546442949087794
Pure_accel_3v3_6m_top3,Pure_acceleration,2024-04,2024-04-01,"SMCI,NVDA,AMD",accel_3v3_6m,0.08865274151734692,-0.19409182066336186,0.016985936780674282,6.0,recent3_minus_previous3_avg_accel,accel_3v3_6m,,,SMCI,0.1475030560164861,-0.2881453556578677,-0.2167766945326116,NVDA,0.06146136189769626,-0.08102880358415432,0.37567599980987176,AMD,0.05699380663785844,-0.2131013027480636,-0.1079414949352373
Pure_accel_3v3_6m_top3,Pure_acceleration,2024-05,2024-05-01,"SMCI,CVNA,PLTR",accel_3v3_6m,0.09683775395814759,0.047954988303429404,0.3205594836091767,6.0,recent3_minus_previous3_avg_accel,accel_3v3_6m,,,SMCI,0.1519674723578805,0.04373555731780132,0.10025735126194513,CVNA,0.07834404653799837,0.13629582323702194,0.6823976396094282,PLTR,0.0602017429785639,-0.036166415644535044,0.17902345995615665
Pure_accel_3v3_6m_top3,Pure_acceleration,2024-06,2024-06-03,"CVNA,PLTR,MSTR",accel_3v3_6m,0.12643830163634825,0.1032680445718619,0.28020528870611233,6.0,recent3_minus_previous3_avg_accel,accel_3v3_6m,,,CVNA,0.20745148366004154,0.25656836445624176,0.48059827837499136,PLTR,0.09605817232148181,0.21388365531024833,0.4310506878801057,MSTR,0.07580524892752144,-0.1606478860509044,-0.07103310013676012
Pure_accel_3v3_6m_top3,Pure_acceleration,2024-07,2024-07-01,"PLUG,LEU,CVNA",accel_3v3_6m,0.04636839781237878,0.05596908553601406,0.28608808025595955,6.0,recent3_minus_previous3_avg_accel,accel_3v3_6m,,,PLUG,0.04886210974725152,0.017543843138140724,0.017543843138140724,LEU,0.04801555400119372,-0.027923674010368327,0.42696894363115834,CVNA,0.042227529688691104,0.17828708748026978,0.4137514539985796
Pure_accel_3v3_6m_top3,Pure_acceleration,2024-08,2024-08-01,"LEU,CHTR,TPL",accel_3v3_6m,0.03636066137632873,-0.0695707223245657,0.6960290857118663,6.0,recent3_minus_previous3_avg_accel,accel_3v3_6m,,,LEU,0.04174233203031897,-0.11932238313216337,1.6891726003020477,CHTR,0.03500044675132799,-0.081040898994726,-0.027800649792799947,TPL,0.03233920534733923,-0.008348884846807736,0.42671530662635093
Pure_accel_3v3_6m_top3,Pure_acceleration,2024-09,2024-09-03,"CHTR,TPL,HUM",accel_3v3_6m,0.04081908474438279,-0.05258274157155185,0.2632814304742886,6.0,recent3_minus_previous3_avg_accel,accel_3v3_6m,,,CHTR,0.04515495242676252,-0.05043011530379582,0.1385889307404642,TPL,0.04262515787335104,0.12183472688725305,0.8426728103280665,HUM,0.034677143933034796,-0.22915283629811278,-0.19141744964566498
Pure_accel_3v3_6m_top3,Pure_acceleration,2024-10,2024-10-01,"MDB,EXPE,GL",accel_3v3_6m,0.04194374572790791,0.049587713019570025,0.2040410344329536,6.0,recent3_minus_previous3_avg_accel,accel_3v3_6m,,,MDB,0.04725609837429169,0.05519543900630408,0.2620812317431136,EXPE,0.039505525080826547,0.08827741661060107,0.26531034121254216,GL,0.039069613728605526,0.005290283441804933,0.08473153034320502
Pure_accel_3v3_6m_top3,Pure_acceleration,2024-11,2024-11-01,"RKLB,BLDR,EXPE",accel_3v3_6m,0.05339469497991867,0.45007463793310043,0.574065440201393,6.0,recent3_minus_previous3_avg_accel,accel_3v3_6m,,,RKLB,0.06354406893132403,1.1151489076420713,1.4851137452861187,BLDR,0.05005309935970664,0.07440996822371893,0.07440996822371893,EXPE,0.04658691664872534,0.16066503793351106,0.1626726070943414
Pure_accel_3v3_6m_top3,Pure_acceleration,2024-12,2024-12-02,"LEU,SHOP,EXPE",accel_3v3_6m,0.06989401651172121,-0.049535567583374705,0.025640586170053714,6.0,recent3_minus_previous3_avg_accel,accel_3v3_6m,,,LEU,0.0873588308061203,-0.10209770879488689,0.018552185723901493,SHOP,0.06306555603811033,-0.04823866538947352,0.012480049485042999,EXPE,0.05925766269093302,0.0017296714342363018,0.04588952330121665
Pure_accel_3v3_6m_top3,Pure_acceleration,2025-01,2025-01-02,"SMCI,MSTR,APP",accel_3v3_6m,0.1203124058323845,0.03988824398601561,0.142162226764064,6.0,recent3_minus_previous3_avg_accel,accel_3v3_6m,,,SMCI,0.13262836311089374,-0.10648914931233255,0.20033279902181267,MSTR,0.11623295728690429,0.15692805253079944,0.15692805253079944,APP,0.11207589709935552,0.06922582873957994,0.06922582873957994
Pure_accel_3v3_6m_top3,Pure_acceleration,2025-02,2025-02-03,"SMCI,MSTR,COIN",accel_3v3_6m,0.1126726491688211,-0.07008616735650068,0.0554144322126419,6.0,recent3_minus_previous3_avg_accel,accel_3v3_6m,,,SMCI,0.13884375575128774,0.34338916880305104,0.34338916880305104,MSTR,0.10862732283827098,-0.2770751078499083,0.09942669085751943,COIN,0.09054686891690458,-0.27657256302264477,-0.27657256302264477
Pure_accel_3v3_6m_top3,Pure_acceleration,2025-03,2025-03-03,"SMCI,COIN,WSM",accel_3v3_6m,0.07062769518330582,-0.11120520873787725,0.06279886755956403,6.0,recent3_minus_previous3_avg_accel,accel_3v3_6m,,,SMCI,0.08263519145336584,-0.028278360587567053,0.1422234852098252,COIN,0.0757604673941001,-0.1517861274728508,0.19912515781629714,WSM,0.05348742670245155,-0.15355113815321386,-0.15295204034743026
Pure_accel_3v3_6m_top3,Pure_acceleration,2025-04,2025-04-01,"MU,SEDG,FSLR",accel_3v3_6m,0.025639656620767098,-0.12652958836472405,0.31677674543644185,6.0,recent3_minus_previous3_avg_accel,accel_3v3_6m,,,MU,0.027510973839090166,-0.12332322266775364,0.362754956364133,SEDG,0.024711890105425634,-0.24842670882610318,0.3101589038089243,FSLR,0.02469610591778549,-0.007838833600315342,0.27741637613626824
Pure_accel_3v3_6m_top3,Pure_acceleration,2025-05,2025-05-01,"SMCI,ELV,KLAC",accel_3v3_6m,0.03162614962918515,0.1040971384142509,0.34543628199767934,6.0,recent3_minus_previous3_avg_accel,accel_3v3_6m,,,SMCI,0.03586549434610086,0.25878403113855963,0.7305224620170716,ELV,0.03117499758071418,-0.07655950175963833,-0.026463596391888666,KLAC,0.027837956960740387,0.13006688586383142,0.33224998036785514
Pure_accel_3v3_6m_top3,Pure_acceleration,2025-06,2025-06-02,"SMCI,CHTR,DG",accel_3v3_6m,0.035646489866634594,0.13052872717145703,0.20690411917711704,6.0,recent3_minus_previous3_avg_accel,accel_3v3_6m,,,SMCI,0.04086792335677669,0.14563106526437664,0.3747572412813567,CHTR,0.03368621488784595,0.05937484805178905,0.05937484805178905,DG,0.03238533135528112,0.1865802681982054,0.1865802681982054
Pure_accel_3v3_6m_top3,Pure_acceleration,2025-07,2025-07-01,"HII,NEM,IRM",accel_3v3_6m,0.040090538287535636,0.03378724829081218,0.22148080337091466,6.0,recent3_minus_previous3_avg_accel,accel_3v3_6m,,,HII,0.0431595292532846,0.09548949603574441,0.16690191356966233,NEM,0.03956513540620246,0.06391292244321711,0.4658481787696258,IRM,0.03754695020311986,-0.058040673606524984,0.031692317773455825
Pure_accel_3v3_6m_top3,Pure_acceleration,2025-08,2025-08-01,"LEU,CEG,FSLR",accel_3v3_6m,0.060151199932520806,-0.01819059299901023,0.4001425460830852,6.0,recent3_minus_previous3_avg_accel,accel_3v3_6m,,,LEU,0.0741308007341912,-0.02131235252907482,0.6463782807073697,CEG,0.054825161033347856,-0.09745466199674013,0.10973784103374573,FSLR,0.05149763803002334,0.06419523552878426,0.44431151650814016
Pure_accel_3v3_6m_top3,Pure_acceleration,2025-09,2025-09-02,"LEU,PLUG,ALAB",accel_3v3_6m,0.1064499651902648,0.5733233165393221,0.5927455620612142,6.0,recent3_minus_previous3_avg_accel,accel_3v3_6m,,,LEU,0.17058471779250434,0.62396383512066,0.6822305716863362,PLUG,0.07681649704922176,0.9797297493221986,0.9797297493221986,ALAB,0.07194868072906829,0.11627636517510775,0.11627636517510775
Pure_accel_3v3_6m_top3,Pure_acceleration,2025-10,2025-10-01,"ECHO,RKLB,PLUG",accel_3v3_6m,0.12697583904145548,0.055110905084388574,0.3112502349404392,6.0,recent3_minus_previous3_avg_accel,accel_3v3_6m,,,ECHO,0.14164365748778882,-0.051949650986389595,0.4110691862286262,RKLB,0.130557484196495,0.27871583472285755,0.5841149870759936,PLUG,0.10872637544008268,-0.06143346848330222,-0.06143346848330222
Pure_accel_3v3_6m_top3,Pure_acceleration,2025-11,2025-11-03,"ALAB,APP,PLUG",accel_3v3_6m,0.10709835526081053,-0.15100095265633418,-0.08841997544815443,6.0,recent3_minus_previous3_avg_accel,accel_3v3_6m,,,ALAB,0.12973283109085523,-0.13765919530836024,-0.06264355895248663,APP,0.11674421934978035,-0.013525465236880807,-0.013525465236880807,PLUG,0.07481801534179604,-0.3018181974237615,-0.18909090215509583
Pure_accel_3v3_6m_top3,Pure_acceleration,2025-12,2025-12-01,"APP,ECHO,TSLA",accel_3v3_6m,0.08115818674164393,0.18223235894142106,0.21191272423822474,6.0,recent3_minus_previous3_avg_accel,accel_3v3_6m,,,APP,0.09075861884192873,-0.00845109656070786,-0.00845109656070786,ECHO,0.08742526344027385,0.5367123329476133,0.6257534288380244,TSLA,0.06529067794272922,0.018435840437357687,0.018435840437357687
Pure_accel_3v3_6m_top3,Pure_acceleration,2026-01,2026-01-02,"LLY,CIEN,CNC",accel_3v3_6m,0.04092252301753876,0.027345008667811643,0.2407089295054772,6.0,recent3_minus_previous3_avg_accel,accel_3v3_6m,,,LLY,0.04286633165368833,-0.03353518029100566,-0.03353518029100566,CIEN,0.042026343709937734,0.09115659960307076,0.6881655643742808,CNC,0.037874893688990205,0.024413606691369827,0.06749640443315652
Pure_accel_3v3_6m_top3,Pure_acceleration,2026-02,2026-02-02,"KVUE,JKHY,VRTX",accel_3v3_6m,0.02869040422564911,0.01515435448097513,0.01515435448097513,6.0,recent3_minus_previous3_avg_accel,accel_3v3_6m,,,KVUE,0.03265152604230717,0.09936335928802298,0.09936335928802298,JKHY,0.02730326879136693,-0.08360303248967305,-0.08360303248967305,VRTX,0.026116417843273225,0.029702736644575456,0.029702736644575456
Pure_accel_3v3_6m_top3,Pure_acceleration,2026-03,2026-03-02,"PM,FISV,STZ",accel_3v3_6m,0.03508157329509077,-0.09162756954511868,-0.021671034338373623,6.0,recent3_minus_previous3_avg_accel,accel_3v3_6m,,,PM,0.03718169200496495,-0.13646788341995542,-0.05232661780749148,FISV,0.03555758768578862,-0.10347611752746422,0.0046887780546784885,STZ,0.03250544019451873,-0.03493870768793639,-0.017375263262307872
Pure_avg_accel_3m_top3,Pure_acceleration,2016-01,2016-01-04,"TRMB,AMD,MELI",avg_accel_3m,0.10536470155520128,-0.1446737459550402,0.0934647517196987,3.0,avg_accel,avg_accel_3m,,,TRMB,0.10894555922174179,-0.10699395320131544,0.16025933580449392,AMD,0.10679169521957504,-0.2274367799134842,0.02166062931143853,MELI,0.10035685022428698,-0.09959050475032094,0.09847429004316366
Pure_avg_accel_3m_top3,Pure_acceleration,2016-02,2016-02-01,"SEDG,ENPH,ANET",avg_accel_3m,0.11880201751891899,0.0333588120551838,0.05907898499240272,3.0,avg_accel,avg_accel_3m,,,SEDG,0.1400165678641549,-0.08925443697230795,-0.062303073094513994,ENPH,0.12571205913144448,0.020920481222442833,0.07112963615630563,ANET,0.09067742556115754,0.1684103919154165,0.1684103919154165
Pure_avg_accel_3m_top3,Pure_acceleration,2016-03,2016-03-01,"ENPH,SEDG,UUUU",avg_accel_3m,0.10531048914733158,-0.054676380623805386,0.0011253564241181142,3.0,avg_accel,avg_accel_3m,,,ENPH,0.1249030706057145,-0.02049178325562906,0.0491802798135097,SEDG,0.12202554625104169,-0.05226750908629496,0.029592638132868387,UUUU,0.06900285058523858,-0.09126984952949213,-0.07539684867402374
Pure_avg_accel_3m_top3,Pure_acceleration,2016-04,2016-04-01,"FCX,LEU,KMI",avg_accel_3m,0.06907964591191641,0.031004536779462948,0.07209015961341474,3.0,avg_accel,avg_accel_3m,,,FCX,0.0746204182308712,0.3700708860197064,0.3700708860197064,LEU,0.0676942381761276,-0.3002257280458728,-0.24153498300339182,KMI,0.06492428132875043,0.023168452364555225,0.08773457582392963
Pure_avg_accel_3m_top3,Pure_acceleration,2016-05,2016-05-02,"LEU,FCX,TRGP",avg_accel_3m,0.28615802716075267,-0.047884943361160594,0.041374310012404804,3.0,avg_accel,avg_accel_3m,,,LEU,0.4649883299017189,-0.04516124864274451,0.08387096724574694,FCX,0.23676059840817837,-0.21771229333910225,-0.0789667491068975,TRGP,0.15672515317236074,0.11921871189836497,0.11921871189836497
Pure_avg_accel_3m_top3,Pure_acceleration,2016-06,2016-06-01,"LEU,DVN,FCX",avg_accel_3m,0.24459665521630933,0.0812079957443188,0.19023721336328872,3.0,avg_accel,avg_accel_3m,,,LEU,0.34603547033657944,0.13513508506549265,0.18243241719384562,DVN,0.19865834806655935,0.03773405920933515,0.21092050557138875,FCX,0.1890961472457891,0.07075484295812862,0.17735871732463182
Pure_avg_accel_3m_top3,Pure_acceleration,2016-07,2016-07-01,"WMB,DVN,AMD",avg_accel_3m,0.12982523604141763,0.12145346391505141,0.37722037736303643,3.0,avg_accel,avg_accel_3m,,,WMB,0.1368561191239269,0.09581720076424238,0.5000746716299642,DVN,0.13348759752089825,-0.041121432622000076,0.18188238634191212,AMD,0.1191319914794278,0.3096646236029119,0.4497040741172329
Pure_avg_accel_3m_top3,Pure_acceleration,2016-08,2016-08-01,"WMB,DXCM,TYL",avg_accel_3m,0.04842462749611698,0.08513515723852409,0.13303028753863186,3.0,avg_accel,avg_accel_3m,,,WMB,0.05299370143718973,0.24944481178931355,0.36890958691265796,DXCM,0.047012125302060684,-0.010145735843767767,-0.010145735843767767,TYL,0.04526805574910053,0.016106395770026483,0.040327011547005354
Pure_avg_accel_3m_top3,Pure_acceleration,2016-09,2016-09-01,"DHR,DXCM,AXON",avg_accel_3m,0.07391227538791147,-0.06984846860167766,-0.027266242045555316,3.0,avg_accel,avg_accel_3m,,,DHR,0.09930714490266501,-0.040817474946013066,-0.040817474946013066,DXCM,0.0667535931835432,-0.07338344558634402,-0.07338344558634402,AXON,0.055676088077526206,-0.09534448527267592,0.03240219439569114
Pure_avg_accel_3m_top3,Pure_acceleration,2016-10,2016-10-03,"XYZ,DHR,ZBRA",avg_accel_3m,0.10002614555662738,-0.03716420243411093,0.14288765487551433,3.0,avg_accel,avg_accel_3m,,,XYZ,0.10110447007574377,-0.05141391410001306,0.1833762064552067,DHR,0.10010258001500588,-0.012309865608527426,0.011734094288292862,ZBRA,0.0988713865791325,-0.04776882759379231,0.2335526638830434
Pure_avg_accel_3m_top3,Pure_acceleration,2016-11,2016-11-01,"ZBRA,XYZ,PANW",avg_accel_3m,0.08135488027081465,0.05202628481746877,0.18498500375149807,3.0,avg_accel,avg_accel_3m,,,ZBRA,0.0875944630439165,0.1541002436868424,0.295434028657096,XYZ,0.0831309758742502,0.1481481832460696,0.297199643410222,PANW,0.07333920189427726,-0.14616957248050566,-0.03767866081282378
Pure_avg_accel_3m_top3,Pure_acceleration,2016-12,2016-12-01,"TPL,NFLX,AKAM",avg_accel_3m,0.06710170650002527,0.05744150949688498,0.1295493872334547,3.0,avg_accel,avg_accel_3m,,,TPL,0.09489595416987884,0.02078457504227149,0.08998624900297991,NFLX,0.05446465039660805,0.08761298949640262,0.2169425178954274,AKAM,0.05194451493358889,0.06392696395198083,0.08171939480195678
Pure_avg_accel_3m_top3,Pure_acceleration,2017-01,2017-01-03,"LEU,FCX,KEY",avg_accel_3m,0.07083285210584572,-0.012999675008514067,0.023220072245732786,3.0,avg_accel,avg_accel_3m,,,LEU,0.08643863548954896,-0.24901189793498735,-0.21739131254231225,FCX,0.07702114168507473,0.2220612946868079,0.2220612946868079,KEY,0.04903877914291348,-0.012048421777362761,0.0649902345927027
Pure_avg_accel_3m_top3,Pure_acceleration,2017-02,2017-02-01,"LEU,UUUU,AMD",avg_accel_3m,0.08907809653129461,0.09576964840691164,0.09576964840691164,3.0,avg_accel,avg_accel_3m,,,LEU,0.09588999934024492,0.04210530806776713,0.04210530806776713,UUUU,0.089146453207808,0.0047393322087359024,0.0047393322087359024,AMD,0.08219783704583097,0.24046430494423188,0.24046430494423188
Pure_avg_accel_3m_top3,Pure_acceleration,2017-03,2017-03-01,"ENPH,UUUU,NRG",avg_accel_3m,0.12651251472612704,-0.01564306228967649,-0.01564306228967649,3.0,avg_accel,avg_accel_3m,,,ENPH,0.1469092619503956,-0.14906832758031285,-0.14906832758031285,UUUU,0.1458790394141473,-0.00943395377648304,-0.00943395377648304,NRG,0.08674924281383825,0.11157309448776642,0.11157309448776642
Pure_avg_accel_3m_top3,Pure_acceleration,2017-04,2017-04-03,"DXCM,ENPH,MELI",avg_accel_3m,0.09467079628490734,-0.035765393402775146,0.032901693331213476,3.0,avg_accel,avg_accel_3m,,,DXCM,0.10992068745951006,-0.052042428046369715,-0.052042428046369715,ENPH,0.09276185059792211,-0.12408755948391248,-0.12408755948391248,MELI,0.08132985079728983,0.06883380732195676,0.2748350675239226
Pure_avg_accel_3m_top3,Pure_acceleration,2017-05,2017-05-01,"PLUG,DXCM,VRTX",avg_accel_3m,0.06119823013355918,-0.09908677897220812,0.06183582659044662,3.0,avg_accel,avg_accel_3m,,,PLUG,0.08374120568338278,-0.19130432484055238,0.004347822030685622,DXCM,0.05395248927734719,-0.16017588246744985,-0.08894474832630173,VRTX,0.04590099543994755,0.05421987039137788,0.27010440606695596
Pure_avg_accel_3m_top3,Pure_acceleration,2017-06,2017-06-01,"PLUG,LVS,VEEV",avg_accel_3m,0.09807486041786241,0.018209912252678723,0.08743329560538475,3.0,avg_accel,avg_accel_3m,,,PLUG,0.21349684874613023,0.10215050352144872,0.24193544355565155,LVS,0.04223988902711434,0.020615533475536685,0.024526679441002397,VEEV,0.038487843480342676,-0.06813630023894923,-0.004162236180499712
Pure_avg_accel_3m_top3,Pure_acceleration,2017-07,2017-07-03,"PLUG,FSLR,PANW",avg_accel_3m,0.07487967390199844,0.12234643916429389,0.2279692415513038,3.0,avg_accel,avg_accel_3m,,,PLUG,0.10985416151111506,0.12682926659070604,0.34146344583705446,FSLR,0.06160855202752501,0.23908165470468234,0.23908165470468234,PANW,0.05317630816735528,0.0011283961974932755,0.10336262411217456
Pure_avg_accel_3m_top3,Pure_acceleration,2017-08,2017-08-01,"FSLR,PANW,NVDA",avg_accel_3m,0.07432270801020764,0.034290088790643734,0.17171490374945172,3.0,avg_accel,avg_accel_3m,,,FSLR,0.08149881016237215,-0.03645521284319786,0.15226580717531846,PANW,0.08101730767799516,0.10211899722651907,0.10211899722651907,NVDA,0.06045200619025561,0.037206481988609985,0.2607599068465176
Pure_avg_accel_3m_top3,Pure_acceleration,2017-09,2017-09-01,"ENPH,NRG,FSLR",avg_accel_3m,0.07524019559051125,0.19282144320007868,0.7825167456196275,3.0,avg_accel,avg_accel_3m,,,ENPH,0.0819998457764448,0.5612244302160996,1.959183713189267,NRG,0.07528745636935513,0.031035882772660894,0.12791503862089182,FSLR,0.06843328462573381,-0.013795983388524391,0.2604514850487232
Pure_avg_accel_3m_top3,Pure_acceleration,2017-10,2017-10-02,"ENPH,NRG,UUUU",avg_accel_3m,0.08861477499448049,-0.07198521581163127,0.4260612003645048,3.0,avg_accel,avg_accel_3m,,,ENPH,0.10186666857033963,-0.08496731873370122,0.895424934376454,NRG,0.09080840358208574,-0.027762540608555097,0.13114568807059812,UUUU,0.07316925283101613,-0.1032257880926375,0.25161297864646226
Pure_avg_accel_3m_top3,Pure_acceleration,2017-11,2017-11-01,"ENPH,MU,DLTR",avg_accel_3m,0.08245935619900611,0.3826875562920525,0.4350337632275454,3.0,avg_accel,avg_accel_3m,,,ENPH,0.13824894909329694,1.0714286748243858,1.0714286748243858,MU,0.05716239392645176,-0.05385326485137221,-0.015998141443975045,DLTR,0.05196672557726965,0.13048725890314383,0.24967075630222535
Pure_avg_accel_3m_top3,Pure_acceleration,2017-12,2017-12-01,"MU,MSTR,INTC",avg_accel_3m,0.05699843586860668,0.02162451654258213,0.08091175212486539,3.0,avg_accel,avg_accel_3m,,,MU,0.06944048139559024,0.04000978072545025,0.13407968031000217,MSTR,0.05217080409076591,-0.0237036810980904,0.030666633888527084,INTC,0.04938402211946391,0.048567450000386536,0.07798894217606689
Pure_avg_accel_3m_top3,Pure_acceleration,2018-01,2018-01-02,"ENPH,MSTR,VTRS",avg_accel_3m,0.08786064701329137,-0.03702858391512424,0.2629714466513614,3.0,avg_accel,avg_accel_3m,,,ENPH,0.1415581589705157,-0.16538455542727826,0.7346155362721787,MSTR,0.06206684090299386,0.05569038204279053,0.05569038204279053,VTRS,0.05995694116636452,-0.001391578360884993,-0.001391578360884993
Pure_avg_accel_3m_top3,Pure_acceleration,2018-02,2018-02-01,"KR,DXCM,UUUU",avg_accel_3m,0.08494469415700456,-0.0634544894260664,0.11635467806743516,3.0,avg_accel,avg_accel_3m,,,KR,0.08852333391960619,-0.08697076454799912,-0.08697076454799912,DXCM,0.08481153449880537,-0.06635562853746912,0.2878866451513431,UUUU,0.0814992140526021,-0.03703707519273092,0.1481481535989615
Pure_avg_accel_3m_top3,Pure_acceleration,2018-03,2018-03-01,"DXCM,FCX,AMD",avg_accel_3m,0.07104934668089298,0.034915559128149365,0.2808423730538328,3.0,avg_accel,avg_accel_3m,,,DXCM,0.07193069618667434,0.3794188499566493,0.7064593564931048,FCX,0.07176646516903926,-0.07551251193922126,-0.07401627767956465,AMD,0.06945087868696534,-0.19915966063297996,0.21008404034795825
Pure_avg_accel_3m_top3,Pure_acceleration,2018-04,2018-04-02,"SHOP,AXON,NFLX",avg_accel_3m,0.06190222659686303,0.0716869429345357,0.4366192744192603,3.0,avg_accel,avg_accel_3m,,,SHOP,0.06648119254064741,0.045871515198481205,0.23525554534108872,AXON,0.0606083466256714,0.05141840939296749,0.6540021228191464,NFLX,0.05861714062427027,0.11777090421215841,0.4206001550975458
Pure_avg_accel_3m_top3,Pure_acceleration,2018-05,2018-05-01,"MDB,AXON,SEDG",avg_accel_3m,0.06976259402951178,0.2960666752039122,0.40006622751890686,3.0,avg_accel,avg_accel_3m,,,MDB,0.092798237676516,0.27417153098927094,0.4815119868325546,AXON,0.05976064722283485,0.5731150491972823,0.6482775460256431,SEDG,0.056728897189184495,0.04091344542518338,0.07040914969852285
Pure_avg_accel_3m_top3,Pure_acceleration,2018-06,2018-06-01,"ENPH,DXCM,CVNA",avg_accel_3m,0.06898785674009598,0.2723678265319501,0.7366484717408767,3.0,avg_accel,avg_accel_3m,,,ENPH,0.08859873697132284,0.2352940497077145,0.2352940497077145,DXCM,0.06111823591921576,0.06778742089881562,0.5841648849574981,CVNA,0.057246597329749356,0.5140220089893202,1.390486480557417
Pure_avg_accel_3m_top3,Pure_acceleration,2018-07,2018-07-02,"DVN,SMCI,TKO",avg_accel_3m,0.09101869689987215,-0.026585624056477946,0.04808452628285461,3.0,avg_accel,avg_accel_3m,,,DVN,0.10221338813773552,-0.0013779767787837072,-0.0013779767787837072,SMCI,0.10018894583220675,-0.11608955448840708,-0.11608955448840708,TKO,0.07065375672967418,0.03771065909775695,0.2617211101157546
Pure_avg_accel_3m_top3,Pure_acceleration,2018-08,2018-08-01,"TKO,AMD,SMCI",avg_accel_3m,0.11359483730372466,0.20149344062203065,0.3022899240547809,3.0,avg_accel,avg_accel_3m,,,TKO,0.12652428502934027,0.14368572936584934,0.21586985645185974,AMD,0.10793746140881526,0.5183982771109281,0.7002164964605677,SMCI,0.10632276547301844,-0.057603684610685546,-0.009216580748084735
Pure_avg_accel_3m_top3,Pure_acceleration,2018-09,2018-09-04,"HWM,ZS,TER",avg_accel_3m,0.0697568847222675,-0.0666453624197663,-0.0666453624197663,3.0,avg_accel,avg_accel_3m,,,HWM,0.08329499245773037,0.0022637533886822325,0.0022637533886822325,ZS,0.06530368809278442,-0.09783095753645354,-0.09783095753645354,TER,0.06067197361628772,-0.10436888311152759,-0.10436888311152759
Pure_avg_accel_3m_top3,Pure_acceleration,2018-10,2018-10-01,"HWM,MDB,CVNA",avg_accel_3m,0.0647532997011011,-0.07935108441136052,-0.058372444607179684,3.0,avg_accel,avg_accel_3m,,,HWM,0.0827275890142844,-0.036451712889540966,-0.02512623810448633,MDB,0.057096884620911725,0.02599547344523767,0.07760591807272554,CVNA,0.054435425468107146,-0.22759701378977826,-0.22759701378977826
Pure_avg_accel_3m_top3,Pure_acceleration,2018-11,2018-11-01,"CAH,AMD,TRMB",avg_accel_3m,0.04947018701995761,0.09070474207822403,0.10389302383846477,3.0,avg_accel,avg_accel_3m,,,CAH,0.05263251307889011,0.06823814350179491,0.06823814350179491,AMD,0.04859390359162459,0.1726013793093042,0.21216622459002643,TRMB,0.04718414438935814,0.03127470342357297,0.03127470342357297
Pure_avg_accel_3m_top3,Pure_acceleration,2018-12,2018-12-03,"AVGO,GM,SBUX",avg_accel_3m,0.03121545349639479,-0.034904831435538096,0.0775399008297546,3.0,avg_accel,avg_accel_3m,,,AVGO,0.035724415639515804,0.05829454059299333,0.13861335807837505,GM,0.029153692515711593,-0.1158981064201332,0.03889869797461132,SBUX,0.028768252333956967,-0.0471109284794744,0.05510764643627741
Pure_avg_accel_3m_top3,Pure_acceleration,2019-01,2019-01-02,"ENPH,NEM,TSLA",avg_accel_3m,0.06093317872084641,0.13698058167119032,0.30861117117530346,3.0,avg_accel,avg_accel_3m,,,ENPH,0.08490321087102365,0.422764205579615,0.8821138384731597,NEM,0.049390745432992586,-0.01856171374055038,0.03698042187824435,TSLA,0.04850557985852296,0.006739253174506299,0.006739253174506299
Pure_avg_accel_3m_top3,Pure_acceleration,2019-02,2019-02-01,"NEM,SEDG,PHM",avg_accel_3m,0.03853407695623271,-0.021020520220646304,0.07669525330684286,3.0,avg_accel,avg_accel_3m,,,NEM,0.039876512285399,-0.000590986666846427,0.0565925910945273,SEDG,0.03928116023547612,-0.0401671593799483,0.0248432714744784,PHM,0.03644455834782302,-0.02230341461514418,0.1486498973515229
Pure_avg_accel_3m_top3,Pure_acceleration,2019-03,2019-03-01,"LEU,GE,FLEX",avg_accel_3m,0.09373489269828933,-0.011008290201678742,0.06866930521349342,3.0,avg_accel,avg_accel_3m,,,LEU,0.11104900569107402,-0.00983605634714435,0.1245902034038826,GE,0.09037967069245255,-0.015511371310095723,-0.015511371310095723,FLEX,0.07977600171134142,-0.007677442947796154,0.09692908354669338
Pure_avg_accel_3m_top3,Pure_acceleration,2019-04,2019-04-01,"LEU,GE,ALGN",avg_accel_3m,0.12018623356759846,0.08755909612865409,0.10538850550711613,3.0,avg_accel,avg_accel_3m,,,LEU,0.1301533294887881,0.1357616186821642,0.1357616186821642,GE,0.11772882504417159,0.0,0.05348822813538612,ALGN,0.11267654616983569,0.12691566970379808,0.12691566970379808
Pure_avg_accel_3m_top3,Pure_acceleration,2019-05,2019-05-01,"PLUG,PCG,CVNA",avg_accel_3m,0.15326364182933214,-0.106230990461183,0.012015436114532188,3.0,avg_accel,avg_accel_3m,,,PLUG,0.1611691957031071,0.03187247968526474,0.03187247968526474,PCG,0.1537227865549019,-0.1755760566317881,0.07603688053631408,CVNA,0.14489894322998742,-0.17498939443702566,-0.07186305187798225
Pure_avg_accel_3m_top3,Pure_acceleration,2019-06,2019-06-03,"PCG,QCOM,CVNA",avg_accel_3m,0.12304979458324379,0.20124803107274794,0.281323481235005,3.0,avg_accel,avg_accel_3m,,,PCG,0.13049748483695645,0.3051984833678276,0.3051984833678276,QCOM,0.12127311970607944,0.17354558940986498,0.17354558940986498,CVNA,0.1173787792066955,0.12500002044055125,0.36522637092732246
Pure_avg_accel_3m_top3,Pure_acceleration,2019-07,2019-07-01,"QCOM,SEDG,CME",avg_accel_3m,0.038901842638657876,0.0020418348382383136,0.1412138902746581,3.0,avg_accel,avg_accel_3m,,,QCOM,0.0515034654053263,-0.08152739355026839,-0.018715096557731625,SEDG,0.036923370245252995,0.06725519547384629,0.3346709878676093,CME,0.028278692265394333,0.020397702591137046,0.10768577951409664
Pure_avg_accel_3m_top3,Pure_acceleration,2019-08,2019-08-01,"SEDG,DXCM,BIIB",avg_accel_3m,0.07110614807210064,0.07406402495592505,0.21451505914415656,3.0,avg_accel,avg_accel_3m,,,SEDG,0.08348962776956481,0.16619045580957925,0.25116566572694343,DXCM,0.07615549302107884,0.16140767260269717,0.16140767260269717,BIIB,0.053673323425658295,-0.10540605354450128,0.23097183910282904
Pure_avg_accel_3m_top3,Pure_acceleration,2019-09,2019-09-03,"TSLA,BIIB,DXCM",avg_accel_3m,0.07281701299928094,-0.001183459246236788,0.3880507813449167,3.0,avg_accel,avg_accel_3m,,,TSLA,0.08475592212767573,0.08746286159895211,0.4882449923674479,BIIB,0.06723279798605832,0.04488591978132428,0.3760118140527382,DXCM,0.06646231888410875,-0.13589915911898676,0.299895537614564
Pure_avg_accel_3m_top3,Pure_acceleration,2019-10,2019-10-01,"TSLA,VTRS,KLAC",avg_accel_3m,0.0670314662235769,0.138281142913352,0.3380031335864259,3.0,avg_accel,avg_accel_3m,,,TSLA,0.06959796843136373,0.28043635244563747,0.7583880383549395,VTRS,0.06795806305655135,0.04514062105099814,0.0966539060633691,KLAC,0.06353836718281562,0.08926645524342036,0.1589674563409691
Pure_avg_accel_3m_top3,Pure_acceleration,2019-11,2019-11-01,"VST,KR,PLUG",avg_accel_3m,0.056007033829166775,0.1524738178945513,0.17081348402329707,3.0,avg_accel,avg_accel_3m,,,VST,0.0651044299485669,-0.026131942077611714,-0.026131942077611714,KR,0.05766523832774295,0.11664692402608856,0.15368032786885255,PLUG,0.045251433211190475,0.3669064717351771,0.38489206627865036
Pure_avg_accel_3m_top3,Pure_acceleration,2019-12,2019-12-02,"LEU,ALGN,FIX",avg_accel_3m,0.11401505701788718,0.07022348317743414,0.1815396205783233,3.0,avg_accel,avg_accel_3m,,,LEU,0.14164903809462803,0.19926197573866644,0.5332103879413339,ALGN,0.12182219739277614,0.03404533229776319,0.03404533229776319,FIX,0.07857393556625741,-0.022636858504127222,-0.022636858504127222
Pure_avg_accel_3m_top3,Pure_acceleration,2020-01,2020-01-02,"ALGN,LEU,PLUG",avg_accel_3m,0.10830873014307231,0.02314094222994867,0.17202038815770104,3.0,avg_accel,avg_accel_3m,,,ALGN,0.1422098228860732,-0.10807948813775436,-0.10807948813775436,LEU,0.09616538808491705,-0.010769257178673386,0.27846160301795364,PLUG,0.08655097945822669,0.18827157200627376,0.34567904959290385
Pure_avg_accel_3m_top3,Pure_acceleration,2020-02,2020-02-03,"PCG,ENPH,AXON",avg_accel_3m,0.14106465760913414,0.16467784871290334,0.16467784871290334,3.0,avg_accel,avg_accel_3m,,,PCG,0.18009893505735455,-0.12854669407708985,-0.12854669407708985,ENPH,0.13290867464387324,0.5613610080442375,0.5613610080442375,AXON,0.11018636312617462,0.06121923217156233,0.06121923217156233
Pure_avg_accel_3m_top3,Pure_acceleration,2020-03,2020-03-02,"PCG,ENPH,TSLA",avg_accel_3m,0.16200814744556033,-0.40458662703581477,0.05251141464466954,3.0,avg_accel,avg_accel_3m,,,PCG,0.23100072488538817,-0.44053154732321864,-0.2112956731181832,ENPH,0.13338789745202626,-0.4208171289104913,0.1610894656321762,TSLA,0.12163581999926658,-0.35241120487373445,0.20774045142001563
Pure_avg_accel_3m_top3,Pure_acceleration,2020-04,2020-04-01,"ENPH,PCG,TSLA",avg_accel_3m,0.09178918188649632,0.3711434949932781,0.9131491886966613,3.0,avg_accel,avg_accel_3m,,,ENPH,0.10732842507972354,0.4528048147450028,1.0047027002853781,PCG,0.09854473151081142,0.20427551943047617,0.4097386959144069,TSLA,0.069494389068954,0.45635015080435526,1.325006169890199
Pure_avg_accel_3m_top3,Pure_acceleration,2020-05,2020-05-01,"EQT,DLR,DPZ",avg_accel_3m,0.028969588289579917,-0.018227033792899694,0.09585888706538344,3.0,avg_accel,avg_accel_3m,,,EQT,0.03468198493360277,-0.10438434364867955,0.09185790126190918,DLR,0.026532253577192005,-0.023848666311842348,0.11029954887447246,DPZ,0.02569452635794498,0.07355190858182281,0.08541921105976868
Pure_avg_accel_3m_top3,Pure_acceleration,2020-06,2020-06-01,"EQT,UUUU,FFIV",avg_accel_3m,0.12866021624195395,-0.08625213123586839,0.10121320866990091,3.0,avg_accel,avg_accel_3m,,,EQT,0.2286941653162511,-0.11111100533560725,0.21911435281297642,UUUU,0.10241949260501201,-0.08928570288176407,0.13095240207080727,FFIV,0.054866990804598746,-0.05835968549023385,-0.04642712887408096
Pure_avg_accel_3m_top3,Pure_acceleration,2020-07,2020-07-01,"TRGP,RCL,EQT",avg_accel_3m,0.24271445091981736,0.09604268841934649,0.23454354453778814,3.0,avg_accel,avg_accel_3m,,,TRGP,0.2867465069488936,-0.01569889678879166,-0.01569889678879166,RCL,0.23169454740277598,-0.06767652166236127,0.3478260466929637,EQT,0.20970229840778248,0.3715034837091924,0.3715034837091924
Pure_avg_accel_3m_top3,Pure_acceleration,2020-08,2020-08-03,"TRGP,PLUG,RCL",avg_accel_3m,0.2240404591661693,0.29712657601981246,0.34588931892045666,3.0,avg_accel,avg_accel_3m,,,TRGP,0.24944722397406924,-0.09686025494412498,-0.09686025494412498,PLUG,0.21210411240408347,0.5425764574038652,0.6888646861057979,RCL,0.21057004112035516,0.44566352559969724,0.44566352559969724
Pure_avg_accel_3m_top3,Pure_acceleration,2020-09,2020-09-01,"PLUG,LEU,CINF",avg_accel_3m,0.1503107928246403,-0.06032341868522947,0.3580492838133444,3.0,avg_accel,avg_accel_3m,,,PLUG,0.19360998346750669,-0.00920029111026388,0.7317762997288337,LEU,0.13257179243098902,-0.135338391691059,0.33458640517587,CINF,0.12475060257542511,-0.036431573254365524,0.007785146535329357
Pure_avg_accel_3m_top3,Pure_acceleration,2020-10,2020-10-01,"AMD,CINF,PLUG",avg_accel_3m,0.06566780925668987,-0.023516966445639904,0.5008428945189531,3.0,avg_accel,avg_accel_3m,,,AMD,0.07439143965341846,-0.119726650825289,0.09156253343366783,CINF,0.07275464001903095,-0.05582426758511705,0.11310913805566947,PLUG,0.049857348097620185,0.10500001907348633,1.2978570120675221
Pure_avg_accel_3m_top3,Pure_acceleration,2020-11,2020-11-02,"TPR,DRI,MSTR",avg_accel_3m,0.047637473438282556,0.4495287936110945,1.1658227978870581,3.0,avg_accel,avg_accel_3m,,,TPR,0.05560390279413233,0.2001696275682472,0.3842572568392024,DRI,0.046729857512320325,0.2032884392080585,0.3036414153095359,MSTR,0.040578660008394996,0.9451283140569777,2.809569721512436
Pure_avg_accel_3m_top3,Pure_acceleration,2020-12,2020-12-01,"TPR,FE,OKE",avg_accel_3m,0.077382655197222,0.0892503850976681,0.3463833472335009,3.0,avg_accel,avg_accel_3m,,,TPR,0.10359632975793194,0.15338467583448945,0.4633286588729051,FE,0.06563018216583327,0.08612413780960715,0.24464673853237273,OKE,0.0629214536679008,0.02824234164890771,0.3311746442952248
Pure_avg_accel_3m_top3,Pure_acceleration,2021-01,2021-01-04,"OXY,MSTR,TRGP",avg_accel_3m,0.1362941560236736,0.24498571792473797,0.5518303694943929,3.0,avg_accel,avg_accel_3m,,,OXY,0.1450803419477726,0.16848136106646305,0.583953881776389,MSTR,0.13502358271919448,0.4923099157639259,0.8400828859214236,TRGP,0.12877854340405365,0.07416587694382493,0.2314543407853662
Pure_avg_accel_3m_top3,Pure_acceleration,2021-02,2021-02-01,"LEU,UUUU,OXY",avg_accel_3m,0.2201019408272991,0.2220870154218786,0.3049662063531156,3.0,avg_accel,avg_accel_3m,,,LEU,0.24081284325382146,0.09523811583358932,0.12607713300837742,UUUU,0.23165049035715077,0.21545669330291695,0.43325524892184,OXY,0.18784248887092503,0.3555662371291295,0.3555662371291295
Pure_avg_accel_3m_top3,Pure_acceleration,2021-03,2021-03-01,"UUUU,PLUG,FANG",avg_accel_3m,0.17958087237653922,-0.02225772759069807,0.08132892652018009,3.0,avg_accel,avg_accel_3m,,,UUUU,0.22075541297685716,0.1522157905863526,0.3834296241191031,PLUG,0.20060662386044242,-0.32786887272421594,-0.32786887272421594,FANG,0.11738058029231813,0.10887989936576914,0.18842602816565313
Pure_avg_accel_3m_top3,Pure_acceleration,2021-04,2021-04-01,"PSKY,GNRC,IFF",avg_accel_3m,0.06611013129225624,-0.023042220386427004,0.12364914050471006,3.0,avg_accel,avg_accel_3m,,,PSKY,0.0691432122113443,-0.11155927913517283,0.012683390636176295,GNRC,0.06744312961323304,0.00447811075261173,0.2767449637040613,IFF,0.061744052052191356,0.03795450722328009,0.08151906717389257
Pure_avg_accel_3m_top3,Pure_acceleration,2021-05,2021-05-03,"NUE,WSM,EQT",avg_accel_3m,0.05641715474664493,0.12312252950484193,0.12936734912509618,3.0,avg_accel,avg_accel_3m,,,NUE,0.07878517472793165,0.2921820535650126,0.2921820535650126,WSM,0.048773374866366535,-0.025092918840896372,-0.025092918840896372,EQT,0.0416929146456366,0.10227845379040956,0.12101291265117231
Pure_avg_accel_3m_top3,Pure_acceleration,2021-06,2021-06-01,"NUE,UPS,ETR",avg_accel_3m,0.06732680233524561,-0.05574602325274969,0.041643875617808544,3.0,avg_accel,avg_accel_3m,,,NUE,0.08017305404216812,-0.12350283463705225,0.05433606983460848,UPS,0.06174350703822412,-0.01439368050037626,-0.01439368050037626,ETR,0.06006384592534458,-0.029341554620820554,0.0849892375191934
Pure_avg_accel_3m_top3,Pure_acceleration,2021-07,2021-07-01,"EFX,GEN,NEM",avg_accel_3m,0.05930688713012239,-0.012479563599827862,0.03650927041585569,3.0,avg_accel,avg_accel_3m,,,EFX,0.06562129393868775,0.0718163438875723,0.1349256050382721,GEN,0.05742949611931065,-0.09525571997261129,-0.01139847907626046,NEM,0.05486987133236876,-0.0139993147144446,-0.0139993147144446
Pure_avg_accel_3m_top3,Pure_acceleration,2021-08,2021-08-02,"PLUG,DASH,ENPH",avg_accel_3m,0.10041638266810322,0.018312353441907958,0.34037740901303165,3.0,avg_accel,avg_accel_3m,,,PLUG,0.12409470922553072,0.011645358984568421,0.5646130808716512,DASH,0.10011493959442488,0.07977254844018988,0.14839835549034652,ENPH,0.07703949918435411,-0.03648084709903443,0.3081207906770973
Pure_avg_accel_3m_top3,Pure_acceleration,2021-09,2021-09-01,"ENPH,MSTR,MDB",avg_accel_3m,0.09193216732707683,-0.013836647743886932,0.22399449936966506,3.0,avg_accel,avg_accel_3m,,,ENPH,0.10035817919572074,-0.11942409420233446,0.3576489753614178,MSTR,0.08993559141785772,-0.12817084152927605,0.04785764429492878,MDB,0.0855027313676521,0.20608499249994972,0.26647687845264856
Pure_avg_accel_3m_top3,Pure_acceleration,2021-10,2021-10-01,"MSTR,COIN,MPWR",avg_accel_3m,0.06728300997718116,0.2431569533343397,0.261042222409142,3.0,avg_accel,avg_accel_3m,,,MSTR,0.07105010326337076,0.20190708708685134,0.20190708708685134,COIN,0.06603774620322937,0.4319273154841692,0.4319273154841692,MPWR,0.06476118046494334,0.09563645743199856,0.14929226465640544
Pure_avg_accel_3m_top3,Pure_acceleration,2021-11,2021-11-01,"LEU,RKLB,PWR",avg_accel_3m,0.08413967900203585,-0.04426803424924749,-0.03922981353098609,3.0,avg_accel,avg_accel_3m,,,LEU,0.10367989706189,-0.11147811866310575,-0.11147811866310575,RKLB,0.08955818301631711,0.06521734478081331,0.06521734478081331,PWR,0.059180956927900444,-0.08654332886545002,-0.07142866671066583
Pure_avg_accel_3m_top3,Pure_acceleration,2021-12,2021-12-01,"LEU,UUUU,PLUG",avg_accel_3m,0.12809443036753587,-0.07788133127034162,-0.07788133127034162,3.0,avg_accel,avg_accel_3m,,,LEU,0.13946497947464867,-0.020260226171844198,-0.020260226171844198,UUUU,0.12800852334679752,0.0023612164650346212,0.0023612164650346212,PLUG,0.11680978828116137,-0.21574498410421528,-0.21574498410421528
Pure_avg_accel_3m_top3,Pure_acceleration,2022-01,2022-01-03,"PLUG,ENPH,F",avg_accel_3m,0.09750525297611318,-0.15906824241294878,0.01816616935639252,3.0,avg_accel,avg_accel_3m,,,PLUG,0.11657496110678803,-0.20458496386571512,-0.015630453234781072,ENPH,0.09451799265871907,-0.22651124679075274,0.11623747788633709,F,0.08142280516283243,-0.04610851658237847,-0.04610851658237847
Pure_avg_accel_3m_top3,Pure_acceleration,2022-02,2022-02-01,"QCOM,CIEN,ANET",avg_accel_3m,0.07814416914871293,-0.03666240334786108,0.021261967646527918,3.0,avg_accel,avg_accel_3m,,,QCOM,0.08345062218321372,-0.07587653905577052,-0.07587653905577052,CIEN,0.07895396668169552,0.017538610112096897,0.017538610112096897,ANET,0.07202791858122956,-0.05164928109990963,0.12212383188325737
Pure_avg_accel_3m_top3,Pure_acceleration,2022-03,2022-03-01,"FICO,GPN,DVA",avg_accel_3m,0.06866112251028544,0.019867553042289637,0.019867553042289637,3.0,avg_accel,avg_accel_3m,,,FICO,0.0816725198217918,-0.05504139860446877,-0.05504139860446877,GPN,0.06288649731592895,0.08635832375040287,0.08635832375040287,DVA,0.061424350393135596,0.028285733980934813,0.028285733980934813
Pure_avg_accel_3m_top3,Pure_acceleration,2022-04,2022-04-01,"OXY,MOS,HAL",avg_accel_3m,0.0684282918527373,-0.039154969774090866,0.07841116133027955,3.0,avg_accel,avg_accel_3m,,,OXY,0.08445096799320642,0.0032695995057594462,0.2118395467492904,MOS,0.060840295418429446,-0.05282340746274816,-0.05282340746274816,HAL,0.05999361214657602,-0.06791110136528389,0.07621734470429642
Pure_avg_accel_3m_top3,Pure_acceleration,2022-05,2022-05-02,"ENPH,SEDG,PLUG",avg_accel_3m,0.09778937870101027,-0.007607148559961511,0.35067206795747613,3.0,avg_accel,avg_accel_3m,,,ENPH,0.10584023302404626,0.08412049847371339,0.6686865775142941,SEDG,0.09420323656480978,0.06725162975176424,0.40452782800091525,PLUG,0.09332466651417476,-0.17419357390536216,-0.021198201642780856
Pure_avg_accel_3m_top3,Pure_acceleration,2022-06,2022-06-01,"ENPH,EQT,MSTR",avg_accel_3m,0.06654195974125297,-0.1796825945428253,0.21188128720579558,3.0,avg_accel,avg_accel_3m,,,ENPH,0.0787019687691495,0.07249709753575861,0.5445228607991943,EQT,0.0638787601233872,-0.3118472504767288,-0.06676933087658621,MSTR,0.057045150331222226,-0.29969763068750577,0.15789033169477862
Pure_avg_accel_3m_top3,Pure_acceleration,2022-07,2022-07-01,"SMCI,VTRS,NRG",avg_accel_3m,0.06751219543447255,0.09712571462998087,0.19714557296930577,3.0,avg_accel,avg_accel_3m,,,SMCI,0.07776262336938189,0.4117045788551914,0.6176845772856379,VTRS,0.06638288562315381,-0.09803911368031781,-0.09596095256942849,NRG,0.05839107731088198,-0.022288321284930968,0.0697130941917079
Pure_avg_accel_3m_top3,Pure_acceleration,2022-08,2022-08-01,"VTRS,DPZ,FDX",avg_accel_3m,0.04851161767133616,-0.04964567811958024,-0.025905964517265494,3.0,avg_accel,avg_accel_3m,,,VTRS,0.05608482412161118,0.002304047927586872,0.07352318873453112,DPZ,0.047467218664276965,-0.04742133121384762,-0.04742133121384762,FDX,0.041982810228120324,-0.10381975107247998,-0.10381975107247998
Pure_avg_accel_3m_top3,Pure_acceleration,2022-09,2022-09-01,"CVNA,NFLX,LEU",avg_accel_3m,0.1238853381750658,-0.13526557415504184,0.01624793451774102,3.0,avg_accel,avg_accel_3m,,,CVNA,0.14589900184381646,-0.34533257099516623,-0.34533257099516623,NFLX,0.11481330601572998,0.039123614583240984,0.3778038642963386,LEU,0.11094370666565097,-0.0995877660532003,0.016272510252050676
Pure_avg_accel_3m_top3,Pure_acceleration,2022-10,2022-10-03,"CVNA,COIN,MSTR",avg_accel_3m,0.20496406748652674,-0.06091872776047624,-0.06091872776047624,3.0,avg_accel,avg_accel_3m,,,CVNA,0.25362701972778473,-0.2879776037620809,-0.2879776037620809,COIN,0.18484451245021727,-0.040333527760470056,-0.040333527760470056,MSTR,0.17642067028157815,0.14555494824112225,0.14555494824112225
Pure_avg_accel_3m_top3,Pure_acceleration,2022-11,2022-11-01,"COIN,RCL,RKLB",avg_accel_3m,0.11017495014127321,-0.10046194491714484,0.0966408138566871,3.0,avg_accel,avg_accel_3m,,,COIN,0.12856460672598016,-0.2847211280943861,0.03807862218127389,RCL,0.11965351570949352,0.17179684238519655,0.29415147290055565,RKLB,0.08230672798834592,-0.188461549042245,-0.04230765351176824
Pure_avg_accel_3m_top3,Pure_acceleration,2022-12,2022-12-01,"RCL,HAL,SLB",avg_accel_3m,0.10557214373396967,-0.06822746519776224,0.11170119907080249,3.0,avg_accel,avg_accel_3m,,,RCL,0.10870218101940765,-0.2002954186538023,0.17386320297654634,HAL,0.10712205316313746,-0.0027645030561868067,0.08144186283027754,SLB,0.10089219701936392,-0.0016224738832976149,0.07979853140558357
Pure_avg_accel_3m_top3,Pure_acceleration,2023-01,2023-01-03,"HAL,SHOP,NEM",avg_accel_3m,0.080798082896063,0.19535099252632984,0.19535099252632984,3.0,avg_accel,avg_accel_3m,,,HAL,0.08303120281038402,0.0844397999715496,0.0844397999715496,SHOP,0.080410664441407,0.40863222790506626,0.40863222790506626,NEM,0.07895238143639796,0.0929809497023737,0.0929809497023737
Pure_avg_accel_3m_top3,Pure_acceleration,2023-02,2023-02-01,"SEDG,NKE,FDX",avg_accel_3m,0.09374000096289649,-0.02471122141428017,0.045678073534781705,3.0,avg_accel,avg_accel_3m,,,SEDG,0.10794367199116274,-0.0007934626131033129,-0.0007934626131033129,NKE,0.08683902729764344,-0.08432404499089496,-0.009384018969570751,FDX,0.08643730359988332,0.010983843361157763,0.14721170218701918
Pure_avg_accel_3m_top3,Pure_acceleration,2023-03,2023-03-01,"CVNA,GNRC,META",avg_accel_3m,0.20581536402368886,0.0630544749049919,0.43522398644334553,3.0,avg_accel,avg_accel_3m,,,CVNA,0.3552552403956126,0.042648763598271744,0.7732885422141715,GNRC,0.13916336799377188,-0.0821211033482937,-0.03958051750447278,META,0.1230274836816821,0.22863576446499767,0.5719639346203378
Pure_avg_accel_3m_top3,Pure_acceleration,2023-04,2023-04-03,"CVNA,COIN,TSLA",avg_accel_3m,0.25599380269407573,-0.21163944423777395,0.8234706483191726,3.0,avg_accel,avg_accel_3m,,,CVNA,0.3902857943521411,-0.25403659455638294,1.7771796211916384,COIN,0.210789082229934,-0.2117591745237476,0.25656342616302985,TSLA,0.16690653150015206,-0.16912256363319134,0.43666889760284966
Pure_avg_accel_3m_top3,Pure_acceleration,2023-05,2023-05-01,"TSLA,CRWD,MSTR",avg_accel_3m,0.10556698148855559,0.19471107634863508,0.5136309928508297,3.0,avg_accel,avg_accel_3m,,,TSLA,0.11140926521464409,0.2823333246273154,0.7290984623255572,CRWD,0.10308191273977543,0.3262901072270641,0.39708734266180246,MSTR,0.10220976651124725,-0.02449020280847425,0.4147071735651293
Pure_avg_accel_3m_top3,Pure_acceleration,2023-06,2023-06-01,"ISRG,LLY,MKC",avg_accel_3m,0.05950231405588205,0.04864467623395156,0.12370722287129217,3.0,avg_accel,avg_accel_3m,,,ISRG,0.06618232613530986,0.08208278976294192,0.08208278976294192,LLY,0.058209829160744596,0.05711464754160178,0.2790768465126696,MKC,0.05411478687159169,0.006736591397310976,0.009962032338264981
Pure_avg_accel_3m_top3,Pure_acceleration,2023-07,2023-07-03,"SMCI,PLTR,LLY",avg_accel_3m,0.10296419648383441,0.2081790967443613,0.28418663732002,3.0,avg_accel,avg_accel_3m,,,SMCI,0.15005794639045722,0.35457465551576983,0.35457465551576983,PLTR,0.09603925389588816,0.28801541117986473,0.28801541117986473,LLY,0.06279538916515785,-0.018052776462550657,0.20996984526442541
Pure_avg_accel_3m_top3,Pure_acceleration,2023-08,2023-08-01,"CVNA,CCL,PLTR",avg_accel_3m,0.22751412977908747,-0.11027165590910475,-0.0985991560378356,3.0,avg_accel,avg_accel_3m,,,CVNA,0.3688541941668898,0.03543072107277556,0.03543072107277556,CCL,0.16222769118088506,-0.12562540260619293,-0.12562540260619293,PLTR,0.15146050398948746,-0.24062028619389686,-0.20560278658008946
Pure_avg_accel_3m_top3,Pure_acceleration,2023-09,2023-09-01,"CVNA,PLUG,KEY",avg_accel_3m,0.1854503871864994,-0.17385256280366468,-0.08737642818909892,3.0,avg_accel,avg_accel_3m,,,CVNA,0.2912979119782806,-0.2281219424048233,-0.2281219424048233,PLUG,0.14661946941830145,-0.19741483666170512,-0.19741483666170512,KEY,0.11843378016291609,-0.09602090934446561,0.16340749449923164
Pure_avg_accel_3m_top3,Pure_acceleration,2023-10,2023-10-02,"TPL,LEU,MPC",avg_accel_3m,0.0952278506729744,0.013269588470953941,0.0167892074595765,3.0,avg_accel,avg_accel_3m,,,TPL,0.11081792104474268,0.05363850521018709,0.05363850521018709,LEU,0.09787718573325284,-0.04842526547667747,-0.0378664085108098,MPC,0.0769884452409277,0.0345955256793522,0.0345955256793522
Pure_avg_accel_3m_top3,Pure_acceleration,2023-11,2023-11-01,"ERIE,LEU,TPL",avg_accel_3m,0.05413929731355339,-0.009796758621300436,0.07442878425075668,3.0,avg_accel,avg_accel_3m,,,ERIE,0.06597263867940589,0.08192539609987981,0.26266786958683075,LEU,0.04880791998062799,-0.06083796206861247,0.01109619306060794,TPL,0.04763733328062628,-0.05047770989516864,-0.05047770989516864
Pure_avg_accel_3m_top3,Pure_acceleration,2023-12,2023-12-01,"PGR,HUM,T",avg_accel_3m,0.028413779803639686,-0.008238052305333329,0.06902160760887777,3.0,avg_accel,avg_accel_3m,,,PGR,0.030028483695855847,-0.005109020839427103,0.16197525542538393,HUM,0.02835213129313387,-0.048841096883425306,-0.048841096883425306,T,0.026860724421929345,0.029235960806852423,0.09393066428467467
Pure_avg_accel_3m_top3,Pure_acceleration,2024-01,2024-01-02,"COIN,XYZ,MSTR",avg_accel_3m,0.1070202161632829,-0.17334546211243532,0.7079483693196558,3.0,avg_accel,avg_accel_3m,,,COIN,0.12433178441050552,-0.17803421127780872,0.607024431180218,XYZ,0.10132622489324053,-0.07684855937342194,0.12794236648559787,MSTR,0.09540263918610266,-0.2651536156860753,1.3888783102931517
Pure_avg_accel_3m_top3,Pure_acceleration,2024-02,2024-02-01,"XYZ,COIN,CVNA",avg_accel_3m,0.18058631839875386,0.5783495093429835,0.741556295467746,3.0,avg_accel,avg_accel_3m,,,XYZ,0.20287208546111074,0.18869059811845634,0.22183892787950432,COIN,0.1829851040238018,0.595734851820529,0.9550989265361769,CVNA,0.15590176571134906,0.9506230780899649,1.0477310319875568
Pure_avg_accel_3m_top3,Pure_acceleration,2024-03,2024-03-01,"SMCI,ALGN,CVNA",avg_accel_3m,0.15866703081643166,0.08568196495868079,0.13458103587721468,3.0,avg_accel,avg_accel_3m,,,SMCI,0.20095646250493387,0.1454145903034021,0.1454145903034021,ALGN,0.13761519030042446,0.06546442949087794,0.06546442949087794,CVNA,0.1374294396439367,0.046166875081762315,0.19286408783736397
Pure_avg_accel_3m_top3,Pure_acceleration,2024-04,2024-04-01,"SMCI,CVNA,ARM",avg_accel_3m,0.18100287569316623,-0.17794724148077054,0.15583630786979305,3.0,avg_accel,avg_accel_3m,,,SMCI,0.2756340031489125,-0.2881453556578677,-0.2167766945326116,CVNA,0.13405973343545252,0.00345658869847032,0.43276881688233204,ARM,0.13331489049513362,-0.24915295748291422,0.2515168012596587
Pure_avg_accel_3m_top3,Pure_acceleration,2024-05,2024-05-01,"MSTR,APP,SMCI",avg_accel_3m,0.12606795594063477,0.27074551362604443,0.2997189995317187,3.0,avg_accel,avg_accel_3m,,,MSTR,0.18750922924126004,0.582667896645291,0.582667896645291,APP,0.09573889883989795,0.18583308691504108,0.2162317506879201,SMCI,0.09495573974074631,0.04373555731780132,0.10025735126194513
Pure_avg_accel_3m_top3,Pure_acceleration,2024-06,2024-06-03,"NEM,MMM,FCX",avg_accel_3m,0.05402148984323555,-0.020331164856687994,0.16808273620876857,3.0,avg_accel,avg_accel_3m,,,NEM,0.06668041357696218,0.00024034371137027222,0.2552835180871176,MMM,0.04959543849800744,0.008520317481346185,0.31871884630196856,FCX,0.04578861745473702,-0.06975415576278043,-0.06975415576278043
Pure_avg_accel_3m_top3,Pure_acceleration,2024-07,2024-07-01,"FSLR,ECHO,NEM",avg_accel_3m,0.08442333751042976,0.09908483999601263,0.2490179160335663,3.0,avg_accel,avg_accel_3m,,,FSLR,0.10687585793584756,-0.018903536378929386,0.08059807106603833,ECHO,0.08325876669227994,0.12648231475238925,0.36024852613961666,NEM,0.0631353879031618,0.189675741614578,0.3062071508950439
Pure_avg_accel_3m_top3,Pure_acceleration,2024-08,2024-08-01,"PLUG,ADBE,CHTR",avg_accel_3m,0.07063561568409572,-0.09388482650346508,-0.027287512983183364,3.0,avg_accel,avg_accel_3m,,,PLUG,0.07481520205266691,-0.24568963346739237,-0.09913794210847326,ADBE,0.07036845911381064,0.04507605295172312,0.04507605295172312,CHTR,0.06672318588580961,-0.081040898994726,-0.027800649792799947
Pure_avg_accel_3m_top3,Pure_acceleration,2024-09,2024-09-03,"GL,PLD,ADBE",avg_accel_3m,0.0779226398835951,-0.0518482817886086,-0.023165339952420427,3.0,avg_accel,avg_accel_3m,,,GL,0.08786920045142207,-0.013976081604871848,0.04860674339642035,PLD,0.07306393173930179,-0.022067515406837268,-0.022067515406837268,ADBE,0.07283478746006146,-0.11950124835411668,-0.09603524784684436
Pure_avg_accel_3m_top3,Pure_acceleration,2024-10,2024-10-01,"BLDR,GL,VEEV",avg_accel_3m,0.0835065487841209,-0.02899276790816659,0.042954675601775204,3.0,avg_accel,avg_accel_3m,,,BLDR,0.08751591357194374,-0.11712170239346231,-0.05142675632314875,GL,0.0868959774927448,0.005290283441804933,0.08473153034320502,VEEV,0.07610775528767416,0.024853115227157607,0.09555925278526933
Pure_avg_accel_3m_top3,Pure_acceleration,2024-11,2024-11-01,"RKLB,LEU,ALAB",avg_accel_3m,0.0913297330010918,0.4304059525124866,0.6970632146912688,3.0,avg_accel,avg_accel_3m,,,RKLB,0.0952837056736135,1.1151489076420713,1.4851137452861187,LEU,0.09402572678039074,-0.24705558166872332,-0.24705558166872332,ALAB,0.08467976654927119,0.4231245315641119,0.853131480456411
Pure_avg_accel_3m_top3,Pure_acceleration,2024-12,2024-12-02,"LEU,ALAB,APP",avg_accel_3m,0.1990016506780683,0.06785105734227874,0.13122358882261373,3.0,avg_accel,avg_accel_3m,,,LEU,0.27281706133395095,-0.10209770879488689,0.018552185723901493,ALAB,0.18698579884510413,0.30215693662429666,0.30215693662429666,APP,0.13720209185514984,0.003493944197426435,0.07296164411964301
Pure_avg_accel_3m_top3,Pure_acceleration,2025-01,2025-01-02,"APP,ALAB,MSTR",avg_accel_3m,0.2007708827274625,-0.015011274794227517,-0.015011274794227517,3.0,avg_accel,avg_accel_3m,,,APP,0.21257619357580054,0.06922582873957994,0.06922582873957994,ALAB,0.19779449797762044,-0.27118770565306194,-0.27118770565306194,MSTR,0.19194195662896654,0.15692805253079944,0.15692805253079944
Pure_avg_accel_3m_top3,Pure_acceleration,2025-02,2025-02-03,"SMCI,COIN,ALAB",avg_accel_3m,0.10824259276558988,-0.08113859298190684,-0.07590690092993128,3.0,avg_accel,avg_accel_3m,,,SMCI,0.1254511032325997,0.34338916880305104,0.34338916880305104,COIN,0.12218058615256902,-0.27657256302264477,-0.27657256302264477,ALAB,0.07709608891160093,-0.3102323847261268,-0.2945373085702001
Pure_avg_accel_3m_top3,Pure_acceleration,2025-03,2025-03-03,"EL,HII,HUM",avg_accel_3m,0.056250822938029556,0.05119856436900957,0.09999792716472411,3.0,avg_accel,avg_accel_3m,,,EL,0.05948216474556465,-0.03291548649131382,-0.03291548649131382,HII,0.055797775438800615,0.1709520113357368,0.3173500997228804,HUM,0.053472528629723404,0.015559168262605727,0.015559168262605727
Pure_avg_accel_3m_top3,Pure_acceleration,2025-04,2025-04-01,"CVS,MPWR,NEM",avg_accel_3m,0.06609778116101496,0.04435854710273612,0.18179542645201274,3.0,avg_accel,avg_accel_3m,,,CVS,0.07762026283107974,0.0321561510877193,0.034088176423367145,MPWR,0.060519801415142294,0.03465307318647737,0.2873299030229226,NEM,0.06015327923682281,0.0662664170340117,0.22396819990974848
Pure_avg_accel_3m_top3,Pure_acceleration,2025-05,2025-05-01,"SEDG,CVS,CCI",avg_accel_3m,0.06347015631930238,0.07303396481844655,0.35186917688956926,3.0,avg_accel,avg_accel_3m,,,SEDG,0.06813411453589108,0.36363639820481075,1.0374800091534482,CVS,0.06672562842928803,-0.08423339968297927,0.0018718343475567778,CCI,0.055550725992728034,-0.060301104066491806,0.01625568716770287
Pure_avg_accel_3m_top3,Pure_acceleration,2025-06,2025-06-02,"MSTR,UUUU,EIX",avg_accel_3m,0.07804630002901562,0.045820318800445015,0.45267430199568354,3.0,avg_accel,avg_accel_3m,,,MSTR,0.08679399127213291,0.0027668058390253325,0.0027668058390253325,UUUU,0.07888498896332385,0.18069817969613622,1.3326488549543578,EIX,0.06845991985159011,-0.04600402913382651,0.022607245193667413
Pure_avg_accel_3m_top3,Pure_acceleration,2025-07,2025-07-01,"ALAB,LEU,UUUU",avg_accel_3m,0.13433881632168423,0.4175513098272818,1.2961820579931538,3.0,avg_accel,avg_accel_3m,,,ALAB,0.17334637545427944,0.47868261547956403,1.1937738773534865,LEU,0.11933568591947274,0.23484081287711134,0.9625983769482405,UUUU,0.11033438759130054,0.5391305011251699,1.7321739196777344
Pure_avg_accel_3m_top3,Pure_acceleration,2025-08,2025-08-01,"LEU,COIN,PLUG",avg_accel_3m,0.18474883856788007,0.0001541269748356333,0.613090165353331,3.0,avg_accel,avg_accel_3m,,,LEU,0.21798365079146184,-0.02131235252907482,0.6463782807073697,COIN,0.1688573458443989,-0.035368155316230276,0.10003498917061893,PLUG,0.16740551906777956,0.057142888769811995,1.0928572261820046
Pure_avg_accel_3m_top3,Pure_acceleration,2025-09,2025-09-02,"PLUG,ECHO,LEU",avg_accel_3m,0.14965079655018568,0.6074237280411542,0.6268459735630462,3.0,avg_accel,avg_accel_3m,,,PLUG,0.19837194564484578,0.9797297493221986,0.9797297493221986,ECHO,0.13039306247604793,0.21857759968060386,0.21857759968060386,LEU,0.12018738152966334,0.62396383512066,0.6822305716863362
Pure_avg_accel_3m_top3,Pure_acceleration,2025-10,2025-10-01,"ECHO,UUUU,UNH",avg_accel_3m,0.1489560633081964,0.01314234655899471,0.1721444116741043,3.0,avg_accel,avg_accel_3m,,,ECHO,0.2778746494454258,-0.051949650986389595,0.4110691862286262,UUUU,0.08543909722584433,0.1330362313073612,0.1330362313073612,UNH,0.08355444325331907,-0.04165954064398747,-0.027672182513674537
Pure_avg_accel_3m_top3,Pure_acceleration,2025-11,2025-11-03,"ECHO,UNH,INTC",avg_accel_3m,0.13782286128409638,-0.016743350642951998,0.2655542840944501,3.0,avg_accel,avg_accel_3m,,,ECHO,0.21545286280135664,-0.031444907260395616,0.5463712193780337,UNH,0.09922757216792122,-0.03169649458069346,0.014595395606809891,INTC,0.09878814888301125,0.012911349912233083,0.23569623729850675
Pure_avg_accel_3m_top3,Pure_acceleration,2025-12,2025-12-01,"CIEN,MU,CNC",avg_accel_3m,0.12189417853084437,0.21319932397226413,0.5863518748178761,3.0,avg_accel,avg_accel_3m,,,CIEN,0.13070460881687157,0.22466653295353933,0.7605515339936006,MU,0.12116724998287828,0.3122658424388256,0.8214125308780598,CNC,0.1138106767927833,0.10266559652442742,0.17709155958196776
Pure_avg_accel_3m_top3,Pure_acceleration,2026-01,2026-01-02,"CNC,ALGN,ISRG",avg_accel_3m,0.07317154385493634,-0.014328352213042591,0.054274285142889934,3.0,avg_accel,avg_accel_3m,,,CNC,0.07716799831260282,0.024413606691369827,0.06749640443315652,ALGN,0.07301251420456084,0.04870862118165986,0.21143373550767075,ISRG,0.06933411904764533,-0.11610728451215746,-0.11610728451215746
Pure_avg_accel_3m_top3,Pure_acceleration,2026-02,2026-02-02,"DLTR,RKLB,DG",avg_accel_3m,0.07615885997032044,0.01442872353625324,0.049672581376473714,3.0,avg_accel,avg_accel_3m,,,DLTR,0.07832484283423506,0.02269233923404035,0.02269233923404035,RKLB,0.07787072356153074,-0.042886045040281484,0.06284552848037994,DG,0.07228101351519553,0.06347987641500086,0.06347987641500086
Pure_avg_accel_3m_top3,Pure_acceleration,2026-03,2026-03-02,"DECK,RKLB,FISV",avg_accel_3m,0.09988497667958679,-0.0996786987392669,0.23233198378755335,3.0,avg_accel,avg_accel_3m,,,DECK,0.10399153896917245,-0.1187669043787235,-0.03222428060927229,RKLB,0.10109731416151331,-0.07679307431161297,0.7245314539172538,FISV,0.09456607690807461,-0.10347611752746422,0.0046887780546784885
Pure_avg_accel_4m_top3,Pure_acceleration,2016-01,2016-01-04,"URI,NVDA,NEM",avg_accel_4m,0.04715656644602362,-0.09677877383940103,0.141729850269859,4.0,avg_accel,avg_accel_4m,,,URI,0.0501186428176961,-0.3099207904762522,-0.14061602388405736,NVDA,0.04662527236371958,-0.09484083753346129,0.12084351338143162,NEM,0.04472578415665518,0.11442530649151039,0.44496206131220273
Pure_avg_accel_4m_top3,Pure_acceleration,2016-02,2016-02-01,"ENPH,SEDG,AMD",avg_accel_4m,0.07010137225967301,-0.016547461902259752,0.25216334441616556,4.0,avg_accel,avg_accel_4m,,,ENPH,0.08318976242078001,0.020920481222442833,0.07112963615630563,SEDG,0.064701412617974,-0.08925443697230795,-0.062303073094513994,AMD,0.06241294174026502,0.01869157004308586,0.7476634701867051
Pure_avg_accel_4m_top3,Pure_acceleration,2016-03,2016-03-01,"SEDG,ENPH,VTRS",avg_accel_4m,0.06522571740047327,-0.013831904804433007,0.03667883195833436,4.0,avg_accel,avg_accel_4m,,,SEDG,0.08392754198272634,-0.05226750908629496,0.029592638132868387,ENPH,0.06002459269579499,-0.02049178325562906,0.0491802798135097,VTRS,0.051725017522898466,0.031263577928625,0.031263577928625
Pure_avg_accel_4m_top3,Pure_acceleration,2016-04,2016-04-01,"ENPH,SEDG,UUUU",avg_accel_4m,0.06670397070159471,0.05832386946979554,0.06705752044470199,4.0,avg_accel,avg_accel_4m,,,ENPH,0.0801912486858319,0.07112963615630563,0.07112963615630563,SEDG,0.0707208000330052,0.08637473971188059,0.08637473971188059,UUUU,0.04919986338594704,0.017467232541200417,0.04366818546591977
Pure_avg_accel_4m_top3,Pure_acceleration,2016-05,2016-05-02,"LEU,FCX,NRG",avg_accel_4m,0.11292112774443036,-0.04400039830588095,0.045258855067684456,4.0,avg_accel,avg_accel_4m,,,LEU,0.23554848958935248,-0.04516124864274451,0.08387096724574694,FCX,0.05975743557823617,-0.21771229333910225,-0.0789667491068975,NRG,0.04345745806570245,0.13087234706420392,0.13087234706420392
Pure_avg_accel_4m_top3,Pure_acceleration,2016-06,2016-06-01,"LEU,FCX,TRGP",avg_accel_4m,0.14662440998138346,0.06174299032501126,0.12648943364356927,4.0,avg_accel,avg_accel_4m,,,LEU,0.2068648542563535,0.13513508506549265,0.18243241719384562,FCX,0.13185828273833014,0.07075484295812862,0.17735871732463182,TRGP,0.10115009294946675,-0.020660957048587503,0.019677166412230385
Pure_avg_accel_4m_top3,Pure_acceleration,2016-07,2016-07-01,"LEU,TRGP,FCX",avg_accel_4m,0.14015461594120696,-0.023595972716915603,0.14332733486790014,4.0,avg_accel,avg_accel_4m,,,LEU,0.20228460182317012,-0.05654756688510587,0.1517857161863727,TRGP,0.1171686744241462,-0.11379990503986737,0.17863673464310126,FCX,0.10101057157630455,0.09955955377422643,0.09955955377422643
Pure_avg_accel_4m_top3,Pure_acceleration,2016-08,2016-08-01,"DVN,WMB,TRGP",avg_accel_4m,0.08083938313480166,0.21375583208323445,0.3104887698677778,4.0,avg_accel,avg_accel_4m,,,DVN,0.09489383996381563,0.21693099099930424,0.23256732035809669,WMB,0.085487760681811,0.24944481178931355,0.36890958691265796,TRGP,0.062136548758778325,0.17489169346108557,0.3299894023325787
Pure_avg_accel_4m_top3,Pure_acceleration,2016-09,2016-09-01,"WMB,DHR,VRTX",avg_accel_4m,0.05242742851788145,-0.009737910711483702,-0.009737910711483702,4.0,avg_accel,avg_accel_4m,,,WMB,0.05585483829025797,0.09561428723871401,0.09561428723871401,DHR,0.053095344870054295,-0.040817474946013066,-0.040817474946013066,VRTX,0.04833210239333207,-0.08401054442715206,-0.08401054442715206
Pure_avg_accel_4m_top3,Pure_acceleration,2016-10,2016-10-03,"DHR,DXCM,PODD",avg_accel_4m,0.038244967607281626,-0.06511305611778628,-0.05136823805740472,4.0,avg_accel,avg_accel_4m,,,DHR,0.0450939636028782,-0.012309865608527426,0.011734094288292862,DXCM,0.03991249931831394,-0.08307842914920582,-0.08307842914920582,PODD,0.029728439900652732,-0.0999508735956256,-0.0827603793113012
Pure_avg_accel_4m_top3,Pure_acceleration,2016-11,2016-11-01,"ZBRA,DHR,LVS",avg_accel_4m,0.039448221178955835,0.07150678856631103,0.147406327417684,4.0,avg_accel,avg_accel_4m,,,ZBRA,0.043223530647432534,0.1541002436868424,0.295434028657096,DHR,0.041874675727028125,-0.00012924385886237122,0.08623558772500295,LVS,0.03324645716240684,0.060549365870953054,0.060549365870953054
Pure_avg_accel_4m_top3,Pure_acceleration,2016-12,2016-12-01,"ZBRA,XYZ,PANW",avg_accel_4m,0.04069736746221946,0.06277754425444071,0.2208024698808743,4.0,avg_accel,avg_accel_4m,,,ZBRA,0.04588155187852281,0.12246231273529107,0.18050498968780637,XYZ,0.03857026058360524,0.08654605650419023,0.3548386515870574,PANW,0.03764028992453034,-0.020675736476159168,0.12706376836775912
Pure_avg_accel_4m_top3,Pure_acceleration,2017-01,2017-01-03,"LEU,TPL,FCX",avg_accel_4m,0.04567469582646597,0.013614009882269906,0.024154205013161605,4.0,avg_accel,avg_accel_4m,,,LEU,0.05320609577756063,-0.24901189793498735,-0.21739131254231225,TPL,0.044546216067757126,0.06779263289498916,0.06779263289498916,FCX,0.039271775634080186,0.2220612946868079,0.2220612946868079
Pure_avg_accel_4m_top3,Pure_acceleration,2017-02,2017-02-01,"LEU,KEY,NRG",avg_accel_4m,0.04270642319732995,0.050431700833046524,0.08878352482676144,4.0,avg_accel,avg_accel_4m,,,LEU,0.05214354874562943,0.04210530806776713,0.04210530806776713,KEY,0.038863153785512,0.07797817025472131,0.07797817025472131,NRG,0.037112567060848416,0.03121162417665113,0.14626709615779587
Pure_avg_accel_4m_top3,Pure_acceleration,2017-03,2017-03-01,"ENPH,UUUU,NRG",avg_accel_4m,0.06842916329096126,-0.01564306228967649,-0.01564306228967649,4.0,avg_accel,avg_accel_4m,,,ENPH,0.07501755674773618,-0.14906832758031285,-0.14906832758031285,UUUU,0.06775910596100576,-0.00943395377648304,-0.00943395377648304,NRG,0.06251082716414182,0.11157309448776642,0.11157309448776642
Pure_avg_accel_4m_top3,Pure_acceleration,2017-04,2017-04-03,"ENPH,UUUU,NRG",avg_accel_4m,0.06926585930655095,-0.12671434895824588,-0.11780046162202662,4.0,avg_accel,avg_accel_4m,,,ENPH,0.07851298590226459,-0.12408755948391248,-0.12408755948391248,UUUU,0.07074187393769801,-0.14761902707504226,-0.14761902707504226,NRG,0.05854271807969022,-0.10843646031578291,-0.08169479830712512
Pure_avg_accel_4m_top3,Pure_acceleration,2017-05,2017-05-01,"DXCM,ENPH,UUUU",avg_accel_4m,0.059826019135246655,-0.22220016683126398,-0.09817712832229164,4.0,avg_accel,avg_accel_4m,,,DXCM,0.0636328093351525,-0.16017588246744985,-0.08894474832630173,ENPH,0.06280471746374898,-0.35000004967053533,-0.2000000496705352,UUUU,0.0530405306068385,-0.15642456835580676,-0.005586586970037999
Pure_avg_accel_4m_top3,Pure_acceleration,2017-06,2017-06-01,"PLUG,VRTX,SEDG",avg_accel_4m,0.06495547716727648,0.066665302200197,0.32707431321775876,4.0,avg_accel,avg_accel_4m,,,PLUG,0.11379675396643936,0.10215050352144872,0.24193544355565155,VRTX,0.041719692060784776,0.008414533144186498,0.27587292246601036,SEDG,0.039349985474605303,0.08943086993495575,0.4634145736316144
Pure_avg_accel_4m_top3,Pure_acceleration,2017-07,2017-07-03,"PLUG,FSLR,SEDG",avg_accel_4m,0.05202333710088963,0.17503828047921477,0.33696444403406905,4.0,avg_accel,avg_accel_4m,,,PLUG,0.09679768359724893,0.12682926659070604,0.34146344583705446,FSLR,0.031339844778830526,0.23908165470468234,0.23908165470468234,SEDG,0.027932482926589453,0.15920392014225593,0.4303482315604703
Pure_avg_accel_4m_top3,Pure_acceleration,2017-08,2017-08-01,"PLUG,DECK,FSLR",avg_accel_4m,0.042312451180926254,-0.03032957036149168,0.14082490584421362,4.0,avg_accel,avg_accel_4m,,,PLUG,0.07576356199292685,-0.051948003693320643,0.22077922211963008,DECK,0.025964423471092412,-0.002585494547956535,0.04942968823769234,FSLR,0.02520936807875952,-0.03645521284319786,0.15226580717531846
Pure_avg_accel_4m_top3,Pure_acceleration,2017-09,2017-09-01,"FSLR,NVDA,PANW",avg_accel_4m,0.04285745998044029,0.00739686201497843,0.15395745149281773,4.0,avg_accel,avg_accel_4m,,,FSLR,0.0650209183266294,-0.013795983388524391,0.2604514850487232,NVDA,0.03552032624858625,0.050099857126710834,0.21553415712298118,PANW,0.028031135366105225,-0.014113287693251153,-0.014113287693251153
Pure_avg_accel_4m_top3,Pure_acceleration,2017-10,2017-10-02,"FCX,ENPH,NRG",avg_accel_4m,0.04020804913777179,-0.03664689557667019,0.46841053188597076,4.0,avg_accel,avg_accel_4m,,,FCX,0.04741289608965008,0.0027891726122457605,0.3786609732108601,ENPH,0.03721727240892811,-0.08496731873370122,0.895424934376454,NRG,0.035993978914737185,-0.027762540608555097,0.13114568807059812
Pure_avg_accel_4m_top3,Pure_acceleration,2017-11,2017-11-01,"ENPH,NRG,GNRC",avg_accel_4m,0.06088661054796698,0.38821584208712884,0.40427483511582946,4.0,avg_accel,avg_accel_4m,,,ENPH,0.11012439743487086,1.0714286748243858,1.0714286748243858,NRG,0.038692767481450736,0.12520138233631384,0.1634459021756054,GNRC,0.033842666727579324,-0.03198253089931302,-0.022050071652502723
Pure_avg_accel_4m_top3,Pure_acceleration,2017-12,2017-12-01,"ENPH,MU,DVN",avg_accel_4m,0.04863711089548365,0.008518858149060579,0.1214846884471749,4.0,avg_accel,avg_accel_4m,,,ENPH,0.07238449460916606,-0.10344833823077981,0.14137925307901122,MU,0.03870147164866552,0.04000978072545025,0.13407968031000217,DVN,0.034825366428619386,0.0889951319525113,0.0889951319525113
Pure_avg_accel_4m_top3,Pure_acceleration,2018-01,2018-01-02,"ENPH,AKAM,GWW",avg_accel_4m,0.0690053249685755,-0.0019403423596634495,0.3234613387312532,4.0,avg_accel,avg_accel_4m,,,ENPH,0.13990355403190632,-0.16538455542727826,0.7346155362721787,AKAM,0.03359028316177214,0.03050640748136879,0.05628435904239226,GWW,0.03352213771204804,0.12905712086691912,0.17948412087918864
Pure_avg_accel_4m_top3,Pure_acceleration,2018-02,2018-02-01,"KR,ENPH,VTRS",avg_accel_4m,0.049954208208292855,0.1278516335677298,0.31218346827004717,4.0,avg_accel,avg_accel_4m,,,KR,0.05378436306263692,-0.08697076454799912,-0.08697076454799912,ENPH,0.05361137118720908,0.5253455421220792,1.0783410462290313,VTRS,0.04246689037503257,-0.05481987687089063,-0.05481987687089063
Pure_avg_accel_4m_top3,Pure_acceleration,2018-03,2018-03-01,"DXCM,KR,CVNA",avg_accel_4m,0.04573384738290338,0.1360217533518868,0.3602302814790416,4.0,avg_accel,avg_accel_4m,,,DXCM,0.04876025553390331,0.3794188499566493,0.7064593564931048,KR,0.04617040225891695,-0.15222137745071562,-0.09832467019417634,CVNA,0.04227088435588988,0.18086778754972666,0.4725561581381963
Pure_avg_accel_4m_top3,Pure_acceleration,2018-04,2018-04-02,"AXON,MELI,NFLX",avg_accel_4m,0.04250264752354457,0.0489655426304475,0.3507698640676362,4.0,avg_accel,avg_accel_4m,,,AXON,0.048593662923664384,0.05141840939296749,0.6540021228191464,MELI,0.04569990910557969,-0.0222926857137834,-0.0222926857137834,NFLX,0.033214370541389655,0.11777090421215841,0.4206001550975458
Pure_avg_accel_4m_top3,Pure_acceleration,2018-05,2018-05-01,"DXCM,AXON,NFLX",avg_accel_4m,0.0309049627770685,0.32608398425786617,0.4202211324037961,4.0,avg_accel,avg_accel_4m,,,DXCM,0.0376506114131839,0.2563019173596952,0.3414633842077457,AXON,0.02973666558695497,0.5731150491972823,0.6482775460256431,NFLX,0.02532761133106663,0.14883498621662095,0.2709224669779995
Pure_avg_accel_4m_top3,Pure_acceleration,2018-06,2018-06-01,"PCG,MDB,AXON",avg_accel_4m,0.0371624112862615,0.032301574017306045,0.2551546767633939,4.0,avg_accel,avg_accel_4m,,,PCG,0.03995935719840856,0.03477650561149548,0.11213625392527282,MDB,0.03779917927054937,0.07545138192163181,0.5831900430170254,AXON,0.03372869738982657,-0.013323165481209154,0.07013773334788342
Pure_avg_accel_4m_top3,Pure_acceleration,2018-07,2018-07-02,"AXON,MDB,PLUG",avg_accel_4m,0.040751106604165116,0.036198750805799706,0.20878648300105276,4.0,avg_accel,avg_accel_4m,,,AXON,0.04593733624465149,0.06192763999488937,0.08458787711358084,MDB,0.043209793599998186,0.08115133864386759,0.5762542981109353,PLUG,0.03310618996784567,-0.03448272622135784,-0.03448272622135784
Pure_avg_accel_4m_top3,Pure_acceleration,2018-08,2018-08-01,"CVNA,SMCI,TKO",avg_accel_4m,0.053241119629389044,0.20854465463855912,0.24873506495476286,4.0,avg_accel,avg_accel_4m,,,CVNA,0.05714503369229875,0.5395519191605136,0.5395519191605136,SMCI,0.05269009924299883,-0.057603684610685546,-0.009216580748084735,TKO,0.04988822595286957,0.14368572936584934,0.21586985645185974
Pure_avg_accel_4m_top3,Pure_acceleration,2018-09,2018-09-04,"TKO,AMD,UUUU",avg_accel_4m,0.053826763646695835,0.07153492775423402,0.09058255328943325,4.0,avg_accel,avg_accel_4m,,,TKO,0.05571276253711,0.06311535173743499,0.06311535173743499,AMD,0.05499021127357734,0.1197434310157326,0.1197434310157326,UUUU,0.05077731712940017,0.03174600050953447,0.08888887711513216
Pure_avg_accel_4m_top3,Pure_acceleration,2018-10,2018-10-01,"AMD,HWM,CVNA",avg_accel_4m,0.06469141508056626,-0.2068365343518763,-0.16603612929787484,4.0,avg_accel,avg_accel_4m,,,AMD,0.07694408182853424,-0.35646087637630963,-0.24538513599935996,HWM,0.061390715651686883,-0.036451712889540966,-0.02512623810448633,CVNA,0.055739447761477656,-0.22759701378977826,-0.22759701378977826
Pure_avg_accel_4m_top3,Pure_acceleration,2018-11,2018-11-01,"AMD,HWM,HUBB",avg_accel_4m,0.043957361818951206,0.07358518307172557,0.08677346483196631,4.0,avg_accel,avg_accel_4m,,,AMD,0.04955060876151932,0.1726013793093042,0.21216622459002643,HWM,0.04828293146772699,0.011753925502808071,0.011753925502808071,HUBB,0.034038545227607304,0.03640024440306444,0.03640024440306444
Pure_avg_accel_4m_top3,Pure_acceleration,2018-12,2018-12-03,"MDB,SBUX,CAH",avg_accel_4m,0.02174327464248411,-0.09856293305004964,0.0783152203690245,4.0,avg_accel,avg_accel_4m,,,MDB,0.02355950276092514,-0.059190470816579466,0.22570015942004384,SBUX,0.020946509367382404,-0.0471109284794744,0.05510764643627741,CAH,0.020723811799144787,-0.18938739985409503,-0.04586214474924777
Pure_avg_accel_4m_top3,Pure_acceleration,2019-01,2019-01-02,"GEN,SBUX,CAH",avg_accel_4m,0.029569349219500177,0.12109171481808019,0.18710748070113378,4.0,avg_accel,avg_accel_4m,,,GEN,0.03342187352552409,0.20960953509302738,0.228387952995734,SBUX,0.028828875490091905,0.05892403113124289,0.1558767243023662,CAH,0.02645729864288454,0.09474157822997031,0.1770577648053011
Pure_avg_accel_4m_top3,Pure_acceleration,2019-02,2019-02-01,"NEM,SBUX,GM",avg_accel_4m,0.020933093458618667,0.02146893796338319,0.07334372588603795,4.0,avg_accel,avg_accel_4m,,,NEM,0.030271609168005087,-0.000590986666846427,0.0565925910945273,SBUX,0.0172236542200719,0.04565789297442824,0.1440986789810188,GM,0.01530401698777901,0.01933990758256776,0.01933990758256776
Pure_avg_accel_4m_top3,Pure_acceleration,2019-03,2019-03-01,"LEU,ENPH,SEDG",avg_accel_4m,0.05287721215287238,-0.025558521333442014,0.3797681021569577,4.0,avg_accel,avg_accel_4m,,,LEU,0.06704927924909561,-0.00983605634714435,0.1245902034038826,ENPH,0.06493002044910158,0.017582400077467586,0.7263735581964528,SEDG,0.026652336760419948,-0.08442190773064928,0.28834054487053784
Pure_avg_accel_4m_top3,Pure_acceleration,2019-04,2019-04-01,"LEU,ENPH,SMCI",avg_accel_4m,0.060117753815271846,0.1936228012454139,0.38512746515212387,4.0,avg_accel,avg_accel_4m,,,LEU,0.06688784849493717,0.1357616186821642,0.1357616186821642,ENPH,0.05791372466811431,0.4017277776896653,0.9762417694097951,SMCI,0.05555168828276405,0.04337900736441225,0.04337900736441225
Pure_avg_accel_4m_top3,Pure_acceleration,2019-05,2019-05-01,"CVNA,LEU,PLUG",avg_accel_4m,0.07517882562426619,-0.04867745460322348,-0.014302007083542345,4.0,avg_accel,avg_accel_4m,,,CVNA,0.09082149327352691,-0.17498939443702566,-0.07186305187798225,LEU,0.06905925534671023,-0.002915449057909525,-0.002915449057909525,PLUG,0.0656557282525614,0.03187247968526474,0.03187247968526474
Pure_avg_accel_4m_top3,Pure_acceleration,2019-06,2019-06-03,"CVNA,PCG,PLUG",avg_accel_4m,0.09585654250952443,0.0983544670054561,0.17842991716771317,4.0,avg_accel,avg_accel_4m,,,CVNA,0.10802882494787376,0.12500002044055125,0.36522637092732246,PCG,0.09155532847341902,0.3051984833678276,0.3051984833678276,PLUG,0.08798547410728053,-0.13513510279201058,-0.13513510279201058
Pure_avg_accel_4m_top3,Pure_acceleration,2019-07,2019-07-01,"PCG,PLUG,CAG",avg_accel_4m,0.06574232454773545,-0.05863901188927345,-0.0008233938446350342,4.0,avg_accel,avg_accel_4m,,,PCG,0.08606675027782844,-0.226980789981564,-0.226980789981564,PLUG,0.05968087474582676,-0.04017853294024054,0.12053570525758728,CAG,0.051479348619551106,0.0912422872539842,0.10397490319007163
Pure_avg_accel_4m_top3,Pure_acceleration,2019-08,2019-08-01,"PCG,QCOM,SEDG",avg_accel_4m,0.04234631927197353,-0.06438573214915044,0.006652600380618323,4.0,avg_accel,avg_accel_4m,,,PCG,0.04481314612194587,-0.4144043441737567,-0.4144043441737567,QCOM,0.04178759617528013,0.05505669191672613,0.18319647958866825,SEDG,0.040438215518694594,0.16619045580957925,0.25116566572694343
Pure_avg_accel_4m_top3,Pure_acceleration,2019-09,2019-09-03,"SEDG,RMD,ENPH",avg_accel_4m,0.02615645593743866,-0.058078847154643176,-0.015289740772756319,4.0,avg_accel,avg_accel_4m,,,SEDG,0.0313973667651995,0.0723497619823752,0.07286563656394662,RMD,0.023767927222930207,-0.030340761443252706,0.08451427155274671,ENPH,0.023304073824186273,-0.21624554200305202,-0.2032491304349623
Pure_avg_accel_4m_top3,Pure_acceleration,2019-10,2019-10-01,"DXCM,TSLA,PODD",avg_accel_4m,0.042212308265772436,0.07893112670844053,0.4599457154166688,4.0,avg_accel,avg_accel_4m,,,DXCM,0.04567671658047324,0.05676853612196542,0.5043331473780615,TSLA,0.043877439927582036,0.28043635244563747,0.7583880383549395,PODD,0.03708276828926205,-0.1004115084422813,0.11711596051700535
Pure_avg_accel_4m_top3,Pure_acceleration,2019-11,2019-11-01,"TSLA,KLAC,MPC",avg_accel_4m,0.035640799904763154,-0.023073470312398887,0.49754853601906895,4.0,avg_accel,avg_accel_4m,,,TSLA,0.04367342499395826,0.06881367125383675,1.489547143643243,KLAC,0.031823737875420845,-0.061367789265603045,0.06398893563831698,MPC,0.031425236844910366,-0.07666629292543037,-0.06089047122435309
Pure_avg_accel_4m_top3,Pure_acceleration,2019-12,2019-12-02,"LEU,TSLA,STT",avg_accel_4m,0.04266521394597827,0.18750357290440678,0.6469548024410784,4.0,avg_accel,avg_accel_4m,,,LEU,0.054633022671918524,0.19926197573866644,0.5332103879413339,TSLA,0.04056356364618777,0.28485679293232424,1.3292620693396717,STT,0.03279905551982851,0.07839195004222965,0.07839195004222965
Pure_avg_accel_4m_top3,Pure_acceleration,2020-01,2020-01-02,"ALGN,PLUG,LEU",avg_accel_4m,0.06876998733557495,0.02314094222994867,0.17202038815770104,4.0,avg_accel,avg_accel_4m,,,ALGN,0.07637957073412552,-0.10807948813775436,-0.10807948813775436,PLUG,0.06590120633470858,0.18827157200627376,0.34567904959290385,LEU,0.06402918493789073,-0.010769257178673386,0.27846160301795364
Pure_avg_accel_4m_top3,Pure_acceleration,2020-02,2020-02-03,"ALGN,LEU,EQT",avg_accel_4m,0.06450886982899594,0.07955498329220816,0.5505929259525175,4.0,avg_accel,avg_accel_4m,,,ALGN,0.07736571721452264,-0.09011146417974891,-0.09011146417974891,LEU,0.06566251660549315,0.2923795709904131,0.2923795709904131,EQT,0.05049837566697201,0.03639684306596025,1.4495106710468884
Pure_avg_accel_4m_top3,Pure_acceleration,2020-03,2020-03-02,"PCG,TSLA,ZS",avg_accel_4m,0.10138217518405324,-0.20614825911819532,0.3600629108206204,4.0,avg_accel,avg_accel_4m,,,PCG,0.15827329601751197,-0.44053154732321864,-0.2112956731181832,TSLA,0.09062180542717801,-0.35241120487373445,0.20774045142001563,ZS,0.055251424107469714,0.17449797484236718,1.0837439541600289
Pure_avg_accel_4m_top3,Pure_acceleration,2020-04,2020-04-01,"PCG,ENPH,TSLA",avg_accel_4m,0.10650723769732846,0.3711434949932781,0.9131491886966613,4.0,avg_accel,avg_accel_4m,,,PCG,0.13932183328408299,0.20427551943047617,0.4097386959144069,ENPH,0.12011854986179837,0.4528048147450028,1.0047027002853781,TSLA,0.06008132994610402,0.45635015080435526,1.325006169890199
Pure_avg_accel_4m_top3,Pure_acceleration,2020-05,2020-05-01,"ZS,CRWD,ENPH",avg_accel_4m,0.038854669446757244,0.4651274758388458,0.6890171063061231,4.0,avg_accel,avg_accel_4m,,,ZS,0.041330878130967585,0.6451758544094648,0.9832461459573396,CRWD,0.03861654991172896,0.37032217298740133,0.6685450785223557,ENPH,0.03661658029757517,0.3798844001196713,0.4152600944386742
Pure_avg_accel_4m_top3,Pure_acceleration,2020-06,2020-06-01,"EQT,VEEV,CRWD",avg_accel_4m,0.048978646102011754,0.0268769554552634,0.35908957389306745,4.0,avg_accel,avg_accel_4m,,,EQT,0.09510757033030592,-0.11111100533560725,0.21911435281297642,VEEV,0.027794690894214713,0.10622941995627389,0.34307625847200396,CRWD,0.024033677081514642,0.08551245174512356,0.5150781103942219
Pure_avg_accel_4m_top3,Pure_acceleration,2020-07,2020-07-01,"EQT,TRGP,ZS",avg_accel_4m,0.08059645558815046,0.18158541469725828,0.2616380206407145,4.0,avg_accel,avg_accel_4m,,,EQT,0.12219214167069263,0.3715034837091924,0.3715034837091924,TRGP,0.0666046928885674,-0.01569889678879166,-0.01569889678879166,ZS,0.05299253220519135,0.18895165717137408,0.4291094750017428
Pure_avg_accel_4m_top3,Pure_acceleration,2020-08,2020-08-03,"TRGP,CVNA,PLUG",avg_accel_4m,0.11143376717788421,0.2900647285077388,0.3616293101598728,4.0,avg_accel,avg_accel_4m,,,TRGP,0.13816647317815942,-0.09686025494412498,-0.09686025494412498,CVNA,0.09820267339292148,0.42447798306347617,0.4928834993179454,PLUG,0.09793215496257174,0.5425764574038652,0.6888646861057979
Pure_avg_accel_4m_top3,Pure_acceleration,2020-09,2020-09-01,"TRGP,PSKY,CVNA",avg_accel_4m,0.12211841695239371,-0.04806877875926915,0.27634054544220193,4.0,avg_accel,avg_accel_4m,,,TRGP,0.12988792905268445,-0.19976417225775145,0.4001636051806374,PSKY,0.12086443318926621,0.007536373333426605,0.3234836299156745,CVNA,0.11560288861523049,0.04802146264651741,0.10537440123029396
Pure_avg_accel_4m_top3,Pure_acceleration,2020-10,2020-10-01,"PLUG,TSLA,CVNA",avg_accel_4m,0.10212753772291311,-0.0747657485163659,0.6603170836406892,4.0,avg_accel,avg_accel_4m,,,PLUG,0.13098073025085186,0.10500001907348633,1.2978570120675221,TSLA,0.09293277163067774,-0.106323718451248,0.6283692731663943,CVNA,0.08246911128720973,-0.22297354617133602,0.05472496568815122
Pure_avg_accel_4m_top3,Pure_acceleration,2020-11,2020-11-02,"CINF,MOS,FDX",avg_accel_4m,0.052309193662231655,0.09934488427938663,0.22457606903779062,4.0,avg_accel,avg_accel_4m,,,CINF,0.055723199682210595,0.10772653279650779,0.2195210402632526,MOS,0.05223679282796274,0.11247467706660741,0.3763737238750746,FDX,0.04896758847652164,0.07783344297504469,0.07783344297504469
Pure_avg_accel_4m_top3,Pure_acceleration,2020-12,2020-12-01,"TPR,PWR,MSTR",avg_accel_4m,0.028693301448278807,0.14739101424550305,0.7014288331286312,4.0,avg_accel,avg_accel_4m,,,TPR,0.03752663925947667,0.15338467583448945,0.4633286588729051,PWR,0.025173624720178644,-0.02361895891761634,0.22601958091437435,MSTR,0.023379640365181115,0.31240732581963604,1.414938259598614
Pure_avg_accel_4m_top3,Pure_acceleration,2021-01,2021-01-04,"MSTR,TPR,GE",avg_accel_4m,0.07108019371525258,0.1639354673112929,0.4593766433130293,4.0,avg_accel,avg_accel_4m,,,MSTR,0.08780112136379474,0.4923099157639259,0.8400828859214236,TPR,0.07381099130639406,-0.026291507771165068,0.2687255947927061,GE,0.051628468475568935,0.02578799394111786,0.26932144922495826
Pure_avg_accel_4m_top3,Pure_acceleration,2021-02,2021-02-01,"MSTR,UUUU,TRGP",avg_accel_4m,0.0844020677926982,0.19783335819309347,0.31309029749727507,4.0,avg_accel,avg_accel_4m,,,MSTR,0.09680838122839996,0.23304339566722643,0.23304339566722643,UUUU,0.0871087475599898,0.21545669330291695,0.43325524892184,TRGP,0.0692890745897048,0.14499998560913707,0.27297224790275876
Pure_avg_accel_4m_top3,Pure_acceleration,2021-03,2021-03-01,"MSTR,OXY,PLUG",avg_accel_4m,0.11751225690559097,-0.14591845764860642,-0.13276879777058095,4.0,avg_accel,avg_accel_4m,,,MSTR,0.12464153106058523,-0.10081284387317058,-0.10081284387317058,OXY,0.11830024538386179,-0.009073656348432713,0.03037532328564363,PLUG,0.10959499427232589,-0.32786887272421594,-0.32786887272421594
Pure_avg_accel_4m_top3,Pure_acceleration,2021-04,2021-04-01,"UUUU,OXY,LEU",avg_accel_4m,0.10088090892728863,0.00380488177237955,0.1600980048540762,4.0,avg_accel,avg_accel_4m,,,UUUU,0.12418878285373529,0.023411348835963075,0.2006688637855656,OXY,0.09052722534762385,-0.0452883895030507,0.2005573370338949,LEU,0.08792671858050675,0.03329168598422627,0.07906781374276806
Pure_avg_accel_4m_top3,Pure_acceleration,2021-05,2021-05-03,"TPL,FIX,LEN",avg_accel_4m,0.04337193377460292,-0.04711557509641543,0.0016728987497396375,4.0,avg_accel,avg_accel_4m,,,TPL,0.05720804474531752,-0.0681842722739282,0.006281460315332721,FIX,0.03775024499648063,-0.002933860032507729,-0.002933860032507729,LEN,0.0351575115820106,-0.07022859298281037,0.0016710959663939207
Pure_avg_accel_4m_top3,Pure_acceleration,2021-06,2021-06-01,"NUE,FIX,PHM",avg_accel_4m,0.037097291014299406,-0.0751084173820018,-0.01582878255811489,4.0,avg_accel,avg_accel_4m,,,NUE,0.03839797185845337,-0.12350283463705225,0.05433606983460848,FIX,0.037035913029549956,-0.0640008571782128,-0.0640008571782128,PHM,0.0358579881548949,-0.037821560330740356,-0.037821560330740356
Pure_avg_accel_4m_top3,Pure_acceleration,2021-07,2021-07-01,"NUE,NEM,LNT",avg_accel_4m,0.038666088390647314,0.033516409628638145,0.09727240559125534,4.0,avg_accel,avg_accel_4m,,,NUE,0.05410149218684379,0.05618248573778817,0.20289729562105285,NEM,0.03315919153942298,-0.0139993147144446,-0.0139993147144446,LNT,0.028737581445675158,0.058366057862570875,0.10291923586715779
Pure_avg_accel_4m_top3,Pure_acceleration,2021-08,2021-08-02,"NVDA,DPZ,RMD",avg_accel_4m,0.03001981709810991,0.06074028933034655,0.11789807317309797,4.0,avg_accel,avg_accel_4m,,,NVDA,0.03155753666015448,0.1364533781723165,0.3079267297005708,DPZ,0.030198564260616106,-0.028207294130278115,-0.028207294130278115,RMD,0.02830335037355915,0.07397478394900125,0.07397478394900125
Pure_avg_accel_4m_top3,Pure_acceleration,2021-09,2021-09-01,"AMD,RVTY,RMD",avg_accel_4m,0.03807417491249839,-0.07833367039651588,0.0868452896819536,4.0,avg_accel,avg_accel_4m,,,AMD,0.03947896380671983,-0.06855169617210233,0.3556687290332978,RVTY,0.038865790329142134,-0.07664468267684277,-0.014874694869740357,RMD,0.03587777060163322,-0.08980463234060254,-0.08025816511769668
Pure_avg_accel_4m_top3,Pure_acceleration,2021-10,2021-10-01,"DDOG,PLUG,ENPH",avg_accel_4m,0.051540195718656055,0.4374624157521206,0.4374624157521206,4.0,avg_accel,avg_accel_4m,,,DDOG,0.0541844037230191,0.14175129007369858,0.14175129007369858,PLUG,0.05334635793160914,0.6288620267097438,0.6288620267097438,ENPH,0.04708982550133992,0.5417739304729194,0.5417739304729194
Pure_avg_accel_4m_top3,Pure_acceleration,2021-11,2021-11-01,"RKLB,LEU,MDB",avg_accel_4m,0.05571272392755072,-0.04310268935847972,-0.02258504257634882,4.0,avg_accel,avg_accel_4m,,,RKLB,0.06735468127662868,0.06521734478081331,0.06521734478081331,LEU,0.05211664589202658,-0.11147811866310575,-0.11147811866310575,MDB,0.047666844613996916,-0.08304729419314671,-0.021494353846754022
Pure_avg_accel_4m_top3,Pure_acceleration,2021-12,2021-12-01,"LEU,COIN,TSLA",avg_accel_4m,0.06618794680988878,-0.02403630651559996,-0.02403630651559996,4.0,avg_accel,avg_accel_4m,,,LEU,0.0878187596704902,-0.020260226171844198,-0.020260226171844198,COIN,0.059331412781305055,-0.14753818997705326,-0.14753818997705326,TSLA,0.051413667977871065,0.09568949660209758,0.09568949660209758
Pure_avg_accel_4m_top3,Pure_acceleration,2022-01,2022-01-03,"LEU,UUUU,RKLB",avg_accel_4m,0.055016447740924616,-0.207224387033186,-0.10003944123386492,4.0,avg_accel,avg_accel_4m,,,LEU,0.06749057371341968,-0.17928288611416876,-0.17928288611416876,UUUU,0.05016524547413479,-0.22025912084480492,0.10129571655315828,RKLB,0.04739352403521937,-0.22213115414058426,-0.22213115414058426
Pure_avg_accel_4m_top3,Pure_acceleration,2022-02,2022-02-01,"F,TER,DLTR",avg_accel_4m,0.04498213347242889,-0.05662334810294937,0.0073187398627267974,4.0,avg_accel,avg_accel_4m,,,F,0.049469469484594686,-0.19167452659944884,-0.19167452659944884,TER,0.045306275461972155,-0.018943439318964916,-0.003443137879906466,DLTR,0.04017065547071983,0.04074792160956564,0.2170738840675357
Pure_avg_accel_4m_top3,Pure_acceleration,2022-03,2022-03-01,"FICO,LVS,VRTX",avg_accel_4m,0.034947300278383324,0.026438887016792312,0.031149407240359417,4.0,avg_accel,avg_accel_4m,,,FICO,0.03676026939413615,-0.05504139860446877,-0.05504139860446877,LVS,0.034287800842402356,-0.019354676397011383,-0.019354676397011383,VRTX,0.03379383059861146,0.1537127360518571,0.1678442967225584
Pure_avg_accel_4m_top3,Pure_acceleration,2022-04,2022-04-01,"FICO,UHS,LMT",avg_accel_4m,0.041046978187302734,-0.11785373167278601,-0.08410378469145019,4.0,avg_accel,avg_accel_4m,,,FICO,0.046178707388689094,-0.1673752159558929,-0.09132185893066558,UHS,0.038876257836962434,-0.1521708827509628,-0.1521708827509628,LMT,0.03808596933625665,-0.034015096311502346,-0.008818612392722192
Pure_avg_accel_4m_top3,Pure_acceleration,2022-05,2022-05-02,"EQT,OXY,PSKY",avg_accel_4m,0.04418008764921594,0.18109813477658712,0.18109813477658712,4.0,avg_accel,avg_accel_4m,,,EQT,0.05092697411099057,0.2666893858823096,0.2666893858823096,OXY,0.04242314242198358,0.20789022945206215,0.20789022945206215,PSKY,0.03919014641467366,0.06871478899538963,0.06871478899538963
Pure_avg_accel_4m_top3,Pure_acceleration,2022-06,2022-06-01,"EQT,OXY,CRWD",avg_accel_4m,0.0376208828744292,-0.11389932133347595,0.013904864620493673,4.0,avg_accel,avg_accel_4m,,,EQT,0.051558318532141136,-0.3118472504767288,-0.06676933087658621,OXY,0.0347222787623468,-0.1401015861667264,-0.026852132967281173,CRWD,0.02658205132879965,0.11025087264302735,0.1353360577053484
Pure_avg_accel_4m_top3,Pure_acceleration,2022-07,2022-07-01,"EQT,ENPH,TPL",avg_accel_4m,0.04942796276059111,0.2876476210667176,0.3481765248986661,4.0,avg_accel,avg_accel_4m,,,EQT,0.06329703459001183,0.23460724174779646,0.3561388365736011,ENPH,0.04728992772568749,0.435162542900726,0.4643878171059663,TPL,0.03769692596607401,0.19317307855163035,0.2240029210164307
Pure_avg_accel_4m_top3,Pure_acceleration,2022-08,2022-08-01,"DECK,ENPH,XYL",avg_accel_4m,0.018485118275715334,0.011733658458258875,0.1277277142048833,4.0,avg_accel,avg_accel_4m,,,DECK,0.019632611234609187,0.01866187692001331,0.15595045405357943,ENPH,0.018850399623617047,0.0034532046443125353,0.06618247487778417,XYL,0.01697234396891976,0.013085893810450777,0.16105021368328631
Pure_avg_accel_4m_top3,Pure_acceleration,2022-09,2022-09-01,"NFLX,LEU,SMCI",avg_accel_4m,0.04788950491503797,-0.05296146557515572,0.2746447183464587,4.0,avg_accel,avg_accel_4m,,,NFLX,0.048329345907503124,0.039123614583240984,0.3778038642963386,LEU,0.04812020787157123,-0.0995877660532003,0.016272510252050676,SMCI,0.04721896096603956,-0.09842024525550785,0.4298577804909869
Pure_avg_accel_4m_top3,Pure_acceleration,2022-10,2022-10-03,"LEU,CVNA,NFLX",avg_accel_4m,0.08419253503495433,0.013429042419834966,0.055541946014572297,4.0,avg_accel,avg_accel_4m,,,LEU,0.09070545106841887,0.12867470247199742,0.12867470247199742,CVNA,0.09013155170097946,-0.2879776037620809,-0.2879776037620809,NFLX,0.07174060233546463,0.1995900285495884,0.3259287393338004
Pure_avg_accel_4m_top3,Pure_acceleration,2022-11,2022-11-01,"CVNA,COIN,LEU",avg_accel_4m,0.09890107107001934,-0.3186327159191494,-0.057849158239978715,4.0,avg_accel,avg_accel_4m,,,CVNA,0.1127423511929559,-0.4679319208852881,-0.11256547831596264,COIN,0.09686877972776624,-0.2847211280943861,0.03807862218127389,LEU,0.08709208228933592,-0.20324509877777397,-0.0990606185852474
Pure_avg_accel_4m_top3,Pure_acceleration,2022-12,2022-12-01,"RCL,COIN,MSTR",avg_accel_4m,0.08645955114408245,-0.24308838018011336,0.32387409709482257,4.0,avg_accel,avg_accel_4m,,,RCL,0.09698735333228099,-0.2002954186538023,0.17386320297654634,COIN,0.09016986026884237,-0.25778665486276153,0.4512921644332528,MSTR,0.072221439831124,-0.27118306702377626,0.3464669238746685
Pure_avg_accel_4m_top3,Pure_acceleration,2023-01,2023-01-03,"RCL,CCL,NEM",avg_accel_4m,0.06798651047593358,0.29894896946884936,0.32789588974446565,4.0,avg_accel,avg_accel_4m,,,RCL,0.09291900460329744,0.38103028850552056,0.46787104933236945,CCL,0.05941255207557084,0.42283567019865376,0.42283567019865376,NEM,0.05162797474893249,0.0929809497023737,0.0929809497023737
Pure_avg_accel_4m_top3,Pure_acceleration,2023-02,2023-02-01,"HAL,UHS,BKR",avg_accel_4m,0.05755602506795684,-0.07782109340482246,-0.04259891893619979,4.0,avg_accel,avg_accel_4m,,,HAL,0.06135367799757608,-0.07756824417251829,-0.07756824417251829,UHS,0.05590165918928202,-0.1336798009386122,-0.028013277532744185,BKR,0.05541273801701241,-0.022215235103336894,-0.022215235103336894
Pure_avg_accel_4m_top3,Pure_acceleration,2023-03,2023-03-01,"CVNA,META,NVDA",avg_accel_4m,0.061300167355423395,0.16784683863988917,0.6992289283679645,4.0,avg_accel,avg_accel_4m,,,CVNA,0.07579973418327418,0.042648763598271744,0.7732885422141715,META,0.05473186400080196,0.22863576446499767,0.5719639346203378,NVDA,0.05336890388219403,0.23225598785639812,0.7524343082693843
Pure_avg_accel_4m_top3,Pure_acceleration,2023-04,2023-04-03,"CVNA,GNRC,META",avg_accel_4m,0.09524892039344647,-0.05603270544833768,0.8357300274451555,4.0,avg_accel,avg_accel_4m,,,CVNA,0.14184177194268544,-0.25403659455638294,1.7771796211916384,GNRC,0.07417267202801428,-0.05537641393005277,0.3876348272128056,META,0.0697323172096397,0.14131489214142268,0.34237563393102244
Pure_avg_accel_4m_top3,Pure_acceleration,2023-05,2023-05-01,"CVNA,COIN,TSLA",avg_accel_4m,0.14052864031761056,0.610041878201807,2.5644734695849873,4.0,avg_accel,avg_accel_4m,,,CVNA,0.22747467505885707,1.2799422806869516,6.086579571639579,COIN,0.1034945310509794,0.2678500292911541,0.8777423747898265,TSLA,0.09061671484299517,0.2823333246273154,0.7290984623255572
Pure_avg_accel_4m_top3,Pure_acceleration,2023-06,2023-06-01,"APP,CVNA,TSLA",avg_accel_4m,0.05605351952434282,0.34173665921582214,1.1020608633451408,4.0,avg_accel,avg_accel_4m,,,APP,0.06886162889269261,0.043898516147284905,0.7394280611927835,CVNA,0.05267547229485888,0.6329112997652557,2.218354367107713,TSLA,0.046623457385477,0.3484001617349257,0.3484001617349257
Pure_avg_accel_4m_top3,Pure_acceleration,2023-07,2023-07-03,"SMCI,APP,PLTR",avg_accel_4m,0.0797398715835117,0.2850557451313572,0.4362902910022208,4.0,avg_accel,avg_accel_4m,,,SMCI,0.09154526299300618,0.35457465551576983,0.35457465551576983,APP,0.0741643758504549,0.212577168698437,0.6662808063110277,PLTR,0.07350997590707405,0.28801541117986473,0.28801541117986473
Pure_avg_accel_4m_top3,Pure_acceleration,2023-08,2023-08-01,"SMCI,PLTR,CCL",avg_accel_4m,0.07021154438278204,-0.1767882282805865,-0.15849962000393106,4.0,avg_accel,avg_accel_4m,,,SMCI,0.08770956196865225,-0.16411899604166968,-0.14427067082551082,PLTR,0.0692215636934652,-0.24062028619389686,-0.20560278658008946,CCL,0.05370350748622868,-0.12562540260619293,-0.12562540260619293
Pure_avg_accel_4m_top3,Pure_acceleration,2023-09,2023-09-01,"SMCI,CVNA,PLTR",avg_accel_4m,0.09437340301394932,-0.05275441773036219,0.043644358182396724,4.0,avg_accel,avg_accel_4m,,,SMCI,0.10800260332385996,0.023745395722796214,0.023745395722796214,CVNA,0.09899065971123126,-0.2281219424048233,-0.2281219424048233,PLTR,0.07612694600675678,0.04611329349094051,0.33530962122921726
Pure_avg_accel_4m_top3,Pure_acceleration,2023-10,2023-10-02,"CVNA,LEU,KEY",avg_accel_4m,0.10625888156472675,-0.13832254120322485,0.20984411022420443,4.0,avg_accel,avg_accel_4m,,,CVNA,0.17717821175748857,-0.33783439269138016,0.2450955779093309,LEU,0.07902416841936825,-0.04842526547667747,-0.0378664085108098,KEY,0.06257426451732347,-0.02870796544161691,0.4223031612740922
Pure_avg_accel_4m_top3,Pure_acceleration,2023-11,2023-11-01,"LEU,KEY,TPL",avg_accel_4m,0.061816082948668784,0.07123600774317218,0.14165330248080085,4.0,avg_accel,avg_accel_4m,,,LEU,0.07993190440746235,-0.06083796206861247,0.01109619306060794,KEY,0.05720584926949795,0.32502369519329766,0.46434142427696323,TPL,0.048310495169046064,-0.05047770989516864,-0.05047770989516864
Pure_avg_accel_4m_top3,Pure_acceleration,2023-12,2023-12-01,"TPL,LEU,ERIE",avg_accel_4m,0.03511090203479691,0.0392985554810427,0.1184149077792475,4.0,avg_accel,avg_accel_4m,,,TPL,0.04304869986007783,-0.08112681579727354,-0.08112681579727354,LEU,0.03215738584320488,0.07659397657050082,0.07659397657050082,ERIE,0.030126620401108,0.12242850566990082,0.3597775625645152
Pure_avg_accel_4m_top3,Pure_acceleration,2024-01,2024-01-02,"PSKY,GDDY,T",avg_accel_4m,0.0348136611300059,0.04503900983604144,0.0860422401562529,4.0,avg_accel,avg_accel_4m,,,PSKY,0.045039497821752365,0.019444453666064065,0.019444453666064065,GDDY,0.03161200214144311,0.052815557683555614,0.17582524864419002,T,0.02778948342682222,0.06285701815850464,0.06285701815850464
Pure_avg_accel_4m_top3,Pure_acceleration,2024-02,2024-02-01,"COIN,XYZ,PODD",avg_accel_4m,0.05322220426552928,0.21686581065297159,0.34944330662545225,4.0,avg_accel,avg_accel_4m,,,COIN,0.055123631033627885,0.595734851820529,0.9550989265361769,XYZ,0.05349402015234178,0.18869059811845634,0.22183892787950432,PODD,0.051048961610618164,-0.1338280179800706,-0.1286079345393245
Pure_avg_accel_4m_top3,Pure_acceleration,2024-03,2024-03-01,"COHR,SMCI,XYZ",avg_accel_4m,0.08017912165119151,0.03954316585176273,0.0925865894107684,4.0,avg_accel,avg_accel_4m,,,COHR,0.08153039216923659,-0.05467151652694868,0.10445875415006833,SMCI,0.07978565865085364,0.1454145903034021,0.1454145903034021,XYZ,0.07922131413348428,0.027886423778834768,0.027886423778834768
Pure_avg_accel_4m_top3,Pure_acceleration,2024-04,2024-04-01,"SMCI,CVNA,MSTR",avg_accel_4m,0.13328182465113347,-0.21881533461544578,0.07009725827616431,4.0,avg_accel,avg_accel_4m,,,SMCI,0.16013881723918313,-0.2881453556578677,-0.2167766945326116,CVNA,0.1449807495734008,0.00345658869847032,0.43276881688233204,MSTR,0.09472590714081651,-0.37175723688693996,-0.0057003475212275
Pure_avg_accel_4m_top3,Pure_acceleration,2024-05,2024-05-01,"SMCI,CVNA,MSTR",avg_accel_4m,0.1050018048703449,0.25423309240003805,0.4551076291722214,4.0,avg_accel,avg_accel_4m,,,SMCI,0.1479561011228401,0.04373555731780132,0.10025735126194513,CVNA,0.08988726817494175,0.13629582323702194,0.6823976396094282,MSTR,0.07716204531325284,0.582667896645291,0.582667896645291
Pure_avg_accel_4m_top3,Pure_acceleration,2024-06,2024-06-03,"APP,CVNA,VST",avg_accel_4m,0.04897674545591243,0.07375366423938594,0.1617716874631601,4.0,avg_accel,avg_accel_4m,,,APP,0.05700352553329391,0.02563485882482963,0.06565901457740253,CVNA,0.04961346346879426,0.25656836445624176,0.48059827837499136,VST,0.04031324736564912,-0.06094223056291359,-0.06094223056291359
Pure_avg_accel_4m_top3,Pure_acceleration,2024-07,2024-07-01,"FSLR,MSTR,TPL",avg_accel_4m,0.03965551306389201,0.07442288130696517,0.17824098517721673,4.0,avg_accel,avg_accel_4m,,,FSLR,0.05009812712897029,-0.018903536378929386,0.08059807106603833,MSTR,0.0381050691792322,0.10676661728117032,0.19102178156195126,TPL,0.030763342883473554,0.13540556301865458,0.26310310290366057
Pure_avg_accel_4m_top3,Pure_acceleration,2024-08,2024-08-01,"HUM,NEM,FSLR",avg_accel_4m,0.032326804610234065,0.013735800352824882,0.07068196087081875,4.0,avg_accel,avg_accel_4m,,,HUM,0.03282054748160874,0.01267485691390191,0.01267485691390191,NEM,0.032174288656276584,0.0548940750683069,0.09795224463626906,FSLR,0.03198557769281688,-0.026361530923734167,0.1014187810622853
Pure_avg_accel_4m_top3,Pure_acceleration,2024-09,2024-09-03,"CHTR,CHRW,TSLA",avg_accel_4m,0.04839133409739526,0.08031622033263064,0.300128527312588,4.0,avg_accel,avg_accel_4m,,,CHTR,0.05810188232030347,-0.05043011530379582,0.1385889307404642,CHRW,0.0449613931123354,0.06621267214284887,0.06621267214284887,TSLA,0.042110726859546886,0.22516610415883886,0.6955839790544509
Pure_avg_accel_4m_top3,Pure_acceleration,2024-10,2024-10-01,"GL,CHTR,ADBE",avg_accel_4m,0.04881474215982574,0.026544550354953993,0.10347995869730668,4.0,avg_accel,avg_accel_4m,,,GL,0.05065105827318522,0.005290283441804933,0.08473153034320502,CHTR,0.04805731491535307,0.11412061600325218,0.19905754077777305,ADBE,0.04773585329093893,-0.03977724838019514,0.026650804970941966
Pure_avg_accel_4m_top3,Pure_acceleration,2024-11,2024-11-01,"RKLB,BLDR,GL",avg_accel_4m,0.05906854532184976,0.415810770282283,0.579682502619694,4.0,avg_accel,avg_accel_4m,,,RKLB,0.07253385580626776,1.1151489076420713,1.4851137452861187,BLDR,0.054436230908593,0.07440996822371893,0.07440996822371893,GL,0.05023554925068852,0.05787343498105879,0.17952379434924448
Pure_avg_accel_4m_top3,Pure_acceleration,2024-12,2024-12-02,"LEU,ALAB,RKLB",avg_accel_4m,0.0879110161914609,0.07779519800128536,0.16520702690042519,4.0,avg_accel,avg_accel_4m,,,LEU,0.11750286080843882,-0.10209770879488689,0.018552185723901493,ALAB,0.07411813519095638,0.30215693662429666,0.30215693662429666,RKLB,0.07211205257498747,0.03332636617444629,0.17491195835307738
Pure_avg_accel_4m_top3,Pure_acceleration,2025-01,2025-01-02,"APP,ALAB,RKLB",avg_accel_4m,0.13957772048239994,-0.021647546020589048,-0.021647546020589048,4.0,avg_accel,avg_accel_4m,,,APP,0.1433430474854326,0.06922582873957994,0.06922582873957994,ALAB,0.14123713226344584,-0.27118770565306194,-0.27118770565306194,RKLB,0.1341529816983214,0.13701923885171485,0.13701923885171485
Pure_avg_accel_4m_top3,Pure_acceleration,2025-02,2025-02-03,"ALAB,APP,MSTR",avg_accel_4m,0.10941623478893263,-0.2214003721566453,-0.09066808053552715,4.0,avg_accel,avg_accel_4m,,,ALAB,0.13204094387835252,-0.3102323847261268,-0.2945373085702001,APP,0.10444302056895,-0.07689362389390075,-0.07689362389390075,MSTR,0.09176473991949537,-0.2770751078499083,0.09942669085751943
Pure_avg_accel_4m_top3,Pure_acceleration,2025-03,2025-03-03,"COIN,SMCI,DXCM",avg_accel_4m,0.06678805144882748,-0.13239424724221915,0.11192221604974521,4.0,avg_accel,avg_accel_4m,,,COIN,0.07730521791579271,-0.1517861274728508,0.19912515781629714,SMCI,0.06822182183461753,-0.028278360587567053,0.1422234852098252,DXCM,0.05483711459607215,-0.2171182536662396,-0.005581994876886709
Pure_avg_accel_4m_top3,Pure_acceleration,2025-04,2025-04-01,"SMCI,DLTR,SEDG",avg_accel_4m,0.0365079337743811,-0.07863600016322225,0.3346775252685745,4.0,avg_accel,avg_accel_4m,,,SMCI,0.06124214665633621,-0.06619114822607863,0.3466476972995751,DLTR,0.02669242309626192,0.07870985656251506,0.34722597469722416,SEDG,0.02158923157054517,-0.24842670882610318,0.3101589038089243
Pure_avg_accel_4m_top3,Pure_acceleration,2025-05,2025-05-01,"ELV,NEM,SEDG",avg_accel_4m,0.03827496212065109,0.12385441697432083,0.4107610113559665,4.0,avg_accel,avg_accel_4m,,,ELV,0.03910185669846022,-0.07655950175963833,-0.026463596391888666,NEM,0.0389050596006752,0.08448635447779007,0.2212666213063399,SEDG,0.03681797006281784,0.36363639820481075,1.0374800091534482
Pure_avg_accel_4m_top3,Pure_acceleration,2025-06,2025-06-02,"CVS,NEM,HII",avg_accel_4m,0.041514405717826525,0.08600671019197777,0.25301177764276583,4.0,avg_accel,avg_accel_4m,,,CVS,0.04295949779585442,0.09402530513858887,0.1776422469789236,NEM,0.04268646590507522,0.058474285235871504,0.3648795259990183,HII,0.038897253452549935,0.10552054020147295,0.2165135599503556
Pure_avg_accel_4m_top3,Pure_acceleration,2025-07,2025-07-01,"LEU,SEDG,MOS",avg_accel_4m,0.052908319253072045,0.12131554382022314,0.5631999549286791,4.0,avg_accel,avg_accel_4m,,,LEU,0.07199353053211534,0.23484081287711134,0.9625983769482405,SEDG,0.04697307853655414,0.1688013963257453,0.7666970655799843,MOS,0.03975834869054665,-0.03969557774218724,-0.03969557774218724
Pure_avg_accel_4m_top3,Pure_acceleration,2025-08,2025-08-01,"LEU,COIN,UUUU",avg_accel_4m,0.0907104385774344,0.07564507241377616,0.5859041773344996,4.0,avg_accel,avg_accel_4m,,,LEU,0.0976951726514101,-0.02131235252907482,0.6463782807073697,COIN,0.08820791864935869,-0.035368155316230276,0.10003498917061893,UUUU,0.08622822443153444,0.2836157250866336,1.0112992621255104
Pure_avg_accel_4m_top3,Pure_acceleration,2025-09,2025-09-02,"ALAB,LEU,PLUG",avg_accel_4m,0.11323933544973652,0.5733233165393221,0.5927455620612142,4.0,avg_accel,avg_accel_4m,,,ALAB,0.12003500359633902,0.11627636517510775,0.11627636517510775,LEU,0.11976153372456803,0.62396383512066,0.6822305716863362,PLUG,0.0999214690283025,0.9797297493221986,0.9797297493221986
Pure_avg_accel_4m_top3,Pure_acceleration,2025-10,2025-10-01,"ECHO,PLUG,UUUU",avg_accel_4m,0.1275598306425256,0.006551037279223126,0.1608906496842284,4.0,avg_accel,avg_accel_4m,,,ECHO,0.17309730036994742,-0.051949650986389595,0.4110691862286262,PLUG,0.12007691299483476,-0.06143346848330222,-0.06143346848330222,UUUU,0.08950527856279468,0.1330362313073612,0.1330362313073612
Pure_avg_accel_4m_top3,Pure_acceleration,2025-11,2025-11-03,"ECHO,PLUG,UUUU",avg_accel_4m,0.12632581958805858,-0.18093788324885207,0.17920581977482974,4.0,avg_accel,avg_accel_4m,,,ECHO,0.1729229626387023,-0.031444907260395616,0.5463712193780337,PLUG,0.1285738579722648,-0.3018181974237615,-0.18909090215509583,UUUU,0.07748063815320866,-0.20955054506239912,0.18033714210155138
Pure_avg_accel_4m_top3,Pure_acceleration,2025-12,2025-12-01,"ECHO,UNH,INTC",avg_accel_4m,0.08056489625388692,0.18959118288282473,0.2978352464281951,4.0,avg_accel,avg_accel_4m,,,ECHO,0.11057606856469922,0.5367123329476133,0.6257534288380244,UNH,0.06564691564898419,0.047807211198164,0.047807211198164,INTC,0.06547170454797739,-0.015745995497303156,0.2199450992483969
Pure_avg_accel_4m_top3,Pure_acceleration,2026-01,2026-01-02,"CNC,CIEN,INTC",avg_accel_4m,0.060066992768677406,0.11834395440391236,0.3317078752415779,4.0,avg_accel,avg_accel_4m,,,CNC,0.07140581141073297,0.024413606691369827,0.06749640443315652,CIEN,0.05830656718590352,0.09115659960307076,0.6881655643742808,INTC,0.050488599709395725,0.23946165691729648,0.23946165691729648
Pure_avg_accel_4m_top3,Pure_acceleration,2026-02,2026-02-02,"CNC,ISRG,IT",avg_accel_4m,0.03877132861873541,-0.05733437489112673,0.010734175219958564,4.0,avg_accel,avg_accel_4m,,,CNC,0.04449877822182419,0.04205605769034504,0.24626170802360092,ISRG,0.03617978848726191,-0.0009663418269715285,-0.0009663418269715285,IT,0.03563541914712012,-0.2130928405367537,-0.2130928405367537
Pure_avg_accel_4m_top3,Pure_acceleration,2026-03,2026-03-02,"CMG,LUV,DG",avg_accel_4m,0.046143924056673113,-0.18250284279826864,-0.1479055688003941,4.0,avg_accel,avg_accel_4m,,,CMG,0.04694817667460185,-0.11065679232918291,-0.1011174495321977,LUV,0.04640253676281384,-0.2045755238934841,-0.11032304469684573,DG,0.045081058732603645,-0.2322762121721389,-0.2322762121721389
Pure_avg_accel_5m_top3,Pure_acceleration,2016-01,2016-01-04,"FSLR,NVDA,LUV",avg_accel_5m,0.029285065423073253,-0.04856918508161049,0.07361019327588074,5.0,avg_accel,avg_accel_5m,,,FSLR,0.030729092043252495,0.036121042994930574,0.036121042994930574,NVDA,0.030435481954294068,-0.09484083753346129,0.12084351338143162,LUV,0.02669062227167319,-0.08698776070630077,0.06386602345128001
Pure_avg_accel_5m_top3,Pure_acceleration,2016-02,2016-02-01,"ENPH,FSLR,AMD",avg_accel_5m,0.039418253976452274,0.012673612465712117,0.2724006308248728,5.0,avg_accel,avg_accel_5m,,,ENPH,0.046398450577532516,0.020920481222442833,0.07112963615630563,FSLR,0.036305818697802986,-0.0015912138683923382,-0.0015912138683923382,AMD,0.03555049265402133,0.01869157004308586,0.7476634701867051
Pure_avg_accel_5m_top3,Pure_acceleration,2016-03,2016-03-01,"ENPH,FSLR,NEM",avg_accel_5m,0.03937473045108828,0.0022096779958894106,0.12688169797566076,5.0,avg_accel,avg_accel_5m,,,ENPH,0.0477231741414868,-0.02049178325562906,0.0491802798135097,FSLR,0.03600314973512703,-0.022312277036129258,-0.022312277036129258,NEM,0.034397867476651016,0.04943309427942655,0.3537770911496019
Pure_avg_accel_5m_top3,Pure_acceleration,2016-04,2016-04-01,"SEDG,ENPH,NEM",avg_accel_5m,0.0447416980086785,0.14917079324704083,0.2246589384875278,5.0,avg_accel,avg_accel_5m,,,SEDG,0.05004380295955069,0.08637473971188059,0.08637473971188059,ENPH,0.046102759416150836,0.07112963615630563,0.07112963615630563,NEM,0.03807853165033398,0.29000800387293624,0.5164724395943971
Pure_avg_accel_5m_top3,Pure_acceleration,2016-05,2016-05-02,"LEU,ENPH,SEDG",avg_accel_5m,0.0755832165040599,-0.1487911964015947,-0.10578045777209755,5.0,avg_accel,avg_accel_5m,,,LEU,0.11844623787588347,-0.04516124864274451,0.08387096724574694,ENPH,0.061150608838318896,-0.18359376527951132,-0.18359376527951132,SEDG,0.04715280279797732,-0.21761857528252826,-0.21761857528252826
Pure_avg_accel_5m_top3,Pure_acceleration,2016-06,2016-06-01,"LEU,FCX,TRGP",avg_accel_5m,0.08259512739499454,0.06174299032501126,0.12648943364356927,5.0,avg_accel,avg_accel_5m,,,LEU,0.1280283320572866,0.13513508506549265,0.18243241719384562,FCX,0.06074193329368254,0.07075484295812862,0.17735871732463182,TRGP,0.05901511683401452,-0.020660957048587503,0.019677166412230385
Pure_avg_accel_5m_top3,Pure_acceleration,2016-07,2016-07-01,"LEU,TRGP,FCX",avg_accel_5m,0.09282229274988991,-0.023595972716915603,0.14332733486790014,5.0,avg_accel,avg_accel_5m,,,LEU,0.13466739014455267,-0.05654756688510587,0.1517857161863727,TRGP,0.0758260187535021,-0.11379990503986737,0.17863673464310126,FCX,0.06797346935161498,0.09955955377422643,0.09955955377422643
Pure_avg_accel_5m_top3,Pure_acceleration,2016-08,2016-08-01,"LEU,TRGP,FCX",avg_accel_5m,0.08130362194597802,0.03610646579018806,0.15754337058955503,5.0,avg_accel,avg_accel_5m,,,LEU,0.12776121533276683,0.10410091979930125,0.24921133843524013,TRGP,0.062422319591918796,0.17489169346108557,0.3299894023325787,FCX,0.05372733091324843,-0.17067321588982265,-0.1065706289991537
Pure_avg_accel_5m_top3,Pure_acceleration,2016-09,2016-09-01,"WMB,DVN,TRGP",avg_accel_5m,0.053140737050697544,0.08015783052088277,0.13776060947418287,5.0,avg_accel,avg_accel_5m,,,WMB,0.059760538720750704,0.09561428723871401,0.09561428723871401,DVN,0.05098503968433577,0.012848986075991498,0.09648920341810219,TRGP,0.04867663274700615,0.1320102182479428,0.22117833776573237
Pure_avg_accel_5m_top3,Pure_acceleration,2016-10,2016-10-03,"WMB,MU,DHR",avg_accel_5m,0.04559193524891739,-0.04062183337439488,0.10575767860015232,5.0,avg_accel,avg_accel_5m,,,WMB,0.05933574719658859,-0.06725439707614445,0.033683456593670114,MU,0.04311665336792733,-0.04230123743851277,0.271855484918494,DHR,0.03432340518223625,-0.012309865608527426,0.011734094288292862
Pure_avg_accel_5m_top3,Pure_acceleration,2016-11,2016-11-01,"WMB,MU,DHR",avg_accel_5m,0.029389448906392116,0.04632085493374494,0.21734955675262588,5.0,avg_accel,avg_accel_5m,,,WMB,0.03011879685496094,0.05075258563827578,0.1082158450850983,MU,0.029914503775809967,0.0883392230218214,0.45759723744777636,DHR,0.028135046088405443,-0.00012924385886237122,0.08623558772500295
Pure_avg_accel_5m_top3,Pure_acceleration,2016-12,2016-12-01,"DHR,ZBRA,COHR",avg_accel_5m,0.021039699404758503,0.0512547704746514,0.18585932589518603,5.0,avg_accel,avg_accel_5m,,,DHR,0.021810380309126725,0.024476033905480588,0.13475208445868891,ZBRA,0.021154808206707496,0.12246231273529107,0.18050498968780637,COHR,0.020153909698441292,0.0068259647831825365,0.24232090353906277
Pure_avg_accel_5m_top3,Pure_acceleration,2017-01,2017-01-03,"ZBRA,CF,COHR",avg_accel_5m,0.028874372237568044,0.11311912246637139,0.14777108404323883,5.0,avg_accel,avg_accel_5m,,,ZBRA,0.031052036659142933,-0.04220289147418477,0.06005797455276274,CF,0.02832285681309129,0.1493569207674994,0.1493569207674994,COHR,0.02724822324046991,0.23220333810579952,0.23389835680945437
Pure_avg_accel_5m_top3,Pure_acceleration,2017-02,2017-02-01,"LEU,SMCI,LUV",avg_accel_5m,0.039867238558007036,0.06593346141523078,0.06593346141523078,5.0,avg_accel,avg_accel_5m,,,LEU,0.059046236722617614,0.04210530806776713,0.04210530806776713,SMCI,0.034947132254045714,0.03906255675247072,0.03906255675247072,LUV,0.02560834669735778,0.1166325194254545,0.1166325194254545
Pure_avg_accel_5m_top3,Pure_acceleration,2017-03,2017-03-01,"FCX,CF,ENPH",avg_accel_5m,0.03443153887188144,-0.1062322759310315,-0.1062322759310315,5.0,avg_accel,avg_accel_5m,,,FCX,0.037398920914677246,-0.053609732941216515,-0.053609732941216515,CF,0.0334661477089445,-0.11601876727156513,-0.11601876727156513,ENPH,0.03242954799202257,-0.14906832758031285,-0.14906832758031285
Pure_avg_accel_5m_top3,Pure_acceleration,2017-04,2017-04-03,"ENPH,NRG,UUUU",avg_accel_5m,0.044249736734060074,-0.12671434895824588,-0.11780046162202662,5.0,avg_accel,avg_accel_5m,,,ENPH,0.05143183814580429,-0.12408755948391248,-0.12408755948391248,NRG,0.04449734149943088,-0.10843646031578291,-0.08169479830712512,UUUU,0.03682003055694505,-0.14761902707504226,-0.14761902707504226
Pure_avg_accel_5m_top3,Pure_acceleration,2017-05,2017-05-01,"NRG,UUUU,ENPH",avg_accel_5m,0.044505661683921005,-0.16700857658234378,0.08923837092104181,5.0,avg_accel,avg_accel_5m,,,NRG,0.04513377788603438,0.005398888279310787,0.4733017494036986,UUUU,0.04490229903277281,-0.15642456835580676,-0.005586586970037999,ENPH,0.04348090813295584,-0.35000004967053533,-0.2000000496705352
Pure_avg_accel_5m_top3,Pure_acceleration,2017-06,2017-06-01,"PLUG,VRTX,DXCM",avg_accel_5m,0.041852660292299136,0.06512725504593912,0.21304158595868258,5.0,avg_accel,avg_accel_5m,,,PLUG,0.052788939671261435,0.10215050352144872,0.24193544355565155,VRTX,0.03668419021467456,0.008414533144186498,0.27587292246601036,DXCM,0.036084850990961405,0.08481672847218213,0.12131639185438581
Pure_avg_accel_5m_top3,Pure_acceleration,2017-07,2017-07-03,"PLUG,VRTX,SEDG",avg_accel_5m,0.03824066879281482,0.16025380848849627,0.3456794361472355,5.0,avg_accel,avg_accel_5m,,,PLUG,0.05221932793530777,0.12682926659070604,0.34146344583705446,VRTX,0.03194333597739737,0.19472823873252687,0.26522663104418176,SEDG,0.030559342465739322,0.15920392014225593,0.4303482315604703
Pure_avg_accel_5m_top3,Pure_acceleration,2017-08,2017-08-01,"PLUG,SEDG,EW",avg_accel_5m,0.040320845316521914,0.02994893372891942,0.20454897703530384,5.0,avg_accel,avg_accel_5m,,,PLUG,0.06922061915614552,-0.051948003693320643,0.22077922211963008,SEDG,0.03225488664938525,0.15879832120570625,0.4098712253119088,EW,0.019487030144034974,-0.017003516325627355,-0.017003516325627355
Pure_avg_accel_5m_top3,Pure_acceleration,2017-09,2017-09-01,"PLUG,FSLR,PANW",avg_accel_5m,0.03931143754856958,0.07593281955536357,0.17800312203502988,5.0,avg_accel,avg_accel_5m,,,PLUG,0.05539437230182931,0.25570772974786626,0.2876711687496176,FSLR,0.040368375994403544,-0.013795983388524391,0.2604514850487232,PANW,0.022171564349475897,-0.014113287693251153,-0.014113287693251153
Pure_avg_accel_5m_top3,Pure_acceleration,2017-10,2017-10-02,"FSLR,PANW,RL",avg_accel_5m,0.02444237775200624,0.07121796151077964,0.2348449344759548,5.0,avg_accel,avg_accel_5m,,,FSLR,0.031549442651875474,0.21259005329418268,0.49279355340422515,PANW,0.022958417904797045,-0.004218564421807236,0.027316714285748445,RL,0.018819272699346197,0.005282395659963468,0.18442453573789086
Pure_avg_accel_5m_top3,Pure_acceleration,2017-11,2017-11-01,"ENPH,GNRC,CF",avg_accel_5m,0.024916127726120885,0.3452044980940833,0.39754191618391777,5.0,avg_accel,avg_accel_5m,,,ENPH,0.02848682024011498,1.0714286748243858,1.0714286748243858,GNRC,0.024309354229154655,-0.03198253089931302,-0.022050071652502723,CF,0.021952208709093018,-0.0038326496428228163,0.14324714537987027
Pure_avg_accel_5m_top3,Pure_acceleration,2017-12,2017-12-01,"ENPH,CF,FCX",avg_accel_5m,0.03791087016534602,0.1484436936807516,0.23005289078401528,5.0,avg_accel,avg_accel_5m,,,ENPH,0.05851501343571326,-0.10344833823077981,0.14137925307901122,CF,0.02798143412017075,0.14764566914380128,0.14764566914380128,FCX,0.027236162940154046,0.40113375012923336,0.40113375012923336
Pure_avg_accel_5m_top3,Pure_acceleration,2018-01,2018-01-02,"ENPH,GWW,DVN",avg_accel_5m,0.05188673324478483,-0.012188020231706767,0.30462101033886874,5.0,avg_accel,avg_accel_5m,,,ENPH,0.10445554688573457,-0.16538455542727826,0.7346155362721787,GWW,0.02777390542634683,0.12905712086691912,0.17948412087918864,DVN,0.023430747422273107,-0.00023662613476116423,-0.00023662613476116423
Pure_avg_accel_5m_top3,Pure_acceleration,2018-02,2018-02-01,"ENPH,GWW,DVN",avg_accel_5m,0.04806563813411787,0.07144167716254453,0.33400098512531873,5.0,avg_accel,avg_accel_5m,,,ENPH,0.08497409348180043,0.5253455421220792,1.0783410462290313,GWW,0.03317099569891124,-0.03437429848846152,0.06467670329332553,DVN,0.02605182522164192,-0.27664621214598406,-0.1410147941464006
Pure_avg_accel_5m_top3,Pure_acceleration,2018-03,2018-03-01,"ENPH,KR,AKAM",avg_accel_5m,0.03417410779163693,0.07663278936752578,0.2556208349849071,5.0,avg_accel,avg_accel_5m,,,ENPH,0.04139759742448831,0.3625378570534372,0.7462236585281175,KR,0.033316909765846614,-0.15222137745071562,-0.09832467019417634,AKAM,0.027807816184575875,0.01958188849985576,0.11896351662078031
Pure_avg_accel_5m_top3,Pure_acceleration,2018-04,2018-04-02,"KR,AXON,CMG",avg_accel_5m,0.0320586851362575,0.1613650514513698,0.4318420695752625,5.0,avg_accel,avg_accel_5m,,,KR,0.03442809161886091,0.06357403433277309,0.218397758996419,AXON,0.03171155953688409,0.05141840939296749,0.6540021228191464,CMG,0.030036404253027518,0.36910271062836886,0.4231263269102221
Pure_avg_accel_5m_top3,Pure_acceleration,2018-05,2018-05-01,"DXCM,AXON,CVNA",avg_accel_5m,0.03154634667690937,0.2910456253458053,0.5367804167993395,5.0,avg_accel,avg_accel_5m,,,DXCM,0.03507432192863039,0.2563019173596952,0.3414633842077457,AXON,0.03210714387520779,0.5731150491972823,0.6482775460256431,CVNA,0.02745757422688994,0.04371990948043836,0.6206003201646297
Pure_avg_accel_5m_top3,Pure_acceleration,2018-06,2018-06-01,"AXON,CMG,NFLX",avg_accel_5m,0.025499694494713867,0.03417432149347969,0.08834242370811578,5.0,avg_accel,avg_accel_5m,,,AXON,0.0267257489151835,-0.013323165481209154,0.07013773334788342,CMG,0.0266858102660026,0.009575445114696546,0.08861885292951222,NFLX,0.023087524302955503,0.10627068484695168,0.10627068484695168
Pure_avg_accel_5m_top3,Pure_acceleration,2018-07,2018-07-02,"AXON,DXCM,CMG",avg_accel_5m,0.0346160756057353,0.010308264867167774,0.21549244762136688,5.0,avg_accel,avg_accel_5m,,,AXON,0.046177829775412974,0.06192763999488937,0.08458787711358084,DXCM,0.03476999099382736,-0.030573840529607987,0.4835957550651975,CMG,0.02290040604796556,-0.0004290048637780597,0.07829371068532232
Pure_avg_accel_5m_top3,Pure_acceleration,2018-08,2018-08-01,"CVNA,MDB,AXON",avg_accel_5m,0.032084663416186196,0.30750341452139734,0.3522436752951079,5.0,avg_accel,avg_accel_5m,,,CVNA,0.03638206382873526,0.5395519191605136,0.5395519191605136,MDB,0.033237579149695766,0.36161954738606483,0.4958403297071965,AXON,0.026634347270127562,0.021338777017613664,0.021338777017613664
Pure_avg_accel_5m_top3,Pure_acceleration,2018-09,2018-09-04,"AMD,DVN,TKO",avg_accel_5m,0.029089304243915825,0.04463510264198112,0.04463510264198112,5.0,avg_accel,avg_accel_5m,,,AMD,0.03058980847527023,0.1197434310157326,0.1197434310157326,DVN,0.029123795658058935,-0.04895347482722423,-0.04895347482722423,TKO,0.02755430859841831,0.06311535173743499,0.06311535173743499
Pure_avg_accel_5m_top3,Pure_acceleration,2018-10,2018-10-01,"AMD,CVNA,TKO",avg_accel_5m,0.04576928672105246,-0.2742160263924201,-0.2280965432582747,5.0,avg_accel,avg_accel_5m,,,AMD,0.05774908250848354,-0.35646087637630963,-0.24538513599935996,CVNA,0.04376025395234698,-0.22759701378977826,-0.22759701378977826,TKO,0.035798523702326855,-0.23859018901117246,-0.2113074799856859
Pure_avg_accel_5m_top3,Pure_acceleration,2018-11,2018-11-01,"AMD,HWM,UUUU",avg_accel_5m,0.034921763791659934,0.06738650449579309,0.08057478625603383,5.0,avg_accel,avg_accel_5m,,,AMD,0.04181664181183459,0.1726013793093042,0.21216622459002643,HWM,0.03260643798178407,0.011753925502808071,0.011753925502808071,UUUU,0.030342211581361155,0.017804208675266997,0.017804208675266997
Pure_avg_accel_5m_top3,Pure_acceleration,2018-12,2018-12-03,"HWM,CHTR,TRMB",avg_accel_5m,0.026758190541556304,-0.14285424985003706,-0.011996442657853415,5.0,avg_accel,avg_accel_5m,,,HWM,0.0372601000147012,-0.13754674041826576,-0.12818573355503815,CHTR,0.02171417322283127,-0.11848797222610918,0.0608508528387699,TRMB,0.021300298387136447,-0.17252803690573626,0.031345552742708005
Pure_avg_accel_5m_top3,Pure_acceleration,2019-01,2019-01-02,"CAH,SBUX,CI",avg_accel_5m,0.019358959648807968,0.0634923221238181,0.12324861537263614,5.0,avg_accel,avg_accel_5m,,,CAH,0.020837479751265715,0.09474157822997031,0.1770577648053011,SBUX,0.020379032690359636,0.05892403113124289,0.1558767243023662,CI,0.016860366504798552,0.036811357010241075,0.036811357010241075
Pure_avg_accel_5m_top3,Pure_acceleration,2019-02,2019-02-01,"SBUX,NEM,AVGO",avg_accel_5m,0.011414105493322058,0.022443245809368146,0.13553342201224985,5.0,avg_accel,avg_accel_5m,,,SBUX,0.013261465705396082,0.04565789297442824,0.1440986789810188,NEM,0.01092454858473188,-0.000590986666846427,0.0565925910945273,AVGO,0.010056302189838212,0.02226283112052263,0.2059089959612035
Pure_avg_accel_5m_top3,Pure_acceleration,2019-03,2019-03-01,"LEU,GEN,NEM",avg_accel_5m,0.022395775088973016,0.025558340587427158,0.08013196816653496,5.0,avg_accel,avg_accel_5m,,,LEU,0.027434070502393645,-0.00983605634714435,0.1245902034038826,GEN,0.02177897186122888,0.02929368563198609,0.05858830861828257,NEM,0.017974282903296522,0.05721739247743973,0.05721739247743973
Pure_avg_accel_5m_top3,Pure_acceleration,2019-04,2019-04-01,"LEU,ENPH,FSLR",avg_accel_5m,0.038343559279894,0.22080668689066263,0.4447144695197364,5.0,avg_accel,avg_accel_5m,,,LEU,0.04531380818456934,0.1357616186821642,0.1357616186821642,ENPH,0.04219331250885899,0.4017277776896653,0.9762417694097951,FSLR,0.027523557146253666,0.12493066430015842,0.2221400204672499
Pure_avg_accel_5m_top3,Pure_acceleration,2019-05,2019-05-01,"ENPH,SMCI,LEU",avg_accel_5m,0.045137059575142635,0.017349022095189997,0.38689193043655384,5.0,avg_accel,avg_accel_5m,,,ENPH,0.04648169474088985,0.21032362035355612,1.3189523453776477,SMCI,0.04514572110703256,-0.1553611050100766,-0.1553611050100766,LEU,0.043783762877505475,-0.002915449057909525,-0.002915449057909525
Pure_avg_accel_5m_top3,Pure_acceleration,2019-06,2019-06-03,"ENPH,LEU,PLUG",avg_accel_5m,0.049873330238864394,0.006010698430579738,0.2563820354930974,5.0,avg_accel,avg_accel_5m,,,ENPH,0.05429371650678472,0.16486309310149871,0.9159771042890517,LEU,0.05227347818221957,-0.011695895017748925,-0.011695895017748925,PLUG,0.0430527960275889,-0.13513510279201058,-0.13513510279201058
Pure_avg_accel_5m_top3,Pure_acceleration,2019-07,2019-07-01,"CVNA,PLUG,PCG",avg_accel_5m,0.05522031248255573,-0.10327856811442693,0.03569648172075076,5.0,avg_accel,avg_accel_5m,,,CVNA,0.06339630726620393,-0.04267638142147623,0.213534529886229,PLUG,0.0548977315164966,-0.04017853294024054,0.12053570525758728,PCG,0.04736689866496665,-0.226980789981564,-0.226980789981564
Pure_avg_accel_5m_top3,Pure_acceleration,2019-08,2019-08-01,"PCG,CVNA,QCOM",avg_accel_5m,0.051549193259358674,-0.030571718129850118,0.028646340027980204,5.0,avg_accel,avg_accel_5m,,,PCG,0.0654720281998417,-0.4144043441737567,-0.4144043441737567,CVNA,0.04581738081471109,0.2676324978674802,0.31714688466902907,QCOM,0.04335817076352325,0.05505669191672613,0.18319647958866825
Pure_avg_accel_5m_top3,Pure_acceleration,2019-09,2019-09-03,"PCG,ENPH,SEDG",avg_accel_5m,0.03311303622997571,-0.06909430071941591,-0.06459020533619553,5.0,avg_accel,avg_accel_5m,,,PCG,0.036808455721288845,-0.06338712213757092,-0.06338712213757092,ENPH,0.0335279260004279,-0.21624554200305202,-0.2032491304349623,SEDG,0.029002726968210397,0.0723497619823752,0.07286563656394662
Pure_avg_accel_5m_top3,Pure_acceleration,2019-10,2019-10-01,"PODD,SEDG,DXCM",avg_accel_5m,0.030165677200491976,-0.014387300996756744,0.28195425540894603,5.0,avg_accel,avg_accel_5m,,,PODD,0.03246950236666856,-0.1004115084422813,0.11711596051700535,SEDG,0.03184719079018805,0.0004810693300456581,0.2244136583317713,DXCM,0.026180338444619304,0.05676853612196542,0.5043331473780615
Pure_avg_accel_5m_top3,Pure_acceleration,2019-11,2019-11-01,"TSLA,PODD,MPC",avg_accel_5m,0.019597281184572008,0.07798504273530966,0.5862680488731403,5.0,avg_accel,avg_accel_5m,,,TSLA,0.030362644377771513,0.06881367125383675,1.489547143643243,PODD,0.014529022788318868,0.24180774987752263,0.33014747420053103,MPC,0.013900176387625645,-0.07666629292543037,-0.06089047122435309
Pure_avg_accel_5m_top3,Pure_acceleration,2019-12,2019-12-02,"TSLA,BIIB,LEU",avg_accel_5m,0.03350448296912309,0.16348195020915743,0.6612952107412245,5.0,avg_accel,avg_accel_5m,,,TSLA,0.043015661054519094,0.28485679293232424,1.3292620693396717,BIIB,0.031129425411641563,0.006327081956481573,0.1214131749426679,LEU,0.0263683624412086,0.19926197573866644,0.5332103879413339
Pure_avg_accel_5m_top3,Pure_acceleration,2020-01,2020-01-02,"LEU,TSLA,STT",avg_accel_5m,0.02877596611851722,0.24808747630710595,0.34449776303931495,5.0,avg_accel,avg_accel_5m,,,LEU,0.029048643501958883,-0.010769257178673386,0.27846160301795364,TSLA,0.028730343137422728,0.8128573411078648,0.8128573411078648,STT,0.028548911716170043,-0.05782565500787351,-0.05782565500787351
Pure_avg_accel_5m_top3,Pure_acceleration,2020-02,2020-02-03,"TSLA,LEU,ALGN",avg_accel_5m,0.04173941728476898,0.051875707938665916,0.051875707938665916,5.0,avg_accel,avg_accel_5m,,,TSLA,0.04244149746857383,-0.04664098299466646,-0.04664098299466646,LEU,0.04159252881555955,0.2923795709904131,0.2923795709904131,ALGN,0.041184225570173566,-0.09011146417974891,-0.09011146417974891
Pure_avg_accel_5m_top3,Pure_acceleration,2020-03,2020-03-02,"TSLA,PCG,ALGN",avg_accel_5m,0.061927279374509814,-0.370039215092907,0.02825054090856005,5.0,avg_accel,avg_accel_5m,,,TSLA,0.07106228035427667,-0.35241120487373445,0.20774045142001563,PCG,0.067788251121255,-0.44053154732321864,-0.2112956731181832,ALGN,0.046931306647997786,-0.3171748930817677,0.08830684442384773
Pure_avg_accel_5m_top3,Pure_acceleration,2020-04,2020-04-01,"PCG,TSLA,AXON",avg_accel_5m,0.04926167098008235,0.24493041156483022,0.7567093561351929,5.0,avg_accel,avg_accel_5m,,,PCG,0.0732767187382613,0.20427551943047617,0.4097386959144069,TSLA,0.038575086108710174,0.45635015080435526,1.325006169890199,AXON,0.035933208093275576,0.07416556445965927,0.535383202600973
Pure_avg_accel_5m_top3,Pure_acceleration,2020-05,2020-05-01,"PCG,ZS,NFLX",avg_accel_5m,0.04246533459070854,0.2804777409980992,0.45152344925277405,5.0,avg_accel,avg_accel_5m,,,PCG,0.07291556210336707,0.17061143664291878,0.17061143664291878,ZS,0.033724244623378107,0.6451758544094648,0.9832461459573396,NFLX,0.02075619704538044,0.025645931941914002,0.2007127651580638
Pure_avg_accel_5m_top3,Pure_acceleration,2020-06,2020-06-01,"EQT,ENPH,PCG",avg_accel_5m,0.04988274117672744,-0.17610623579005225,0.1021017467108452,5.0,avg_accel,avg_accel_5m,,,EQT,0.059411132960955106,-0.11111100533560725,0.21911435281297642,ENPH,0.04859689919505453,-0.17794904285487645,0.3188672701405213,PCG,0.041640191374172686,-0.23925865917967304,-0.23167638282096215
Pure_avg_accel_5m_top3,Pure_acceleration,2020-07,2020-07-01,"ZS,EQT,CRWD",avg_accel_5m,0.05131332415233187,0.22738825816342575,0.39877970147357994,5.0,avg_accel,avg_accel_5m,,,ZS,0.054613591564937246,0.18895165717137408,0.4291094750017428,EQT,0.05094713256088271,0.3715034837091924,0.3715034837091924,CRWD,0.04837924833117566,0.12170963360971077,0.3957261457098047
Pure_avg_accel_5m_top3,Pure_acceleration,2020-08,2020-08-03,"EQT,TRGP,ZS",avg_accel_5m,0.04710656314716255,0.0331316381299549,0.0331316381299549,5.0,avg_accel,avg_accel_5m,,,EQT,0.06599502511215627,-0.005736069234722474,-0.005736069234722474,TRGP,0.040685541983572916,-0.09686025494412498,-0.09686025494412498,ZS,0.034639122345758465,0.20199123856871215,0.20199123856871215
Pure_avg_accel_5m_top3,Pure_acceleration,2020-09,2020-09-01,"TRGP,EQT,CVNA",avg_accel_5m,0.07599383604780043,-0.11297410475417798,0.16573490011594672,5.0,avg_accel,avg_accel_5m,,,TRGP,0.08657765600537379,-0.19976417225775145,0.4001636051806374,EQT,0.0744821622536088,-0.1871796046512999,-0.00833330606309124,CVNA,0.06692168988441871,0.04802146264651741,0.10537440123029396
Pure_avg_accel_5m_top3,Pure_acceleration,2020-10,2020-10-01,"PLUG,CVNA,RCL",avg_accel_5m,0.08674056772810808,-0.0827010662462611,0.5156458533823479,5.0,avg_accel,avg_accel_5m,,,PLUG,0.09034962197740408,0.10500001907348633,1.2978570120675221,CVNA,0.08789541549719555,-0.22297354617133602,0.05472496568815122,RCL,0.08197666570972464,-0.1301296716409336,0.1943555823913703
Pure_avg_accel_5m_top3,Pure_acceleration,2020-11,2020-11-02,"PLUG,CVNA,FDX",avg_accel_5m,0.05869835880362123,0.33899690528158827,1.2111412235750791,5.0,avg_accel,avg_accel_5m,,,PLUG,0.06871484499468423,0.5817710983177786,3.1273430751132247,CVNA,0.05740084691086776,0.35738617455194155,0.4282471526369682,FDX,0.049979384505311704,0.07783344297504469,0.07783344297504469
Pure_avg_accel_5m_top3,Pure_acceleration,2020-12,2020-12-01,"TPR,IVZ,MOS",avg_accel_5m,0.04502411392089801,0.09114493200031386,0.46376873031375676,5.0,avg_accel,avg_accel_5m,,,TPR,0.050444931911785694,0.15338467583448945,0.4633286588729051,IVZ,0.04254910655892827,0.02976932704487134,0.5134220422499272,MOS,0.04207830329198007,0.09028079312158077,0.41455548981843804
Pure_avg_accel_5m_top3,Pure_acceleration,2021-01,2021-01-04,"MSTR,TPR,GE",avg_accel_5m,0.05933630960612272,0.1639354673112929,0.4593766433130293,5.0,avg_accel,avg_accel_5m,,,MSTR,0.06981623691296998,0.4923099157639259,0.8400828859214236,TPR,0.05883102249247189,-0.026291507771165068,0.2687255947927061,GE,0.04936166941292631,0.02578799394111786,0.26932144922495826
Pure_avg_accel_5m_top3,Pure_acceleration,2021-02,2021-02-01,"MSTR,GE,TPR",avg_accel_5m,0.044720944756176016,0.25223231877799424,0.3367709505688599,5.0,avg_accel,avg_accel_5m,,,MSTR,0.0642442435509134,0.23304339566722643,0.23304339566722643,GE,0.03643612062530686,0.2206705786773806,0.25325085870913,TPR,0.03348247009230779,0.3029829819893757,0.5240185973302234
Pure_avg_accel_5m_top3,Pure_acceleration,2021-03,2021-03-01,"MSTR,UUUU,OXY",avg_accel_5m,0.06458313369342301,0.014109763454916435,0.10433070117719205,5.0,avg_accel,avg_accel_5m,,,MSTR,0.08269644423984503,-0.10081284387317058,-0.10081284387317058,UUUU,0.05978639831995166,0.1522157905863526,0.3834296241191031,OXY,0.05126655852047239,-0.009073656348432713,0.03037532328564363
Pure_avg_accel_5m_top3,Pure_acceleration,2021-04,2021-04-01,"MSTR,UUUU,OXY",avg_accel_5m,0.08128420903279275,-0.039481036135331014,0.10877379101852058,5.0,avg_accel,avg_accel_5m,,,MSTR,0.08839467605001229,-0.09656606773890541,-0.07490482776389873,UUUU,0.0797697571127285,0.023411348835963075,0.2006688637855656,OXY,0.07568819393563744,-0.0452883895030507,0.2005573370338949
Pure_avg_accel_5m_top3,Pure_acceleration,2021-05,2021-05-03,"UUUU,TPL,OXY",avg_accel_5m,0.06649051993920253,0.06471790919050431,0.1456639701894388,5.0,avg_accel,avg_accel_5m,,,UUUU,0.0729737332080415,0.17320260826813838,0.17320260826813838,TPL,0.06643184170269703,-0.0681842722739282,0.006281460315332721,OXY,0.06006598490686909,0.08913539157730277,0.25750784198484533
Pure_avg_accel_5m_top3,Pure_acceleration,2021-06,2021-06-01,"TPL,FIX,FANG",avg_accel_5m,0.02827292601483984,0.05529872644475542,0.05529872644475542,5.0,avg_accel,avg_accel_5m,,,TPL,0.0349004143480009,0.07991465519795526,0.07991465519795526,FIX,0.02672598486771708,-0.0640008571782128,-0.0640008571782128,FANG,0.023192378828801544,0.1499823813145238,0.1499823813145238
Pure_avg_accel_5m_top3,Pure_acceleration,2021-07,2021-07-01,"NUE,ECHO,FIX",avg_accel_5m,0.029391939089606734,-0.030318029489512677,0.0829289612070272,5.0,avg_accel,avg_accel_5m,,,NUE,0.03892810177133735,0.05618248573778817,0.20289729562105285,ECHO,0.026724979973069284,-0.071049399239693,0.10004086508113486,FIX,0.022522735524413563,-0.0760871749666332,-0.05415127708110612
Pure_avg_accel_5m_top3,Pure_acceleration,2021-08,2021-08-02,"DPZ,NUE,NVDA",avg_accel_5m,0.02214920684632098,0.08238551939750483,0.13954330324025624,5.0,avg_accel,avg_accel_5m,,,DPZ,0.02269360820033054,-0.028207294130278115,-0.028207294130278115,NUE,0.022046016852324282,0.13891047415047608,0.13891047415047608,NVDA,0.02170799548630812,0.1364533781723165,0.3079267297005708
Pure_avg_accel_5m_top3,Pure_acceleration,2021-09,2021-09-01,"DPZ,RVTY,WST",avg_accel_5m,0.019878353665607012,-0.07562838653254111,-0.019662434708973848,5.0,avg_accel,avg_accel_5m,,,DPZ,0.022932004469402346,-0.07655149196975508,-0.0054468112233073684,RVTY,0.018922055753288036,-0.07664468267684277,-0.014874694869740357,WST,0.017781000774130657,-0.0736889849510255,-0.03866579803387382
Pure_avg_accel_5m_top3,Pure_acceleration,2021-10,2021-10-01,"DDOG,DASH,RMD",avg_accel_5m,0.028404707871033108,0.04086044363467767,0.04086044363467767,5.0,avg_accel,avg_accel_5m,,,DDOG,0.0323158153647853,0.14175129007369858,0.14175129007369858,DASH,0.027807601680325866,-0.029658330745819694,-0.029658330745819694,RMD,0.025090706567988154,0.01048837157615412,0.01048837157615412
Pure_avg_accel_5m_top3,Pure_acceleration,2021-11,2021-11-01,"MDB,DDOG,LEU",avg_accel_5m,0.03074479306301196,-0.06619369730664885,-0.04567605052451795,5.0,avg_accel,avg_accel_5m,,,MDB,0.034571396776071586,-0.08304729419314671,-0.021494353846754022,DDOG,0.030008040352780548,-0.004055679063694084,-0.004055679063694084,LEU,0.02765494206018373,-0.11147811866310575,-0.11147811866310575
Pure_avg_accel_5m_top3,Pure_acceleration,2021-12,2021-12-01,"LEU,PLUG,TSLA",avg_accel_5m,0.049153556732044835,-0.0467719045579873,-0.0467719045579873,5.0,avg_accel,avg_accel_5m,,,LEU,0.04975995272647492,-0.020260226171844198,-0.020260226171844198,PLUG,0.049010222818606716,-0.21574498410421528,-0.21574498410421528,TSLA,0.04869049465105289,0.09568949660209758,0.09568949660209758
Pure_avg_accel_5m_top3,Pure_acceleration,2022-01,2022-01-03,"LEU,PLUG,RKLB",avg_accel_5m,0.04188326616363231,-0.20199966804015604,-0.13901483116317803,5.0,avg_accel,avg_accel_5m,,,LEU,0.047365794866613485,-0.17928288611416876,-0.17928288611416876,PLUG,0.04028540724940981,-0.20458496386571512,-0.015630453234781072,RKLB,0.03799859637487365,-0.22213115414058426,-0.22213115414058426
Pure_avg_accel_5m_top3,Pure_acceleration,2022-02,2022-02-01,"LEU,DLTR,UUUU",avg_accel_5m,0.032748027499097034,0.1005078394594547,0.2081250678214441,5.0,avg_accel,avg_accel_5m,,,LEU,0.0378167486202483,-0.005085469591808889,-0.005085469591808889,DLTR,0.031380693211108354,0.04074792160956564,0.2170738840675357,UUUU,0.029046640665934452,0.26586106636060736,0.4123867889886055
Pure_avg_accel_5m_top3,Pure_acceleration,2022-03,2022-03-01,"DLTR,LVS,EOG",avg_accel_5m,0.025627718702852353,0.05480149361607841,0.12328244263573655,5.0,avg_accel,avg_accel_5m,,,DLTR,0.029111560417577745,0.1411494167508096,0.16942235367164926,LVS,0.024210041750643528,-0.019354676397011383,-0.019354676397011383,EOG,0.023561553940335784,0.042609740494437,0.21977965063257177
Pure_avg_accel_5m_top3,Pure_acceleration,2022-04,2022-04-01,"NEM,FCX,LMT",avg_accel_5m,0.025650738573814447,-0.12318724967039714,-0.11478842169747043,5.0,avg_accel,avg_accel_5m,,,NEM,0.02778731652271422,-0.1264798709736603,-0.1264798709736603,FCX,0.026917159076339573,-0.20906678172602877,-0.20906678172602877,LMT,0.022247740122389545,-0.034015096311502346,-0.008818612392722192
Pure_avg_accel_5m_top3,Pure_acceleration,2022-05,2022-05-02,"EQT,OXY,NEM",avg_accel_5m,0.034990746706690196,0.13749412571952957,0.13749412571952957,5.0,avg_accel,avg_accel_5m,,,EQT,0.04142204828131918,0.2666893858823096,0.2666893858823096,OXY,0.032832674034954906,0.20789022945206215,0.20789022945206215,NEM,0.030717517803796494,-0.062097238175783054,-0.062097238175783054
Pure_avg_accel_5m_top3,Pure_acceleration,2022-06,2022-06-01,"EQT,OXY,BMY",avg_accel_5m,0.026503336341614798,-0.1399162182132161,-0.020473760613353487,5.0,avg_accel,avg_accel_5m,,,EQT,0.0317919572673592,-0.3118472504767288,-0.06676933087658621,OXY,0.026993865749385233,-0.1401015861667264,-0.026852132967281173,BMY,0.02072418600809997,0.03220018200380692,0.03220018200380692
Pure_avg_accel_5m_top3,Pure_acceleration,2022-07,2022-07-01,"EQT,TPL,OXY",avg_accel_5m,0.026466099597655113,0.16901079551254536,0.2372809084198962,5.0,avg_accel,avg_accel_5m,,,EQT,0.03928278130526118,0.23460724174779646,0.3561388365736011,TPL,0.021013845820599966,0.19317307855163035,0.2240029210164307,OXY,0.019101671667104185,0.07925206623820924,0.13170096766965678
Pure_avg_accel_5m_top3,Pure_acceleration,2022-08,2022-08-01,"EQT,TPL,PWR",avg_accel_5m,0.017437869054484374,0.027834418529764315,0.13741048546515558,5.0,avg_accel,avg_accel_5m,,,EQT,0.022385858230170662,0.09843745501910073,0.09843745501910073,TPL,0.015083099570549936,-0.017673337582910786,0.28764161946540656,PWR,0.01484464936273252,0.0027391381531030046,0.026152381910959477
Pure_avg_accel_5m_top3,Pure_acceleration,2022-09,2022-09-01,"FSLR,ENPH,DECK",avg_accel_5m,0.03207108319110594,0.031761967217174426,0.21764070039712324,5.0,avg_accel,avg_accel_5m,,,FSLR,0.03497472664317226,0.06867959191809336,0.3183666936337284,ENPH,0.0336257080001885,0.016852338915988252,0.11402829886743038,DECK,0.027612814929957034,0.00975397081744167,0.22052710869021097
Pure_avg_accel_5m_top3,Pure_acceleration,2022-10,2022-10-03,"LEU,FSLR,ENPH",avg_accel_5m,0.04152959357819373,0.08701600125175173,0.15262697041885157,5.0,avg_accel,avg_accel_5m,,,LEU,0.05077102119330053,0.12867470247199742,0.12867470247199742,FSLR,0.041798262511882046,0.08746898429311889,0.23364075032769205,ENPH,0.032019497029398616,0.04490431699013886,0.09556545845686526
Pure_avg_accel_5m_top3,Pure_acceleration,2022-11,2022-11-01,"LEU,NFLX,CVNA",avg_accel_5m,0.055858937948212666,-0.18861959314993537,0.01692094096762542,5.0,avg_accel,avg_accel_5m,,,LEU,0.05840802664409975,-0.20324509877777397,-0.0990606185852474,NFLX,0.05673865952429061,0.10531824021325598,0.2623889198040863,CVNA,0.05243012767624763,-0.4679319208852881,-0.11256547831596264
Pure_avg_accel_5m_top3,Pure_acceleration,2022-12,2022-12-01,"NFLX,CVNA,LEU",avg_accel_5m,0.059384859762594715,-0.20138316834860695,0.32966451919319145,5.0,avg_accel,avg_accel_5m,,,NFLX,0.05998105186158241,-0.06941154367482383,0.14210448527523223,CVNA,0.05923026944940986,-0.43050432199645206,0.6678965653429283,LEU,0.05894325797679187,-0.104233639374545,0.17899250696141378
Pure_avg_accel_5m_top3,Pure_acceleration,2023-01,2023-01-03,"RCL,AXON,NFLX",avg_accel_5m,0.05211034665245953,0.26251043044172295,0.3489149490949109,5.0,avg_accel,avg_accel_5m,,,RCL,0.060002023728968915,0.38103028850552056,0.46787104933236945,AXON,0.04833035497444918,0.17920823176452783,0.3515810268972428,NFLX,0.0479986612539605,0.22729277105512047,0.22729277105512047
Pure_avg_accel_5m_top3,Pure_acceleration,2023-02,2023-02-01,"RCL,FCX,NEM",avg_accel_5m,0.04237922408869823,-0.054569472118316864,-0.018646303771948463,5.0,avg_accel,avg_accel_5m,,,RCL,0.04889226400179239,0.06288114138381684,0.06288114138381684,FCX,0.039302106356566016,-0.040392823658860766,-0.040392823658860766,NEM,0.038943301907736275,-0.18619673407990667,-0.07842722904080146
Pure_avg_accel_5m_top3,Pure_acceleration,2023-03,2023-03-01,"RCL,CCL,SHOP",avg_accel_5m,0.05724094332635388,0.009694363786530769,0.24264126930966787,5.0,avg_accel,avg_accel_5m,,,RCL,0.061690251639713,-0.10139862249942477,0.1640557956749542,CCL,0.057717891171463365,-0.05854577041748543,0.11898021097143574,SHOP,0.052314687167885246,0.1890274842765025,0.4448878012826136
Pure_avg_accel_5m_top3,Pure_acceleration,2023-04,2023-04-03,"META,NVDA,CCL",avg_accel_5m,0.04471902595248195,0.04232091998695353,0.5869610501325999,5.0,avg_accel,avg_accel_5m,,,META,0.04705112718864343,0.14131489214142268,0.34237563393102244,NVDA,0.04656590464617745,0.03379233011518212,0.5168024643491358,CCL,0.040540046022624954,-0.048144462295744206,0.9017050521176415
Pure_avg_accel_5m_top3,Pure_acceleration,2023-05,2023-05-01,"CVNA,META,APP",avg_accel_5m,0.05413941391372418,0.6242690696000819,2.4255639789877517,5.0,avg_accel,avg_accel_5m,,,CVNA,0.06826173751487638,1.2799422806869516,6.086579571639579,META,0.05330242966720621,0.12102149666777628,0.32704190049707216,APP,0.040854074559089945,0.47184343144551777,0.8630704648266048
Pure_avg_accel_5m_top3,Pure_acceleration,2023-06,2023-06-01,"CVNA,APP,MSTR",avg_accel_5m,0.0820600325338082,0.31217615377241925,1.1360019560073362,5.0,avg_accel,avg_accel_5m,,,CVNA,0.11945748376179272,0.6329112997652557,2.218354367107713,APP,0.0637026268092093,0.043898516147284905,0.7394280611927835,MSTR,0.06301998703042258,0.2597186454047171,0.45022343972151235
Pure_avg_accel_5m_top3,Pure_acceleration,2023-07,2023-07-03,"CVNA,APP,SMCI",avg_accel_5m,0.08180382556081367,0.49021338845350787,0.6639285891511832,5.0,avg_accel,avg_accel_5m,,,CVNA,0.11286902596102123,0.9034883411463168,0.9709303056267522,APP,0.07415066448030849,0.212577168698437,0.6662808063110277,SMCI,0.05839178624111131,0.35457465551576983,0.35457465551576983
Pure_avg_accel_5m_top3,Pure_acceleration,2023-08,2023-08-01,"APP,CVNA,SMCI",avg_accel_5m,0.04954522486754883,0.08182549289505603,0.08844160130044232,5.0,avg_accel,avg_accel_5m,,,APP,0.05477386283754652,0.3741647536540622,0.3741647536540622,CVNA,0.04795770032625182,0.03543072107277556,0.03543072107277556,SMCI,0.04590411143884814,-0.16411899604166968,-0.14427067082551082
Pure_avg_accel_5m_top3,Pure_acceleration,2023-09,2023-09-01,"CVNA,PLTR,SMCI",avg_accel_5m,0.070541615506148,-0.05275441773036219,0.043644358182396724,5.0,avg_accel,avg_accel_5m,,,CVNA,0.0937468164229202,-0.2281219424048233,-0.2281219424048233,PLTR,0.06050017998810866,0.04611329349094051,0.33530962122921726,SMCI,0.05737785010741513,0.023745395722796214,0.023745395722796214
Pure_avg_accel_5m_top3,Pure_acceleration,2023-10,2023-10-02,"CVNA,SMCI,APP",avg_accel_5m,0.0630183928198584,-0.1884785526600331,0.06110501328310743,5.0,avg_accel,avg_accel_5m,,,CVNA,0.08269114798020014,-0.33783439269138016,0.2450955779093309,SMCI,0.06026923935055158,-0.12667037448307417,-0.011805013053182156,APP,0.046094791128823476,-0.10093089080564499,-0.04997552500682645
Pure_avg_accel_5m_top3,Pure_acceleration,2023-11,2023-11-01,"LEU,TPL,KEY",avg_accel_5m,0.03307390159713625,0.07123600774317218,0.14165330248080085,5.0,avg_accel,avg_accel_5m,,,LEU,0.0402457981110696,-0.06083796206861247,0.01109619306060794,TPL,0.032450452125821684,-0.05047770989516864,-0.05047770989516864,KEY,0.026525454554517474,0.32502369519329766,0.46434142427696323
Pure_avg_accel_5m_top3,Pure_acceleration,2023-12,2023-12-01,"LEU,KEY,TPL",avg_accel_5m,0.03827501765525976,0.03353691212851406,0.03353691212851406,5.0,avg_accel,avg_accel_5m,,,LEU,0.04340517889135666,0.07659397657050082,0.07659397657050082,KEY,0.03576994356967726,0.10514357561231491,0.10514357561231491,TPL,0.03564993050474536,-0.08112681579727354,-0.08112681579727354
Pure_avg_accel_5m_top3,Pure_acceleration,2024-01,2024-01-02,"KEY,LEU,TPL",avg_accel_5m,0.02962615010811284,-0.050245607473987465,0.04060419252088687,5.0,avg_accel,avg_accel_5m,,,KEY,0.03675549797971661,-0.030116268474209673,0.07569686129498776,LEU,0.028900261888986888,-0.02403021153705942,-0.02403021153705942,TPL,0.023222690455635003,-0.09659034241069331,0.07014592780473228
Pure_avg_accel_5m_top3,Pure_acceleration,2024-02,2024-02-01,"T,ENPH,EXR",avg_accel_5m,0.021901882463579856,0.05079764360108544,0.07182907562913961,5.0,avg_accel,avg_accel_5m,,,T,0.0223691507729398,-0.058758481126175544,-0.02993368496819948,ENPH,0.02205486338247206,0.22970410337539926,0.22970410337539926,EXR,0.021281633235327713,-0.018552691445967384,0.015716808480219058
Pure_avg_accel_5m_top3,Pure_acceleration,2024-03,2024-03-01,"DG,PSKY,PODD",avg_accel_5m,0.035650282098375244,0.041693020005313754,0.10002729842163054,5.0,avg_accel,avg_accel_5m,,,DG,0.03734394057535722,0.05420096007948083,0.05420096007948083,PSKY,0.0349815874237415,0.07767274629678167,0.17397548071601454,PODD,0.03462531829602701,-0.006794646360321233,0.07190545446939622
Pure_avg_accel_5m_top3,Pure_acceleration,2024-04,2024-04-01,"SMCI,MSTR,COIN",avg_accel_5m,0.06280563450351725,-0.27552529554189714,-0.09893656541455238,5.0,avg_accel,avg_accel_5m,,,SMCI,0.07152707087472333,-0.2881453556578677,-0.2167766945326116,MSTR,0.06287225893822865,-0.37175723688693996,-0.0057003475212275,COIN,0.05401757369759976,-0.16667329408088383,-0.07433265418981805
Pure_avg_accel_5m_top3,Pure_acceleration,2024-05,2024-05-01,"SMCI,MSTR,COHR",avg_accel_5m,0.07048132153333035,0.305476395323477,0.34051132149916125,5.0,avg_accel,avg_accel_5m,,,SMCI,0.0856252870828915,0.04373555731780132,0.10025735126194513,MSTR,0.07509196084648617,0.582667896645291,0.582667896645291,COHR,0.0507267166706134,0.2900257320073387,0.3386087165902476
Pure_avg_accel_5m_top3,Pure_acceleration,2024-06,2024-06-03,"SMCI,CVNA,MSTR",avg_accel_5m,0.05740450238486829,0.0500246148980675,0.1545728481756988,5.0,avg_accel,avg_accel_5m,,,SMCI,0.08257234269289417,0.054153366288865135,0.054153366288865135,CVNA,0.052333654286249795,0.25656836445624176,0.48059827837499136,MSTR,0.037307510175460926,-0.1606478860509044,-0.07103310013676012
Pure_avg_accel_5m_top3,Pure_acceleration,2024-07,2024-07-01,"MSTR,CVNA,APP",avg_accel_5m,0.04980196472302257,0.056780051269055866,0.38169794940971924,5.0,avg_accel,avg_accel_5m,,,MSTR,0.055179468620125106,0.10676661728117032,0.19102178156195126,CVNA,0.047988966363368815,0.17828708748026978,0.4137514539985796,APP,0.04623745918557378,-0.11471355095427249,0.5403206126686269
Pure_avg_accel_5m_top3,Pure_acceleration,2024-08,2024-08-01,"TPL,FSLR,HPE",avg_accel_5m,0.025218580824681758,-0.011919573918862558,0.19567290048720132,5.0,avg_accel,avg_accel_5m,,,TPL,0.027447821967987732,-0.008348884846807736,0.42671530662635093,FSLR,0.02520764603925605,-0.026361530923734167,0.1014187810622853,HPE,0.023000274466801494,-0.0010483059860457722,0.05888461377296772
Pure_avg_accel_5m_top3,Pure_acceleration,2024-09,2024-09-03,"CHTR,TPL,NEM",avg_accel_5m,0.027302754374790354,0.03740738021563583,0.3406930900439937,5.0,avg_accel,avg_accel_5m,,,CHTR,0.030881807943310767,-0.05043011530379582,0.1385889307404642,TPL,0.028060810183947932,0.12183472688725305,0.8426728103280665,NEM,0.022965644997112365,0.040817529063450264,0.040817529063450264
Pure_avg_accel_5m_top3,Pure_acceleration,2024-10,2024-10-01,"CHTR,RKLB,CHRW",avg_accel_5m,0.02767495007368589,0.09290428922392635,0.6234379930644168,5.0,avg_accel,avg_accel_5m,,,CHTR,0.03209805668190614,0.11412061600325218,0.19905754077777305,RKLB,0.025589133421555096,0.23726984210954827,1.704225387038873,CHRW,0.025337660117596427,-0.0726775904410214,-0.0329689486233955
Pure_avg_accel_5m_top3,Pure_acceleration,2024-11,2024-11-01,"RKLB,TSLA,GL",avg_accel_5m,0.04101014828590628,0.5357446452617488,0.7352149488286711,5.0,avg_accel,avg_accel_5m,,,RKLB,0.05785825380821834,1.1151489076420713,1.4851137452861187,TSLA,0.034748106143652396,0.4342115931621162,0.5410073068506502,GL,0.03042408490584811,0.05787343498105879,0.17952379434924448
Pure_avg_accel_5m_top3,Pure_acceleration,2024-12,2024-12-02,"LEU,RKLB,GL",avg_accel_5m,0.049168873605774883,-0.01625954419582709,0.12151992762309782,5.0,avg_accel,avg_accel_5m,,,LEU,0.07073356750698855,-0.10209770879488689,0.018552185723901493,RKLB,0.04891614410424141,0.03332636617444629,0.17491195835307738,GL,0.02785690920609472,0.019992710032959327,0.1710956387923146
Pure_avg_accel_5m_top3,Pure_acceleration,2025-01,2025-01-02,"RKLB,APP,ALAB",avg_accel_5m,0.08179490269716032,-0.021647546020589048,-0.021647546020589048,5.0,avg_accel,avg_accel_5m,,,RKLB,0.10409075668493839,0.13701923885171485,0.13701923885171485,APP,0.08299394684625509,0.06922582873957994,0.06922582873957994,ALAB,0.05830000456028747,-0.27118770565306194,-0.27118770565306194
Pure_avg_accel_5m_top3,Pure_acceleration,2025-02,2025-02-03,"ALAB,APP,RKLB",avg_accel_5m,0.0893217396185592,-0.24320690304702686,-0.19733625052831405,5.0,avg_accel,avg_accel_5m,,,ALAB,0.09724185921712522,-0.3102323847261268,-0.2945373085702001,APP,0.08574662457340619,-0.07689362389390075,-0.07689362389390075,RKLB,0.08497673506514619,-0.342494700521053,-0.2205778191208413
Pure_avg_accel_5m_top3,Pure_acceleration,2025-03,2025-03-03,"ALAB,APP,RKLB",avg_accel_5m,0.06058539726303702,-0.09102695504278376,0.3299499452692562,5.0,avg_accel,avg_accel_5m,,,ALAB,0.07315549417068908,-0.0837766246760635,0.372931408835105,APP,0.05683544943259694,-0.16197303825227471,0.19140928447613836,RKLB,0.05176524818582507,-0.02733120220001306,0.42550914249652516
Pure_avg_accel_5m_top3,Pure_acceleration,2025-04,2025-04-01,"SMCI,DXCM,COIN",avg_accel_5m,0.04038091313519232,0.043643451042119974,0.5127637665295571,5.0,avg_accel,avg_accel_5m,,,SMCI,0.05539488322647981,-0.06619114822607863,0.3466476972995751,DXCM,0.03362120174462467,0.04367205072391411,0.2702020576925932,COIN,0.032126654434472476,0.15344945062852444,0.921441544596503
Pure_avg_accel_5m_top3,Pure_acceleration,2025-05,2025-05-01,"SMCI,DG,DLTR",avg_accel_5m,0.03182198630792507,0.1515234318064865,0.47181439867557096,5.0,avg_accel,avg_accel_5m,,,SMCI,0.04395358956103061,0.25878403113855963,0.7305224620170716,DG,0.027223619791287717,0.07310874942273093,0.273329667695865,DLTR,0.02428874957145688,0.12267751485816891,0.4115910663137763
Pure_avg_accel_5m_top3,Pure_acceleration,2025-06,2025-06-02,"DG,CVS,HII",avg_accel_5m,0.026377981897398293,0.12870870451275573,0.19357869170916153,5.0,avg_accel,avg_accel_5m,,,DG,0.02927679720251701,0.1865802681982054,0.1865802681982054,CVS,0.02584904552688911,0.09402530513858887,0.1776422469789236,HII,0.024008102962788762,0.10552054020147295,0.2165135599503556
Pure_avg_accel_5m_top3,Pure_acceleration,2025-07,2025-07-01,"SEDG,SMCI,NEM",avg_accel_5m,0.03164124496440685,0.14423809548034003,0.47751507067388926,5.0,avg_accel,avg_accel_5m,,,SEDG,0.03614596360088865,0.1688013963257453,0.7666970655799843,SMCI,0.03098245047856979,0.19999996767205763,0.19999996767205763,NEM,0.027795320813762125,0.06391292244321711,0.4658481787696258
Pure_avg_accel_5m_top3,Pure_acceleration,2025-08,2025-08-01,"SEDG,AMD,DG",avg_accel_5m,0.039677849872598446,0.06573463452226891,0.3471865621345543,5.0,avg_accel,avg_accel_5m,,,SEDG,0.05193394669354337,0.23405094435035845,0.5115459915891523,AMD,0.03371240362053141,-0.05463010943937863,0.5122306261586838,DG,0.03338719930372055,0.017783068655826906,0.017783068655826906
Pure_avg_accel_5m_top3,Pure_acceleration,2025-09,2025-09-02,"LEU,UUUU,AMD",avg_accel_5m,0.0648423357501858,0.3390992896086778,0.6162499629982021,5.0,avg_accel,avg_accel_5m,,,LEU,0.0827119233181378,0.62396383512066,0.6822305716863362,UUUU,0.06592559963010289,0.38292258036406346,0.5669013886455498,AMD,0.045889484302316735,0.010411453341309995,0.5996179286627203
Pure_avg_accel_5m_top3,Pure_acceleration,2025-10,2025-10-01,"ECHO,UUUU,LEU",avg_accel_5m,0.0806357319296959,0.03898863722878151,0.19332824963378678,5.0,avg_accel,avg_accel_5m,,,ECHO,0.08341533919292006,-0.051949650986389595,0.4110691862286262,UUUU,0.08259566854813623,0.1330362313073612,0.1330362313073612,LEU,0.07589618804803144,0.03587933136537291,0.03587933136537291
Pure_avg_accel_5m_top3,Pure_acceleration,2025-11,2025-11-03,"PLUG,ECHO,UUUU",avg_accel_5m,0.10399692930635519,-0.18093788324885207,0.17920581977482974,5.0,avg_accel,avg_accel_5m,,,PLUG,0.13111847055894862,-0.3018181974237615,-0.18909090215509583,ECHO,0.10423781133333812,-0.031444907260395616,0.5463712193780337,UUUU,0.07663450602677883,-0.20955054506239912,0.18033714210155138
Pure_avg_accel_5m_top3,Pure_acceleration,2025-12,2025-12-01,"ECHO,PLUG,UUUU",avg_accel_5m,0.08182256300543632,0.29455727189229347,0.4827309013246701,5.0,avg_accel,avg_accel_5m,,,ECHO,0.09476790927121098,0.5367123329476133,0.6257534288380244,PLUG,0.08375006102415028,0.16145836922805823,0.16145836922805823,UUUU,0.06694971872094768,0.1855011135012088,0.6609809059079277
Pure_avg_accel_5m_top3,Pure_acceleration,2026-01,2026-01-02,"ECHO,CIEN,INTC",avg_accel_5m,0.053183015246293465,0.12319117712946041,0.3342283824523937,5.0,avg_accel,avg_accel_5m,,,ECHO,0.07423589854136323,0.03895527486801398,0.07505792606560391,CIEN,0.04386740538780119,0.09115659960307076,0.6881655643742808,INTC,0.041445741809716,0.23946165691729648,0.23946165691729648
Pure_avg_accel_5m_top3,Pure_acceleration,2026-02,2026-02-02,"CNC,MU,UNH",avg_accel_5m,0.044625511582478405,0.005786555073311457,0.26220016542856867,5.0,avg_accel,avg_accel_5m,,,CNC,0.04883698247282782,0.04205605769034504,0.24626170802360092,MU,0.046234700287010336,-0.05740056734379806,0.23900825436550543,UNH,0.038804851987597054,0.03270417487338739,0.3013305338965997
Pure_avg_accel_5m_top3,Pure_acceleration,2026-03,2026-03-02,"CNC,MU,ALGN",avg_accel_5m,0.026805397186570185,-0.14440198147265618,0.6156570244465608,5.0,avg_accel,avg_accel_5m,,,CNC,0.031707188482574415,-0.23878919451894687,0.39013457670800533,MU,0.026114961933268115,-0.10823535017034125,1.510322902206923,ALGN,0.02259404114386803,-0.08618139972868044,-0.053486405575245755
Pure_avg_accel_6m_top3,Pure_acceleration,2016-01,2016-01-04,"PODD,LUV,LDOS",avg_accel_6m,0.017049870152054242,-0.1157213082673532,-0.025232799298269087,6.0,avg_accel,avg_accel_6m,,,PODD,0.02054422419548587,-0.10388564884385132,-0.09552079828250104,LUV,0.0170005451544783,-0.08698776070630077,0.06386602345128001,LDOS,0.013604841106198548,-0.1562905152519075,-0.044043623063586224
Pure_avg_accel_6m_top3,Pure_acceleration,2016-02,2016-02-01,"ENPH,NVDA,LUV",avg_accel_6m,0.014830113312438395,0.08469942011972176,0.15821314771999173,6.0,avg_accel,avg_accel_6m,,,ENPH,0.015326434942743822,0.020920481222442833,0.07112963615630563,NVDA,0.014692834947423938,0.12181975252068455,0.23828334270754992,LUV,0.014471070047147427,0.11135802661603789,0.16522646429611965
Pure_avg_accel_6m_top3,Pure_acceleration,2016-03,2016-03-01,"FSLR,ENPH,SMCI",avg_accel_6m,0.023223053268830698,-0.001524707432125923,0.021699313590920328,6.0,avg_accel,avg_accel_6m,,,FSLR,0.025560643280628015,-0.022312277036129258,-0.022312277036129258,ENPH,0.02221224011115097,-0.02049178325562906,0.0491802798135097,SMCI,0.021896276414713107,0.03822993799538055,0.03822993799538055
Pure_avg_accel_6m_top3,Pure_acceleration,2016-04,2016-04-01,"ENPH,TRMB,FSLR",avg_accel_6m,0.0286974444115964,-0.053582510776260896,-0.03175949760796615,6.0,avg_accel,avg_accel_6m,,,ENPH,0.0333289163796429,0.07112963615630563,0.07112963615630563,TRMB,0.026901923073813137,-0.044710537564718544,0.020758501940165708,FSLR,0.025861493781333157,-0.18716663092036978,-0.18716663092036978
Pure_avg_accel_6m_top3,Pure_acceleration,2016-05,2016-05-02,"LEU,ENPH,FCX",avg_accel_6m,0.04715344357258464,-0.14882243575378604,-0.059563182380220625,6.0,avg_accel,avg_accel_6m,,,LEU,0.0735109369947911,-0.04516124864274451,0.08387096724574694,ENPH,0.039097865235963834,-0.18359376527951132,-0.18359376527951132,FCX,0.02885152848699902,-0.21771229333910225,-0.0789667491068975
Pure_avg_accel_6m_top3,Pure_acceleration,2016-06,2016-06-01,"LEU,ENPH,FCX",avg_accel_6m,0.05309981410938822,0.04789634261695116,0.09919674478190321,6.0,avg_accel,avg_accel_6m,,,LEU,0.07212072765833277,0.13513508506549265,0.18243241719384562,ENPH,0.049166046922457254,-0.062200900172767803,-0.062200900172767803,FCX,0.03801266774737465,0.07075484295812862,0.17735871732463182
Pure_avg_accel_6m_top3,Pure_acceleration,2016-07,2016-07-01,"LEU,FCX,TRGP",avg_accel_6m,0.058719173482291,-0.023595972716915603,0.14332733486790014,6.0,avg_accel,avg_accel_6m,,,LEU,0.0862858704760702,-0.05654756688510587,0.1517857161863727,FCX,0.04608398255084697,0.09955955377422643,0.09955955377422643,TRGP,0.04378766741995581,-0.11379990503986737,0.17863673464310126
Pure_avg_accel_6m_top3,Pure_acceleration,2016-08,2016-08-01,"LEU,TRGP,FCX",avg_accel_6m,0.06850406772850694,0.03610646579018806,0.15754337058955503,6.0,avg_accel,avg_accel_6m,,,LEU,0.09542311273586401,0.10410091979930125,0.24921133843524013,TRGP,0.05815899768613886,0.17489169346108557,0.3299894023325787,FCX,0.051930092763517954,-0.17067321588982265,-0.1065706289991537
Pure_avg_accel_6m_top3,Pure_acceleration,2016-09,2016-09-01,"LEU,TRGP,FCX",avg_accel_6m,0.05824381149283339,0.09019156475739543,0.4730222806009383,6.0,avg_accel,avg_accel_6m,,,LEU,0.09182691800759286,0.10571425301688064,0.7457143238612585,TRGP,0.04393823448588615,0.1320102182479428,0.22117833776573237,FCX,0.038966281985021174,0.032850223007362844,0.4521741801758241
Pure_avg_accel_6m_top3,Pure_acceleration,2016-10,2016-10-03,"WMB,DVN,TRGP",avg_accel_6m,0.03927935867958036,-0.10024219712660065,0.1074459100667166,6.0,avg_accel,avg_accel_6m,,,WMB,0.04765065243322023,-0.06725439707614445,0.033683456593670114,DVN,0.036470503465573595,-0.14728514549635952,0.08257915887950085,TRGP,0.03371692013994725,-0.086187048807298,0.20607511472697881
Pure_avg_accel_6m_top3,Pure_acceleration,2016-11,2016-11-01,"WMB,MU,TRGP",avg_accel_6m,0.03462819968689887,0.10653553594843139,0.31040615906194474,6.0,avg_accel,avg_accel_6m,,,WMB,0.045195655887984174,0.05075258563827578,0.1082158450850983,MU,0.03198117652649542,0.0883392230218214,0.45759723744777636,TRGP,0.02670776664621701,0.18051479918519697,0.3654053946529596
Pure_avg_accel_6m_top3,Pure_acceleration,2016-12,2016-12-01,"WMB,MU,DHR",avg_accel_6m,0.02325236957359719,0.0998005969251683,0.1762418579207267,6.0,avg_accel,avg_accel_6m,,,WMB,0.026737787089414565,0.05468771643508896,0.05468771643508896,MU,0.023004265277649295,0.22023804043493533,0.3392857728684022,DHR,0.0200150563537277,0.024476033905480588,0.13475208445868891
Pure_avg_accel_6m_top3,Pure_acceleration,2017-01,2017-01-03,"ZBRA,CFG,MS",avg_accel_6m,0.022136771052514877,-0.008107693365282312,0.08687462564013604,6.0,avg_accel,avg_accel_6m,,,ZBRA,0.022483474592618236,-0.04220289147418477,0.06005797455276274,CFG,0.022417367654948107,0.02148250969387555,0.10826249901840468,MS,0.02150947090997829,-0.0036026983155377224,0.0923034033492407
Pure_avg_accel_6m_top3,Pure_acceleration,2017-02,2017-02-01,"ZBRA,VLO,CFG",avg_accel_6m,0.020652093113118778,0.08052122553104901,0.09722622233958982,6.0,avg_accel,avg_accel_6m,,,ZBRA,0.023189522329230054,0.09805106420863674,0.14816605463425914,VLO,0.020350312408987856,0.05855766846624766,0.05855766846624766,CFG,0.018416444601138428,0.08495494391826264,0.08495494391826264
Pure_avg_accel_6m_top3,Pure_acceleration,2017-03,2017-03-01,"CF,COHR,SMCI",avg_accel_6m,0.02166100928443467,-0.07366424901090658,-0.07366424901090658,6.0,avg_accel,avg_accel_6m,,,CF,0.02513762859320955,-0.11601876727156513,-0.11601876727156513,COHR,0.021160834893442927,-0.046703315705380444,-0.046703315705380444,SMCI,0.018684564366651522,-0.05827066405577419,-0.05827066405577419
Pure_avg_accel_6m_top3,Pure_acceleration,2017-04,2017-04-03,"LEU,ENPH,LUV",avg_accel_6m,0.022389830231941233,-0.07703105900663865,-0.04049530101935498,6.0,avg_accel,avg_accel_6m,,,LEU,0.02547343239229834,-0.14922811268341052,-0.14922811268341052,ENPH,0.021456216848487652,-0.12408755948391248,-0.12408755948391248,LUV,0.020239841455037717,0.04222249514740706,0.15182976910925805
Pure_avg_accel_6m_top3,Pure_acceleration,2017-05,2017-05-01,"ENPH,NRG,UUUU",avg_accel_6m,0.03013642815425277,-0.16700857658234378,0.08923837092104181,6.0,avg_accel,avg_accel_6m,,,ENPH,0.03543874002050947,-0.35000004967053533,-0.2000000496705352,NRG,0.02902158591373934,0.005398888279310787,0.4733017494036986,UUUU,0.0259489585285095,-0.15642456835580676,-0.005586586970037999
Pure_avg_accel_6m_top3,Pure_acceleration,2017-06,2017-06-01,"NRG,PLUG,ENPH",avg_accel_6m,0.02895203343218829,0.076392606912231,0.32682097786755154,6.0,avg_accel,avg_accel_6m,,,NRG,0.03009481257490565,0.02446315586943859,0.4821171630987029,PLUG,0.029836904276726823,0.10215050352144872,0.24193544355565155,ENPH,0.026924383444932403,0.1025641613458057,0.25641032694830024
Pure_avg_accel_6m_top3,Pure_acceleration,2017-07,2017-07-03,"PLUG,SEDG,VRTX",avg_accel_6m,0.02613668550331906,0.16025380848849627,0.3456794361472355,6.0,avg_accel,avg_accel_6m,,,PLUG,0.030607930728320132,0.12682926659070604,0.34146344583705446,SEDG,0.025512531876270735,0.15920392014225593,0.4303482315604703,VRTX,0.022289593905366313,0.19472823873252687,0.26522663104418176
Pure_avg_accel_6m_top3,Pure_acceleration,2017-08,2017-08-01,"PLUG,SEDG,VRTX",avg_accel_6m,0.029727898302689366,0.05528606912075092,0.22988611242713533,6.0,avg_accel,avg_accel_6m,,,PLUG,0.04238456930535807,-0.051948003693320643,0.22077922211963008,SEDG,0.024052005416075547,0.15879832120570625,0.4098712253119088,VRTX,0.022747120186634474,0.05900788984986716,0.05900788984986716
Pure_avg_accel_6m_top3,Pure_acceleration,2017-09,2017-09-01,"PLUG,SEDG,VRTX",avg_accel_6m,0.03119491942866669,0.08627458950350486,0.17162041777644102,6.0,avg_accel,avg_accel_6m,,,PLUG,0.0460457161887684,0.25570772974786626,0.2876711687496176,SEDG,0.026097041414525096,0.06481481481481488,0.288888860631872,VRTX,0.021442000682706575,-0.06169877605216656,-0.06169877605216656
Pure_avg_accel_6m_top3,Pure_acceleration,2017-10,2017-10-02,"PLUG,SEDG,FSLR",avg_accel_6m,0.02913065094576524,0.12688440568383563,0.2805754363053217,6.0,avg_accel,avg_accel_6m,,,PLUG,0.03922097062592468,0.02545452117919922,0.02545452117919922,SEDG,0.024617194188847478,0.142608642578125,0.32347823433254086,FSLR,0.02355378802252357,0.21259005329418268,0.49279355340422515
Pure_avg_accel_6m_top3,Pure_acceleration,2017-11,2017-11-01,"FSLR,PANW,SEDG",avg_accel_6m,0.02150070024486021,0.03728146805694695,0.16595120756472656,6.0,avg_accel,avg_accel_6m,,,FSLR,0.029432210596241976,0.05401153997617425,0.23107850781789585,PANW,0.019707488096106514,-0.0015278923811865575,0.10847980271558577,SEDG,0.015362402042232128,0.05936075657585316,0.15829531216069803
Pure_avg_accel_6m_top3,Pure_acceleration,2017-12,2017-12-01,"ENPH,RL,GNRC",avg_accel_6m,0.017479762157893087,-0.005135403166410517,0.10787671888498496,6.0,avg_accel,avg_accel_6m,,,ENPH,0.017960773175727463,-0.10344833823077981,0.14137925307901122,RL,0.017749516485031792,0.1024070121609586,0.1719902837381242,GNRC,0.01672899681292,-0.014364883429410336,0.010260619837819451
Pure_avg_accel_6m_top3,Pure_acceleration,2018-01,2018-01-02,"ENPH,RL,DVN",avg_accel_6m,0.03114480845228156,-0.03416725979083046,0.2658327707756552,6.0,avg_accel,avg_accel_6m,,,ENPH,0.060121121640590455,-0.16538455542727826,0.7346155362721787,RL,0.01712369857685377,0.06311940218954804,0.06311940218954804,DVN,0.016189605139400463,-0.00023662613476116423,-0.00023662613476116423
Pure_avg_accel_6m_top3,Pure_acceleration,2018-02,2018-02-01,"ENPH,FCX,GWW",avg_accel_6m,0.035892099437122564,0.14806154203259939,0.3654103773288458,6.0,avg_accel,avg_accel_6m,,,ENPH,0.06398124725711427,0.5253455421220792,1.0783410462290313,FCX,0.022462467250998007,-0.046786617535819475,-0.046786617535819475,GWW,0.021232583803255413,-0.03437429848846152,0.06467670329332553
Pure_avg_accel_6m_top3,Pure_acceleration,2018-03,2018-03-01,"ENPH,GWW,AKAM",avg_accel_6m,0.03547138658467046,0.15465684612836764,0.36061236311032746,6.0,avg_accel,avg_accel_6m,,,ENPH,0.05610552139296811,0.3625378570534372,0.7462236585281175,GWW,0.029180564062571655,0.08185079283180996,0.21664991418208457,AKAM,0.021128074298471616,0.01958188849985576,0.11896351662078031
Pure_avg_accel_6m_top3,Pure_acceleration,2018-04,2018-04-02,"ENPH,GWW,AXON",avg_accel_6m,0.030621111404872392,-0.009733934839585512,0.4539170151375591,6.0,avg_accel,avg_accel_6m,,,ENPH,0.04924616833652526,-0.09977832888355831,0.5831484488096834,GWW,0.022434194349263373,0.019158114971834284,0.12460047378384753,AXON,0.020182971528828548,0.05141840939296749,0.6540021228191464
Pure_avg_accel_6m_top3,Pure_acceleration,2018-05,2018-05-01,"ENPH,DXCM,AXON",avg_accel_6m,0.03229516452340447,0.41768745283179975,0.5827872039295762,6.0,avg_accel,avg_accel_6m,,,ENPH,0.041319274539429476,0.42364539193842177,0.7586206815553396,DXCM,0.03245151472737625,0.2563019173596952,0.3414633842077457,AXON,0.02311470430340767,0.5731150491972823,0.6482775460256431
Pure_avg_accel_6m_top3,Pure_acceleration,2018-06,2018-06-01,"CMG,AXON,DXCM",avg_accel_6m,0.024397775295948703,0.021346566844101005,0.24764049041163125,6.0,avg_accel,avg_accel_6m,,,CMG,0.03098276033550163,0.009575445114696546,0.08861885292951222,AXON,0.022164770084986983,-0.013323165481209154,0.07013773334788342,DXCM,0.020045795467357484,0.06778742089881562,0.5841648849574981
Pure_avg_accel_6m_top3,Pure_acceleration,2018-07,2018-07-02,"AXON,CMG,DXCM",avg_accel_6m,0.02777859699339191,0.010308264867167774,0.21549244762136688,6.0,avg_accel,avg_accel_6m,,,AXON,0.03730520734215876,0.06192763999488937,0.08458787711358084,CMG,0.02437550202896422,-0.0004290048637780597,0.07829371068532232,DXCM,0.02165508160905275,-0.030573840529607987,0.4835957550651975
Pure_avg_accel_6m_top3,Pure_acceleration,2018-08,2018-08-01,"AXON,CVNA,DXCM",avg_accel_6m,0.029121819234642046,0.3637587380048249,0.3637587380048249,6.0,avg_accel,avg_accel_6m,,,AXON,0.034549667063143115,0.021338777017613664,0.021338777017613664,CVNA,0.03142568891429448,0.5395519191605136,0.5395519191605136,DXCM,0.021390101726488548,0.5303855178363475,0.5303855178363475
Pure_avg_accel_6m_top3,Pure_acceleration,2018-09,2018-09-04,"CVNA,DXCM,UUUU",avg_accel_6m,0.02672827835446645,-0.06632236599572812,-0.04083904710947198,6.0,avg_accel,avg_accel_6m,,,CVNA,0.02835535494541739,-0.14656964038661902,-0.14656964038661902,DXCM,0.026701279946110146,-0.08414345811009982,-0.0648363780569291,UUUU,0.02512820017187182,0.03174600050953447,0.08888887711513216
Pure_avg_accel_6m_top3,Pure_acceleration,2018-10,2018-10-01,"AMD,CVNA,DXCM",avg_accel_6m,0.0337620685903371,-0.18910426803390223,-0.15063374997366288,6.0,avg_accel,avg_accel_6m,,,AMD,0.04268232692938145,-0.35646087637630963,-0.24538513599935996,CVNA,0.03590896682803142,-0.22759701378977826,-0.22759701378977826,DXCM,0.02269491201359842,0.016745086064381187,0.02108089986814954
Pure_avg_accel_6m_top3,Pure_acceleration,2018-11,2018-11-01,"AMD,TKO,WST",avg_accel_6m,0.027605446067464883,0.08493577888563093,0.13889003993776736,6.0,avg_accel,avg_accel_6m,,,AMD,0.04270688741995258,0.1726013793093042,0.21216622459002643,TKO,0.023126754240671545,0.02578735788675446,0.14808529576244145,WST,0.01698269654177053,0.05641859946083416,0.05641859946083416
Pure_avg_accel_6m_top3,Pure_acceleration,2018-12,2018-12-03,"HWM,UUUU,CASY",avg_accel_6m,0.015958258018521024,-0.12043924738646294,-0.06840671180103042,6.0,avg_accel,avg_accel_6m,,,HWM,0.01608719385270501,-0.13754674041826576,-0.12818573355503815,UUUU,0.016069685417160896,-0.18950439729348345,-0.11078720322013824,CASY,0.015717894785697167,-0.034266604447639626,0.03375280137208514
Pure_avg_accel_6m_top3,Pure_acceleration,2019-01,2019-01-02,"HWM,CI,CMCSA",avg_accel_6m,0.017267124715258386,0.03466292415555076,0.09079482525078857,6.0,avg_accel,avg_accel_6m,,,HWM,0.02233774480745296,-0.003232628266497062,0.06274799265867825,CI,0.01511336729143944,0.036811357010241075,0.036811357010241075,CMCSA,0.01435026204688276,0.07041004372290827,0.17282512608344636
Pure_avg_accel_6m_top3,Pure_acceleration,2019-02,2019-02-01,"HWM,SBUX,CMI",avg_accel_6m,0.011800718641951447,0.040017755112911946,0.14803902893733722,6.0,avg_accel,avg_accel_6m,,,HWM,0.013322689317382012,0.014132242036130283,0.1638114110372344,SBUX,0.011733127355602568,0.04565789297442824,0.1440986789810188,CMI,0.010346339252869763,0.06026313032817732,0.13620699679375847
Pure_avg_accel_6m_top3,Pure_acceleration,2019-03,2019-03-01,"LEU,GEN,SBUX",avg_accel_6m,0.012867250980549055,0.021117764884661622,0.09244031751819189,6.0,avg_accel,avg_accel_6m,,,LEU,0.014200854653367529,-0.00983605634714435,0.1245902034038826,GEN,0.013637327699252539,0.02929368563198609,0.05858830861828257,SBUX,0.010763570589027096,0.04389566536914313,0.0941424405324105
Pure_avg_accel_6m_top3,Pure_acceleration,2019-04,2019-04-01,"LEU,ENPH,FSLR",avg_accel_6m,0.016942496205726052,0.22080668689066263,0.4447144695197364,6.0,avg_accel,avg_accel_6m,,,LEU,0.01995217434509854,0.1357616186821642,0.1357616186821642,ENPH,0.017474448916824325,0.4017277776896653,0.9762417694097951,FSLR,0.01340086535525529,0.12493066430015842,0.2221400204672499
Pure_avg_accel_6m_top3,Pure_acceleration,2019-05,2019-05-01,"LEU,FSLR,GEN",avg_accel_6m,0.022184196398915657,-0.09462187078120339,0.007873596264154995,6.0,avg_accel,avg_accel_6m,,,LEU,0.029881336911474755,-0.002915449057909525,-0.002915449057909525,FSLR,0.019566042789380126,-0.03482830571850515,0.09791363567854394,GEN,0.017105209495892098,-0.2461218575671955,-0.07137739782816943
Pure_avg_accel_6m_top3,Pure_acceleration,2019-06,2019-06-03,"ENPH,LEU,SMCI",avg_accel_6m,0.03437746653475337,0.05071031398903103,0.30108165105154866,6.0,avg_accel,avg_accel_6m,,,ENPH,0.03653558742665826,0.16486309310149871,0.9159771042890517,LEU,0.03525861406478053,-0.011695895017748925,-0.011695895017748925,SMCI,0.031338198112821326,-0.0010362561166566975,-0.0010362561166566975
Pure_avg_accel_6m_top3,Pure_acceleration,2019-07,2019-07-01,"ENPH,LEU,PLUG",avg_accel_6m,0.03962341246905665,0.17787479402351666,0.2866730237007924,6.0,avg_accel,avg_accel_6m,,,ENPH,0.050442824973740266,0.6448088325879386,0.6448088325879386,LEU,0.03751370821814966,-0.07100591757714814,0.09467453325685127,PLUG,0.030913704215280023,-0.04017853294024054,0.12053570525758728
Pure_avg_accel_6m_top3,Pure_acceleration,2019-08,2019-08-01,"ENPH,PCG,PLUG",avg_accel_6m,0.03668540350149998,-0.16626323596921153,-0.06703845486887694,6.0,avg_accel,avg_accel_6m,,,ENPH,0.039569526101508636,-0.07973420558518562,-0.07973420558518562,PCG,0.03822263229001587,-0.4144043441737567,-0.4144043441737567,PLUG,0.032264052112975436,-0.004651158148692214,0.2930231851523115
Pure_avg_accel_6m_top3,Pure_acceleration,2019-09,2019-09-03,"PCG,CVNA,ENPH",avg_accel_6m,0.034565082574711276,-0.14587771857017026,-0.037049230105412244,6.0,avg_accel,avg_accel_6m,,,PCG,0.036890328742178756,-0.06338712213757092,-0.06338712213757092,CVNA,0.03400802917531215,-0.15800049156988782,0.15548856225629648,ENPH,0.03279688980664292,-0.21624554200305202,-0.2032491304349623
Pure_avg_accel_6m_top3,Pure_acceleration,2019-10,2019-10-01,"PODD,QCOM,SEDG",avg_accel_6m,0.022960799717114382,0.002509777329217718,0.17527023333790925,6.0,avg_accel,avg_accel_6m,,,PODD,0.02445497112871329,-0.1004115084422813,0.11711596051700535,QCOM,0.022305450722995467,0.1074597710998888,0.18428108116495112,SEDG,0.022121977299634395,0.0004810693300456581,0.2244136583317713
Pure_avg_accel_6m_top3,Pure_acceleration,2019-11,2019-11-01,"SEDG,PODD,TGT",avg_accel_6m,0.020103362298300998,0.12694517462556687,0.24338983273445539,6.0,avg_accel,avg_accel_6m,,,SEDG,0.02456114451507209,-0.0176704072311874,0.22382491370044444,PODD,0.021987458493545872,0.24180774987752263,0.33014747420053103,TGT,0.013761483886285028,0.15669818123036539,0.1761971103023907
Pure_avg_accel_6m_top3,Pure_acceleration,2019-12,2019-12-02,"TSLA,BIIB,GNRC",avg_accel_6m,0.02482016707840296,0.11248010235175743,0.5225669742893589,6.0,avg_accel,avg_accel_6m,,,TSLA,0.03408720732089675,0.28485679293232424,1.3292620693396717,BIIB,0.021562243661234846,0.006327081956481573,0.1214131749426679,GNRC,0.01881105025307728,0.046256432166466466,0.11702567858573709
Pure_avg_accel_6m_top3,Pure_acceleration,2020-01,2020-01-02,"TSLA,CVS,BIIB",avg_accel_6m,0.02179834780644964,0.21611745415595943,0.2786061317579537,6.0,avg_accel,avg_accel_6m,,,TSLA,0.030746254638990406,0.8128573411078648,0.8128573411078648,CVS,0.017523017437308518,-0.0914014578340171,-0.0914014578340171,BIIB,0.017125771343049993,-0.07310352080596938,0.11436251200001335
Pure_avg_accel_6m_top3,Pure_acceleration,2020-02,2020-02-03,"TSLA,LEU,STT",avg_accel_6m,0.025184425998626466,0.04949512295309052,0.04949512295309052,6.0,avg_accel,avg_accel_6m,,,TSLA,0.030508647479934137,-0.04664098299466646,-0.04664098299466646,LEU,0.02416238595955822,0.2923795709904131,0.2923795709904131,STT,0.02088224455638704,-0.09725321913647511,-0.09725321913647511
Pure_avg_accel_6m_top3,Pure_acceleration,2020-03,2020-03-02,"TSLA,LEU,STT",avg_accel_6m,0.035884636051332575,-0.33170338598455335,0.07604710417098326,6.0,avg_accel,avg_accel_6m,,,TSLA,0.056023923940656875,-0.35241120487373445,0.20774045142001563,LEU,0.027697245849322066,-0.38387489446176903,0.10348972481964225,STT,0.023932738364018782,-0.2588240586181566,-0.0830888637267081
Pure_avg_accel_6m_top3,Pure_acceleration,2020-04,2020-04-01,"TSLA,PCG,LEU",avg_accel_6m,0.03916035549981,0.3230731374104259,0.8835868718624272,6.0,avg_accel,avg_accel_6m,,,TSLA,0.0521795156079346,0.45635015080435526,1.325006169890199,PCG,0.03407773944304862,0.20427551943047617,0.4097386959144069,LEU,0.031223811448446763,0.3085937419964464,0.916015749782676
Pure_avg_accel_6m_top3,Pure_acceleration,2020-05,2020-05-01,"PCG,TSLA,ZS",avg_accel_6m,0.027390135392149517,0.36545750034996366,0.7570977779341268,6.0,avg_accel,avg_accel_6m,,,PCG,0.040019296135793185,0.17061143664291878,0.17061143664291878,TSLA,0.021809806839084768,0.28058520999750747,1.1174357512021218,ZS,0.0203413032015706,0.6451758544094648,0.9832461459573396
Pure_avg_accel_6m_top3,Pure_acceleration,2020-06,2020-06-01,"EQT,PCG,ENPH",avg_accel_6m,0.03902362413594389,-0.17610623579005225,0.1021017467108452,6.0,avg_accel,avg_accel_6m,,,EQT,0.04969998452061019,-0.11111100533560725,0.21911435281297642,PCG,0.04524627593766632,-0.23925865917967304,-0.23167638282096215,ENPH,0.022124611949555156,-0.17794904285487645,0.3188672701405213
Pure_avg_accel_6m_top3,Pure_acceleration,2020-07,2020-07-01,"ZS,PCG,EQT",avg_accel_6m,0.042187488373334185,0.18940237844780916,0.29640217942898334,6.0,avg_accel,avg_accel_6m,,,ZS,0.044546810971963634,0.18895165717137408,0.4291094750017428,PCG,0.04101320180359788,0.007751994462861012,0.08859357957601488,EQT,0.04100245234444103,0.3715034837091924,0.3715034837091924
Pure_avg_accel_6m_top3,Pure_acceleration,2020-08,2020-08-03,"ZS,EQT,CRWD",avg_accel_6m,0.04055199908663435,0.14684662631080195,0.14684662631080195,6.0,avg_accel,avg_accel_6m,,,ZS,0.04453170833402342,0.20199123856871215,0.20199123856871215,EQT,0.03919136950056429,-0.005736069234722474,-0.005736069234722474,CRWD,0.037932919425315355,0.2442847095984162,0.2442847095984162
Pure_avg_accel_6m_top3,Pure_acceleration,2020-09,2020-09-01,"EQT,ZS,CRWD",avg_accel_6m,0.04233850436700982,-0.09580692926678958,-0.010003576354862043,6.0,avg_accel,avg_accel_6m,,,EQT,0.05578133789516602,-0.1871796046512999,-0.00833330606309124,ZS,0.03885766044696036,-0.09453440250820178,-0.04819282068998332,CRWD,0.03237651475890308,-0.0057067806408670485,0.02651539768848843
Pure_avg_accel_6m_top3,Pure_acceleration,2020-10,2020-10-01,"TRGP,CVNA,EQT",avg_accel_6m,0.05086028424771268,0.0626575572287867,0.4044734450697414,6.0,avg_accel,avg_accel_6m,,,TRGP,0.05333133876908085,0.19091446224275055,0.9386636139061275,CVNA,0.050962414528461356,-0.22297354617133602,0.05472496568815122,EQT,0.048287099445595824,0.2200317556149456,0.2200317556149456
Pure_avg_accel_6m_top3,Pure_acceleration,2020-11,2020-11-02,"CVNA,RCL,PLUG",avg_accel_6m,0.05166007478418145,0.4373948093763585,1.3095391276698496,6.0,avg_accel,avg_accel_6m,,,CVNA,0.05646261709320627,0.35738617455194155,0.4282471526369682,RCL,0.05082141803591671,0.37302715525935537,0.37302715525935537,PLUG,0.04769618922342137,0.5817710983177786,3.1273430751132247
Pure_avg_accel_6m_top3,Pure_acceleration,2020-12,2020-12-01,"PLUG,IVZ,FDX",avg_accel_6m,0.04266162930782493,0.0754252936123511,0.6785243850791584,6.0,avg_accel,avg_accel_6m,,,PLUG,0.054222177560367235,0.3146709878078564,1.6093175425336028,IVZ,0.03827144284623838,0.02976932704487134,0.5134220422499272,FDX,0.035491267516869165,-0.11816443401567445,-0.08716642954605502
Pure_avg_accel_6m_top3,Pure_acceleration,2021-01,2021-01-04,"MSTR,TPR,IVZ",avg_accel_6m,0.042481644484410136,0.24285171967925237,0.5461594395536823,6.0,avg_accel,avg_accel_6m,,,MSTR,0.04854850933535726,0.4923099157639259,0.8400828859214236,TPR,0.04141626985535664,-0.026291507771165068,0.2687255947927061,IVZ,0.03748015426251652,0.2625367510449963,0.5296698379469174
Pure_avg_accel_6m_top3,Pure_acceleration,2021-02,2021-02-01,"MSTR,TPR,GE",avg_accel_6m,0.04799277743436775,0.25223231877799424,0.3367709505688599,6.0,avg_accel,avg_accel_6m,,,MSTR,0.05980315520615733,0.23304339566722643,0.23304339566722643,TPR,0.04733004984261146,0.3029829819893757,0.5240185973302234,GE,0.036845127254334475,0.2206705786773806,0.25325085870913
Pure_avg_accel_6m_top3,Pure_acceleration,2021-03,2021-03-01,"MSTR,TPR,GE",avg_accel_6m,0.047146672241419864,-0.03280805224978519,0.04964994734716188,6.0,avg_accel,avg_accel_6m,,,MSTR,0.06492785088674809,-0.10081284387317058,-0.10081284387317058,TPR,0.038982968174748715,-0.01132551301235818,0.16963814447014003,GE,0.03752919766276282,0.013714200136173194,0.0801245414445162
Pure_avg_accel_6m_top3,Pure_acceleration,2021-04,2021-04-01,"MSTR,OXY,GE",avg_accel_6m,0.04133426334744877,-0.043017910687671836,0.06372146909916317,6.0,avg_accel,avg_accel_6m,,,MSTR,0.06019454564324074,-0.09656606773890541,-0.07490482776389873,OXY,0.03206344703562249,-0.0452883895030507,0.2005573370338949,GE,0.03174479736348308,0.012800725178940597,0.06551189802749335
Pure_avg_accel_6m_top3,Pure_acceleration,2021-05,2021-05-03,"UUUU,MSTR,OXY",avg_accel_6m,0.05644220891444804,0.004660692008292259,0.1515623375229059,6.0,avg_accel,avg_accel_6m,,,UUUU,0.060475920130758275,0.17320260826813838,0.17320260826813838,MSTR,0.055566635713975,-0.24835592382056437,0.023976562315733974,OXY,0.053284070898610834,0.08913539157730277,0.25750784198484533
Pure_avg_accel_6m_top3,Pure_acceleration,2021-06,2021-06-01,"UUUU,TPL,FANG",avg_accel_6m,0.0462800440349199,0.028350080568336693,0.028350080568336693,6.0,avg_accel,avg_accel_6m,,,UUUU,0.05240572386261857,-0.14484679480746898,-0.14484679480746898,TPL,0.04540136842615353,0.07991465519795526,0.07991465519795526,FANG,0.0410330398159876,0.1499823813145238,0.1499823813145238
Pure_avg_accel_6m_top3,Pure_acceleration,2021-07,2021-07-01,"TPL,FE,EOG",avg_accel_6m,0.02061044864174354,-0.07186938061726145,-0.011167217332135512,6.0,avg_accel,avg_accel_6m,,,TPL,0.023207714257178925,-0.08477915176806738,-0.08477915176806738,FE,0.019855132145955096,0.021242810616486807,0.057845019145916776,EOG,0.018768499522096603,-0.15207180070020376,-0.006567519374255926
Pure_avg_accel_6m_top3,Pure_acceleration,2021-08,2021-08-02,"NUE,FTNT,ECHO",avg_accel_6m,0.015738236950229006,0.1356274228672444,0.1539442333735889,6.0,avg_accel,avg_accel_6m,,,NUE,0.018895505715056306,0.13891047415047608,0.13891047415047608,FTNT,0.014589286644810536,0.08379594680037283,0.13874637831940628,ECHO,0.013729918490820173,0.18417584765088435,0.18417584765088435
Pure_avg_accel_6m_top3,Pure_acceleration,2021-09,2021-09-01,"DPZ,NUE,NVDA",avg_accel_6m,0.016641834953756453,-0.10300506593748648,0.11288885183595854,6.0,avg_accel,avg_accel_6m,,,DPZ,0.0182938313036628,-0.07655149196975508,-0.0054468112233073684,NUE,0.017423571411485594,-0.15675410124363143,-0.05684240572634447,NVDA,0.014208102146120963,-0.07570960459907294,0.40095577245752745
Pure_avg_accel_6m_top3,Pure_acceleration,2021-10,2021-10-01,"DPZ,DDOG,NVDA",avg_accel_6m,0.017514168815618122,0.13760605094747333,0.27466786628434536,6.0,avg_accel,avg_accel_6m,,,DPZ,0.018325999128295946,0.025912050719723023,0.16654276616330876,DDOG,0.017420105723814083,0.14175129007369858,0.14175129007369858,NVDA,0.016796401594744333,0.24515481204899836,0.5157095426160287
Pure_avg_accel_6m_top3,Pure_acceleration,2021-11,2021-11-01,"DDOG,RMD,RKLB",avg_accel_6m,0.014272966564743276,0.006226211408253006,0.014064110992106804,6.0,avg_accel,avg_accel_6m,,,DDOG,0.020963940134233555,-0.004055679063694084,-0.004055679063694084,RMD,0.011161703721735684,-0.04248303149236021,-0.018969332740798817,RKLB,0.01069325583826059,0.06521734478081331,0.06521734478081331
Pure_avg_accel_6m_top3,Pure_acceleration,2021-12,2021-12-01,"DDOG,FSLR,AMD",avg_accel_6m,0.023247820144087675,-0.041722963421555494,-0.041722963421555494,6.0,avg_accel,avg_accel_6m,,,DDOG,0.026277385885283118,-0.004254524727622333,-0.004254524727622333,FSLR,0.021926671236007937,-0.12849269615328085,-0.12849269615328085,AMD,0.021539403310971972,0.007578330616236695,0.007578330616236695
Pure_avg_accel_6m_top3,Pure_acceleration,2022-01,2022-01-03,"LEU,TSLA,AMD",avg_accel_6m,0.02477045158430627,-0.20860310346099675,-0.16600084109859617,6.0,avg_accel,avg_accel_6m,,,LEU,0.028348337538258172,-0.17928288611416876,-0.17928288611416876,TSLA,0.024301235113535664,-0.2238160575856306,-0.09600927049842889,AMD,0.021661782101124974,-0.22271036668319089,-0.22271036668319089
Pure_avg_accel_6m_top3,Pure_acceleration,2022-02,2022-02-01,"TSLA,LEU,PLUG",avg_accel_6m,0.027136249909813143,0.0027499821031794123,0.1323765265860626,6.0,avg_accel,avg_accel_6m,,,TSLA,0.02806983122674781,-0.07181745726121591,0.1646604369186646,LEU,0.027727251844227873,-0.005085469591808889,-0.005085469591808889,PLUG,0.025611666658463754,0.08515287316256304,0.23755461243133214
Pure_avg_accel_6m_top3,Pure_acceleration,2022-03,2022-03-01,"HAL,LEU,PLUG",avg_accel_6m,0.02012654187454146,0.03459568309620057,0.06512060153588702,6.0,avg_accel,avg_accel_6m,,,HAL,0.02182647827566926,0.20149495727443223,0.29306971259349157,LEU,0.019400699541343,-0.2381505525549874,-0.2381505525549874,PLUG,0.01915244780661212,0.1404426445691569,0.1404426445691569
Pure_avg_accel_6m_top3,Pure_acceleration,2022-04,2022-04-01,"DLTR,HAL,OXY",avg_accel_6m,0.018544765459406084,-0.013288553498858527,0.10427757760551189,6.0,avg_accel,avg_accel_6m,,,DLTR,0.020679711172093683,0.02477584136294886,0.02477584136294886,HAL,0.017538207390832106,-0.06791110136528389,0.07621734470429642,OXY,0.017416377815292455,0.0032695995057594462,0.2118395467492904
Pure_avg_accel_6m_top3,Pure_acceleration,2022-05,2022-05-02,"NEM,EQT,VRTX",avg_accel_6m,0.019867286054127634,0.07767721721286491,0.10046696150756533,6.0,avg_accel,avg_accel_6m,,,NEM,0.020554032199415203,-0.062097238175783054,-0.062097238175783054,EQT,0.019985464052536102,0.2666893858823096,0.2666893858823096,VRTX,0.0190623619104316,0.028439503932068178,0.09680873681616942
Pure_avg_accel_6m_top3,Pure_acceleration,2022-06,2022-06-01,"EQT,NEM,VLO",avg_accel_6m,0.024081686534778633,-0.19596351789306943,-0.10514728017477389,6.0,avg_accel,avg_accel_6m,,,EQT,0.030212193221814992,-0.3118472504767288,-0.06676933087658621,NEM,0.02104890676078668,-0.09067938703835587,-0.09067938703835587,VLO,0.020983959621734233,-0.18536391616412362,-0.1579931226093796
Pure_avg_accel_6m_top3,Pure_acceleration,2022-07,2022-07-01,"EQT,OXY,VLO",avg_accel_6m,0.030853208916563374,0.11286203336468088,0.17901327357624694,6.0,avg_accel,avg_accel_6m,,,EQT,0.03704002712200478,0.23460724174779646,0.3561388365736011,OXY,0.03209742135370931,0.07925206623820924,0.13170096766965678,VLO,0.023422178273976017,0.024726792108036966,0.04920001648548289
Pure_avg_accel_6m_top3,Pure_acceleration,2022-08,2022-08-01,"TPL,EQT,LDOS",avg_accel_6m,0.01326883517496278,-0.0050647383581075385,0.12489989113567172,6.0,avg_accel,avg_accel_6m,,,TPL,0.015767432980844875,-0.017673337582910786,0.28764161946540656,EQT,0.013453429293778135,0.09843745501910073,0.09843745501910073,LDOS,0.010585643250265328,-0.09595833251051256,-0.011379401077492135
Pure_avg_accel_6m_top3,Pure_acceleration,2022-09,2022-09-01,"ENPH,TPL,EQT",avg_accel_6m,0.020695421002786474,-0.01243993893734959,0.14909910871727208,6.0,avg_accel,avg_accel_6m,,,ENPH,0.021759631229138317,0.016852338915988252,0.11402829886743038,TPL,0.020906937639606764,0.04429470629947141,0.4317358893118943,EQT,0.019419694139614342,-0.09846686202750843,-0.09846686202750843
Pure_avg_accel_6m_top3,Pure_acceleration,2022-10,2022-10-03,"FSLR,SMCI,DECK",avg_accel_6m,0.0193614177795169,0.15681208579375627,0.3427749845288415,6.0,avg_accel,avg_accel_6m,,,FSLR,0.024334031566720725,0.08746898429311889,0.23364075032769205,SMCI,0.018896884245996348,0.25915544925381284,0.5859470811833045,DECK,0.014853337525833638,0.12381182383433709,0.20873712207552786
Pure_avg_accel_6m_top3,Pure_acceleration,2022-11,2022-11-01,"FSLR,LEU,NFLX",avg_accel_6m,0.03172256022964512,0.01216259810302959,0.1252959788371705,6.0,avg_accel,avg_accel_6m,,,FSLR,0.035520520685981626,0.13441465287360677,0.21255963529267263,LEU,0.0342436925491972,-0.20324509877777397,-0.0990606185852474,NFLX,0.025403467453756524,0.10531824021325598,0.2623889198040863
Pure_avg_accel_6m_top3,Pure_acceleration,2022-12,2022-12-01,"NFLX,LEU,FSLR",avg_accel_6m,0.04264052907499088,-0.10257931034402927,0.16070900585884051,6.0,avg_accel,avg_accel_6m,,,NFLX,0.04557950773684315,-0.06941154367482383,0.14210448527523223,LEU,0.04390318205086121,-0.104233639374545,0.17899250696141378,FSLR,0.03843889743726827,-0.13409274798271897,0.16103002533987554
Pure_avg_accel_6m_top3,Pure_acceleration,2023-01,2023-01-03,"NFLX,SHOP,FSLR",avg_accel_6m,0.04771618709616788,0.29011211281127974,0.35484193584947876,6.0,avg_accel,avg_accel_6m,,,NFLX,0.05132338751073,0.22729277105512047,0.22729277105512047,SHOP,0.05065569346652584,0.40863222790506626,0.40863222790506626,FSLR,0.04116948031124782,0.23441133947365245,0.42860080858824956
Pure_avg_accel_6m_top3,Pure_acceleration,2023-02,2023-02-01,"RCL,NFLX,SHOP",avg_accel_6m,0.035258938221023606,-0.09109231946848795,-0.008775307551617298,6.0,avg_accel,avg_accel_6m,,,RCL,0.03642713450180331,0.06288114138381684,0.06288114138381684,NFLX,0.03485459763445,-0.1340092699700961,-0.03787403374582732,SHOP,0.03449508252681751,-0.20214882981918458,-0.05133303029284142
Pure_avg_accel_6m_top3,Pure_acceleration,2023-03,2023-03-01,"CVNA,RCL,COIN",avg_accel_6m,0.04295009997023121,-0.025046909766217706,0.3069844891638752,6.0,avg_accel,avg_accel_6m,,,CVNA,0.047469499116100364,0.042648763598271744,0.7732885422141715,RCL,0.04077569869160593,-0.10139862249942477,0.1640557956749542,COIN,0.04060510210298733,-0.01639087039750009,-0.01639087039750009
Pure_avg_accel_6m_top3,Pure_acceleration,2023-04,2023-04-03,"RCL,NVDA,CCL",avg_accel_6m,0.042503088884258404,0.009379312831797937,0.6749109587717008,6.0,avg_accel,avg_accel_6m,,,RCL,0.045326627254271924,0.04249007067595589,0.6062253598483254,NVDA,0.041419853645021855,0.03379233011518212,0.5168024643491358,CCL,0.040762785753481426,-0.048144462295744206,0.9017050521176415
Pure_avg_accel_6m_top3,Pure_acceleration,2023-05,2023-05-01,"CVNA,META,NVDA",avg_accel_6m,0.042750186845200135,0.5922041189707592,2.3408233509525833,6.0,avg_accel,avg_accel_6m,,,CVNA,0.044855405632795,1.2799422806869516,6.086579571639579,META,0.04253934984229496,0.12102149666777628,0.32704190049707216,NVDA,0.04085580506051044,0.3756485795575497,0.608848580721099
Pure_avg_accel_6m_top3,Pure_acceleration,2023-06,2023-06-01,"META,CVNA,APP",avg_accel_6m,0.04015926270979044,0.24200033572671606,1.0471872005097593,6.0,avg_accel,avg_accel_6m,,,META,0.045300932584852696,0.049191191267607515,0.18377917322878212,CVNA,0.04285345186932037,0.6329112997652557,2.218354367107713,APP,0.032323403675198266,0.043898516147284905,0.7394280611927835
Pure_avg_accel_6m_top3,Pure_acceleration,2023-07,2023-07-03,"CVNA,APP,PLTR",avg_accel_6m,0.06959247566230214,0.46802697367487284,0.6417421743725482,6.0,avg_accel,avg_accel_6m,,,CVNA,0.10965255597699455,0.9034883411463168,0.9709303056267522,APP,0.058968403212862675,0.212577168698437,0.6662808063110277,PLTR,0.04015646779704919,0.28801541117986473,0.28801541117986473
Pure_avg_accel_6m_top3,Pure_acceleration,2023-08,2023-08-01,"CVNA,APP,TSLA",avg_accel_6m,0.0664543816814291,0.1160264529565637,0.12444055825629093,6.0,avg_accel,avg_accel_6m,,,CVNA,0.09345939960238778,0.03543072107277556,0.03543072107277556,APP,0.05979375263212392,0.3741647536540622,0.3741647536540622,TSLA,0.04610999280977562,-0.06151611585714667,-0.03627379995796498
Pure_avg_accel_6m_top3,Pure_acceleration,2023-09,2023-09-01,"CVNA,APP,SMCI",avg_accel_6m,0.05635485316791631,-0.08641677902631158,-0.08641677902631158,6.0,avg_accel,avg_accel_6m,,,CVNA,0.07359916395555066,-0.2281219424048233,-0.2281219424048233,APP,0.04976282456325694,-0.05487379039690765,-0.05487379039690765,SMCI,0.04570257098494135,0.023745395722796214,0.023745395722796214
Pure_avg_accel_6m_top3,Pure_acceleration,2023-10,2023-10-02,"CVNA,APP,PLTR",avg_accel_6m,0.05128426376657611,-0.16640622865578067,0.15718947841682443,6.0,avg_accel,avg_accel_6m,,,CVNA,0.07327815510977534,-0.33783439269138016,0.2450955779093309,APP,0.0499204345515956,-0.10093089080564499,-0.04997552500682645,PLTR,0.030654201638357415,-0.06045340247031683,0.27644838234796887
Pure_avg_accel_6m_top3,Pure_acceleration,2023-11,2023-11-01,"CVNA,APP,PLTR",avg_accel_6m,0.04359252741028672,0.25172683060281376,0.4516646663173203,6.0,avg_accel,avg_accel_6m,,,CVNA,0.06312109793614891,0.3543670688439846,0.8803386406159583,APP,0.03441086045476249,0.04223431075853745,0.11607624613008327,PLTR,0.03324562383994878,0.3585791122059192,0.3585791122059192
Pure_avg_accel_6m_top3,Pure_acceleration,2023-12,2023-12-01,"TPL,LEU,CF",avg_accel_6m,0.02633904705006723,0.02164034715244778,0.027882770848767002,6.0,avg_accel,avg_accel_6m,,,TPL,0.029325713059689913,-0.08112681579727354,-0.08112681579727354,LEU,0.02869081120397532,0.07659397657050082,0.07659397657050082,CF,0.021000616886536455,0.06945388068411606,0.08818115177307373
Pure_avg_accel_6m_top3,Pure_acceleration,2024-01,2024-01-02,"KEY,TPL,LEU",avg_accel_6m,0.024397458711985603,-0.050245607473987465,0.04060419252088687,6.0,avg_accel,avg_accel_6m,,,KEY,0.030535379760459214,-0.030116268474209673,0.07569686129498776,TPL,0.02449278343591912,-0.09659034241069331,0.07014592780473228,LEU,0.018164212939578477,-0.02403021153705942,-0.02403021153705942
Pure_avg_accel_6m_top3,Pure_acceleration,2024-02,2024-02-01,"KEY,ERIE,LEU",avg_accel_6m,0.023577691291112906,-0.005145280578377302,0.04029306137917695,6.0,avg_accel,avg_accel_6m,,,KEY,0.029929672693594467,0.01601755312583797,0.10909877785323352,ERIE,0.02040522768759421,0.16513448502236772,0.16513448502236772,LEU,0.020398173492150035,-0.1965878798833376,-0.1533540787380704
Pure_avg_accel_6m_top3,Pure_acceleration,2024-03,2024-03-01,"KEY,TFC,T",avg_accel_6m,0.017101406589091473,0.07014658085440557,0.08594957070174021,6.0,avg_accel,avg_accel_6m,,,KEY,0.01915372362707734,0.09161379588475205,0.09161379588475205,TFC,0.016446529120070753,0.08820171731758353,0.08820171731758353,T,0.015703967020126327,0.03062422936088116,0.07803319890288507
Pure_avg_accel_6m_top3,Pure_acceleration,2024-04,2024-04-01,"MSTR,COIN,XYZ",avg_accel_6m,0.03720241880666115,-0.23930171848569803,-0.08650254206677195,6.0,avg_accel,avg_accel_6m,,,MSTR,0.04934723929117378,-0.37175723688693996,-0.0057003475212275,COIN,0.034103111939294946,-0.16667329408088383,-0.07433265418981805,XYZ,0.028156905189514712,-0.17947462448927032,-0.17947462448927032
Pure_avg_accel_6m_top3,Pure_acceleration,2024-05,2024-05-01,"MSTR,XYZ,COIN",avg_accel_6m,0.043395008690825305,0.2153506450259278,0.21849214908300282,6.0,avg_accel,avg_accel_6m,,,MSTR,0.05994305876105684,0.582667896645291,0.582667896645291,XYZ,0.03565182335723376,-0.03800109852329436,-0.03800109852329436,COIN,0.034590143954185325,0.10138513695578677,0.11080964912701186
Pure_avg_accel_6m_top3,Pure_acceleration,2024-06,2024-06-03,"SMCI,MSTR,SEDG",avg_accel_6m,0.03414259970755291,-0.20240784379928653,-0.1546927319214821,6.0,avg_accel,avg_accel_6m,,,SMCI,0.044855528796175353,0.054153366288865135,0.054153366288865135,MSTR,0.029012111154602206,-0.1606478860509044,-0.07103310013676012,SEDG,0.02856015917188116,-0.5007290116358203,-0.4471984619165513
Pure_avg_accel_6m_top3,Pure_acceleration,2024-07,2024-07-01,"SMCI,MSTR,NVDA",avg_accel_6m,0.038015699725074674,-0.06235922919840975,-0.013357002815371258,6.0,avg_accel,avg_accel_6m,,,SMCI,0.044686925188663816,-0.17244439193214467,-0.17244439193214467,MSTR,0.03925300167119254,0.10676661728117032,0.19102178156195126,NVDA,0.03010717231536767,-0.1213999129442549,-0.05864839807592037
Pure_avg_accel_6m_top3,Pure_acceleration,2024-08,2024-08-01,"CVNA,MSTR,NVDA",avg_accel_6m,0.03397719510400777,-0.07187772579724135,0.44094296960638046,6.0,avg_accel,avg_accel_6m,,,CVNA,0.03936389902169475,-0.013650065322653337,0.5634725824499975,MSTR,0.03783014609962405,-0.1909036195530026,0.519437013148633,NVDA,0.024737540190704503,-0.011079492516068101,0.23991931322051085
Pure_avg_accel_6m_top3,Pure_acceleration,2024-09,2024-09-03,"TPL,FSLR,MMM",avg_accel_6m,0.022561869369862802,0.1001778595797315,0.34045722072666934,6.0,avg_accel,avg_accel_6m,,,TPL,0.025596356910174912,0.12183472688725305,0.8426728103280665,FSLR,0.021546015513557556,0.13123999928561814,0.13123999928561814,MMM,0.02054323568585593,0.04745885256632332,0.04745885256632332
Pure_avg_accel_6m_top3,Pure_acceleration,2024-10,2024-10-01,"CHTR,CHRW,TPL",avg_accel_6m,0.017892218631106887,0.10797329379382666,0.2695471421702506,6.0,avg_accel,avg_accel_6m,,,CHTR,0.02031828291053007,0.11412061600325218,0.19905754077777305,CHRW,0.016717412528725124,-0.0726775904410214,-0.0329689486233955,TPL,0.01664096045406546,0.2824768558192492,0.6425528343563742
Pure_avg_accel_6m_top3,Pure_acceleration,2024-11,2024-11-01,"RKLB,LEU,CHTR",avg_accel_6m,0.02488861207719087,0.31477668897002925,0.438098301518045,6.0,avg_accel,avg_accel_6m,,,RKLB,0.03276660197576425,1.1151489076420713,1.4851137452861187,LEU,0.02180105800757688,-0.24705558166872332,-0.24705558166872332,CHTR,0.02009817624823148,0.07623674093673971,0.07623674093673971
Pure_avg_accel_6m_top3,Pure_acceleration,2024-12,2024-12-02,"LEU,RKLB,TPL",avg_accel_6m,0.037075380567899226,-0.09407832123755244,0.032840230287343876,6.0,avg_accel,avg_accel_6m,,,LEU,0.04484944798165193,-0.10209770879488689,0.018552185723901493,RKLB,0.04012839938818576,0.03332636617444629,0.17491195835307738,TPL,0.026248294333860007,-0.21346362109221673,-0.09494345321494724
Pure_avg_accel_6m_top3,Pure_acceleration,2025-01,2025-01-02,"RKLB,LEU,APP",avg_accel_6m,0.050251353173410535,0.10394979350745359,0.11353789688641491,6.0,avg_accel,avg_accel_6m,,,RKLB,0.07788032127560503,0.13701923885171485,0.13701923885171485,LEU,0.0397215326669369,0.10560431293106598,0.13436862306794994,APP,0.033152205577689685,0.06922582873957994,0.06922582873957994
Pure_avg_accel_6m_top3,Pure_acceleration,2025-02,2025-02-03,"RKLB,LEU,APP",avg_accel_6m,0.048142197934669735,-0.13112383428155058,-0.09048487381481334,6.0,avg_accel,avg_accel_6m,,,RKLB,0.06619294233910936,-0.342494700521053,-0.2205778191208413,LEU,0.0401218729023786,0.02601682157030205,0.02601682157030205,APP,0.03811177856252126,-0.07689362389390075,-0.07689362389390075
Pure_avg_accel_6m_top3,Pure_acceleration,2025-03,2025-03-03,"RKLB,APP,ALAB",avg_accel_6m,0.05709596571968043,-0.09102695504278376,0.3299499452692562,6.0,avg_accel,avg_accel_6m,,,RKLB,0.06459585117704952,-0.02733120220001306,0.42550914249652516,APP,0.05578846544733831,-0.16197303825227471,0.19140928447613836,ALAB,0.05090358053465345,-0.0837766246760635,0.372931408835105
Pure_avg_accel_6m_top3,Pure_acceleration,2025-04,2025-04-01,"ALAB,APP,SMCI",avg_accel_6m,0.03404945952495176,0.012908533491769347,0.4222664708793012,6.0,avg_accel,avg_accel_6m,,,ALAB,0.03669040530815042,0.11627161900222505,0.4984680000657009,APP,0.03503791140678479,-0.011354870300838371,0.4216837152726276,SMCI,0.03042006185992006,-0.06619114822607863,0.3466476972995751
Pure_avg_accel_6m_top3,Pure_acceleration,2025-05,2025-05-01,"SMCI,SEDG,DLTR",avg_accel_6m,0.026246035361171687,0.2483659814005131,0.726531179161432,6.0,avg_accel,avg_accel_6m,,,SMCI,0.03452945822080759,0.25878403113855963,0.7305224620170716,SEDG,0.023622584843190637,0.36363639820481075,1.0374800091534482,DLTR,0.020586063019516834,0.12267751485816891,0.4115910663137763
Pure_avg_accel_6m_top3,Pure_acceleration,2025-06,2025-06-02,"SMCI,DLTR,DG",avg_accel_6m,0.02317628445503685,0.14822067967841987,0.27289360759752107,6.0,avg_accel,avg_accel_6m,,,SMCI,0.025290909223522277,0.14563106526437664,0.3747572412813567,DLTR,0.02259915685402155,0.11245070557267756,0.2573433133130012,DG,0.021638787287566734,0.1865802681982054,0.1865802681982054
Pure_avg_accel_6m_top3,Pure_acceleration,2025-07,2025-07-01,"SMCI,DG,SEDG",avg_accel_6m,0.023293205245899857,0.1049615022542214,0.30986814583293704,6.0,avg_accel,avg_accel_6m,,,SMCI,0.024796812850148772,0.19999996767205763,0.19999996767205763,DG,0.02447503741363034,-0.053916857235138727,-0.03709259575323076,SEDG,0.020607765473920465,0.1688013963257453,0.7666970655799843
Pure_avg_accel_6m_top3,Pure_acceleration,2025-08,2025-08-01,"SEDG,SMCI,DG",avg_accel_6m,0.03553777104962034,-0.009393375027002623,0.15143124956731227,6.0,avg_accel,avg_accel_6m,,,SEDG,0.03899023037722159,0.23405094435035845,0.5115459915891523,SMCI,0.036936801194602076,-0.2800141380871932,-0.07503531154304233,DG,0.03068628157703735,0.017783068655826906,0.017783068655826906
Pure_avg_accel_6m_top3,Pure_acceleration,2025-09,2025-09-02,"SEDG,AMD,HII",avg_accel_6m,0.030424332397522052,0.09857066418530214,0.3339405776999913,6.0,avg_accel,avg_accel_6m,,,SEDG,0.040324860482089046,0.22486514718796746,0.22486514718796746,AMD,0.025638615008514064,0.010411453341309995,0.5996179286627203,HII,0.025309521701963038,0.060435392026628953,0.1773386572492861
Pure_avg_accel_6m_top3,Pure_acceleration,2025-10,2025-10-01,"UUUU,ECHO,SEDG",avg_accel_6m,0.04611960761597403,-0.02260000368575965,0.13217115747156202,6.0,avg_accel,avg_accel_6m,,,UUUU,0.05334462844429379,0.1330362313073612,0.1330362313073612,ECHO,0.044911674160761916,-0.051949650986389595,0.4110691862286262,SEDG,0.04010252024286638,-0.14888659137825055,-0.14759194512130136
Pure_avg_accel_6m_top3,Pure_acceleration,2025-11,2025-11-03,"LEU,PLUG,ECHO",avg_accel_6m,0.07085740177783093,-0.20013790927678674,0.050588048012018404,6.0,avg_accel,avg_accel_6m,,,LEU,0.07963143925833373,-0.2671506231462031,-0.20551617318688264,PLUG,0.07074694363538467,-0.3018181974237615,-0.18909090215509583,ECHO,0.06219382243977436,-0.031444907260395616,0.5463712193780337
Pure_avg_accel_6m_top3,Pure_acceleration,2025-12,2025-12-01,"PLUG,ECHO,UUUU",avg_accel_6m,0.07261868712906173,0.29455727189229347,0.4827309013246701,6.0,avg_accel,avg_accel_6m,,,PLUG,0.08492974922012045,0.16145836922805823,0.16145836922805823,ECHO,0.071000960841151,0.5367123329476133,0.6257534288380244,UUUU,0.06192535132591372,0.1855011135012088,0.6609809059079277
Pure_avg_accel_6m_top3,Pure_acceleration,2026-01,2026-01-02,"ECHO,PLUG,UUUU",avg_accel_6m,0.04925524507181273,0.07709432516742505,0.16170189622387135,6.0,avg_accel,avg_accel_6m,,,ECHO,0.05509747669035377,0.03895527486801398,0.07505792606560391,PLUG,0.052496657632600044,-0.06726461618137258,0.00896860123562826,UUUU,0.040171600892484394,0.2595923168156338,0.4010791613703819
Pure_avg_accel_6m_top3,Pure_acceleration,2026-02,2026-02-02,"ECHO,CIEN,MU",avg_accel_6m,0.045033330206924016,0.09278471715065077,0.4298664050850147,6.0,avg_accel,avg_accel_6m,,,ECHO,0.0631220862840353,0.018275394231196174,0.0568854318302654,CIEN,0.040818251169261896,0.3174793245645542,0.9937055290592733,MU,0.03115965316747484,-0.05740056734379806,0.23900825436550543
Pure_avg_accel_6m_top3,Pure_acceleration,2026-03,2026-03-02,"MU,CIEN,CNC",avg_accel_6m,0.037020918430098616,-0.057570265876893435,0.8369177919853193,6.0,avg_accel,avg_accel_6m,,,MU,0.044387363626968226,-0.10823535017034125,1.510322902206923,CIEN,0.03436181786108635,0.1743137470586078,0.6102958970410295,CNC,0.03231357380224128,-0.23878919451894687,0.39013457670800533
